channelImage,channelLink,channelName,rank,thumbnailUrl,videoLink
https://i.playboard.app/p/211bb8c95e4185a59d4c9dd93a5a6e27/100x100.jpg,https://youtube.com/channel/UCiVs2pnGW5mLIc1jS2nxhjg,김프로KIMPRO,1,https://img.youtube.com/vi/DxD_3wQhSKE/mqdefault.jpg,https://youtube.com/video/DxD_3wQhSKE?channelId=UCiVs2pnGW5mLIc1jS2nxhjg
https://i.playboard.app/p/AIdro_myo6O63TGagCxbQa25E5cYAMTx2kBPbwSlqb6d8Ydae2U/100x100.jpg,https://youtube.com/channel/UCF4Wxdo3inmxP-Y59wXDsFw,MBCNEWS,2,https://img.youtube.com/vi/N_XJyxOfCNk/mqdefault.jpg,https://youtube.com/video/N_XJyxOfCNk?channelId=UCF4Wxdo3inmxP-Y59wXDsFw
https://i.playboard.app/p/huo8anjEzTu67FuF6mO6ui8beFyZ2rECX6-WkshXZlEfohUB1R8o66jGRbhAErooLYAXxH9U27E/100x100.jpg,https://youtube.com/channel/UCsU-I-vHLiaMfV_ceaYz5rQ,JTBC News,3,https://img.youtube.com/vi/98PfPOT9pY8/mqdefault.jpg,https://youtube.com/video/98PfPOT9pY8?channelId=UCsU-I-vHLiaMfV_ceaYz5rQ
https://i.playboard.app/p/Sd77hfGXNh1K4VgLCnYVrzWVkUKh04N5VDClPweoP-sbaZXzH3llUz2W1N_-Z4RX5_XauYpvSQ/100x100.jpg,https://youtube.com/channel/UChlgI3UHCOnwUGzWzbJ3H5w,YTN,4,https://img.youtube.com/vi/3zO9RCqPMsw/mqdefault.jpg,https://youtube.com/video/3zO9RCqPMsw?channelId=UChlgI3UHCOnwUGzWzbJ3H5w
https://i.playboard.app/p/SqFZwlQcqLs4JMZd3lthkg79kCHi68eerNpkkahvEYSPWhm2afUNqFkbMC6J6JJcy9JJ_DzQ8w/100x100.jpg,https://youtube.com/channel/UCkinYTS9IHqOEwR1Sze2JTw,SBS 뉴스,5,https://img.youtube.com/vi/Im33QRCffZc/mqdefault.jpg,https://youtube.com/video/Im33QRCffZc?channelId=UCkinYTS9IHqOEwR1Sze2JTw
https://i.playboard.app/p/ESeFH2AUcsxtnfxFOPxL3OBkZzpLmxF39-NAjXM5DiVj7qcVvL-2Wt6DINB0RjHAKzJdNEiJ/100x100.jpg,https://youtube.com/channel/UCkLNHZZsC3LKdUAroKNwOOw,CuRe 구래,6,https://img.youtube.com/vi/8F6Jq_hveoM/mqdefault.jpg,https://youtube.com/video/8F6Jq_hveoM?channelId=UCkLNHZZsC3LKdUAroKNwOOw
https://i.playboard.app/p/JvNGk1DSwYDCLjyRZYZK1lSkFBSgawOf7RXc33tNuiT7kfAmzkSKO_O0OeaPAdEdiyQOH7XBEw/100x100.jpg,https://youtube.com/channel/UCj2RJkSyo6Ud2_nWQAhdsrw,Clutchmaker,7,https://img.youtube.com/vi/Vonw1jYcldQ/mqdefault.jpg,https://youtube.com/video/Vonw1jYcldQ?channelId=UCj2RJkSyo6Ud2_nWQAhdsrw
https://i.playboard.app/p/mnLpFg2moh5k6HkGl9h2YDFqlSJkWqQMt6Rdc-497l8lAN_Cs2rPVP3nmWgIRGL3SeSs6hPrNec/100x100.jpg,https://youtube.com/channel/UCXckXSwBPzOtbBZ1mDuNJSg,Lala and Lulu,8,https://img.youtube.com/vi/YIgS5oYy5xo/mqdefault.jpg,https://youtube.com/video/YIgS5oYy5xo?channelId=UCXckXSwBPzOtbBZ1mDuNJSg
https://i.playboard.app/p/n3dYugaO9tsQ4oco8yyXSf9g0nfZJEwmYqc1CUx3J-ExgQaELcmSYJQ18hvp2NE9g5yXrXPSUw/100x100.jpg,https://youtube.com/channel/UCWuLbEABJ8AmK7H_2bA8Y-w,BEATPELLA HOUSE,9,https://img.youtube.com/vi/d79Ws4tyvPs/mqdefault.jpg,https://youtube.com/video/d79Ws4tyvPs?channelId=UCWuLbEABJ8AmK7H_2bA8Y-w
https://i.playboard.app/p/AATXAJzHC0nJG9rHSkikGgNtDIDf9HZ4AlI4BJ1g-TrFEA/100x100.jpg,https://youtube.com/channel/UCFWIofVBqseX6Bmd9Dn7kgg,성창경TV,10,https://img.youtube.com/vi/MI0uHDTDpZU/mqdefault.jpg,https://youtube.com/video/MI0uHDTDpZU?channelId=UCFWIofVBqseX6Bmd9Dn7kgg
https://i.playboard.app/p/G2lASKfm7KYhJP1l_qdeR5bPimAkRW5Q8z_ePYAX-uxSf_SdknnHNvHQ0G4vSoVD5kVTgLmq/100x100.jpg,https://youtube.com/channel/UCnXNukjRxXGD8aeZGRV-lYg,스포타임,11,https://img.youtube.com/vi/TlPD2fTdvYI/mqdefault.jpg,https://youtube.com/video/TlPD2fTdvYI?channelId=UCnXNukjRxXGD8aeZGRV-lYg
https://i.playboard.app/p/XtYafwY24d9_WRjkvLb4x1NIKq-eUPGaUD-Bmp105NrFZ1XK9GePXOhIaOO7ReuHWd7q_I-_/100x100.jpg,https://youtube.com/channel/UCfq4V1DAuaojnr2ryvWNysw,채널A News,12,https://img.youtube.com/vi/ERVuJK1UHvc/mqdefault.jpg,https://youtube.com/video/ERVuJK1UHvc?channelId=UCfq4V1DAuaojnr2ryvWNysw
https://i.playboard.app/p/p_TzMY_9ZD6SloHm0gOizOC7zQ-W1ZgmZrKLrGu73W6awgdKSwccPBXaKZBpVhaHm72xHd7-xA/100x100.jpg,https://youtube.com/channel/UC_QyROt6pCllCR_If616k1w,Oopsie Heroes,13,https://img.youtube.com/vi/pTrtifvWbug/mqdefault.jpg,https://youtube.com/video/pTrtifvWbug?channelId=UC_QyROt6pCllCR_If616k1w
https://i.playboard.app/p/3ADH5DY_RrwsY2DrNJgvs5X0rGfpfg4UGOxiim0JQpzcqnX8TZOr4tLeGLKFgGE-eonoyn8oV8g/100x100.jpg,https://youtube.com/channel/UCWGk_-J9WJxgFBAgJXi4ilA,JTV뉴스,14,https://img.youtube.com/vi/8Do6m8xwNKI/mqdefault.jpg,https://youtube.com/video/8Do6m8xwNKI?channelId=UCWGk_-J9WJxgFBAgJXi4ilA
https://i.playboard.app/p/_vDZUuMkyh541lbAJVuOJfZsRrYRHq-B-0mAnMiTLHqWMZ8b3z5P7WndUtxFDwbJ0_emebP1jQ/100x100.jpg,https://youtube.com/channel/UCFxTcCyo3BKGp61kVFP8anQ,Maner Man,15,https://img.youtube.com/vi/FZ4JOe6B4eA/mqdefault.jpg,https://youtube.com/video/FZ4JOe6B4eA?channelId=UCFxTcCyo3BKGp61kVFP8anQ
https://i.playboard.app/p/Vk63TZr8EN-cKYWeSg1JnE9UroOd8gx2Bt4dQB2Jts67OiuKwJC69cHR6Ddhk5ENBXW9Qp38pEA/100x100.jpg,https://youtube.com/channel/UC2qKQjnZI_tnG7XemGBOHxQ,Jeffrey X,16,https://img.youtube.com/vi/gcBEyuy83as/mqdefault.jpg,https://youtube.com/video/gcBEyuy83as?channelId=UC2qKQjnZI_tnG7XemGBOHxQ
https://i.playboard.app/p/2696d31695b58f7b8451bd60295d6bd5/100x100.jpg,https://youtube.com/channel/UCcQTRi69dsVYHN3exePtZ1A,KBS News,17,https://img.youtube.com/vi/wcoyyBQo9M0/mqdefault.jpg,https://youtube.com/video/wcoyyBQo9M0?channelId=UCcQTRi69dsVYHN3exePtZ1A
https://i.playboard.app/p/2f7c0b8a4522352d2d9f585548787be8/100x100.jpg,https://youtube.com/channel/UCx5xUie-SBVsryNyHxd8Egw,Corngak,18,https://img.youtube.com/vi/5RQpffPpziQ/mqdefault.jpg,https://youtube.com/video/5RQpffPpziQ?channelId=UCx5xUie-SBVsryNyHxd8Egw
https://i.playboard.app/p/pKH9agFC_9OZQvNcs0kiwd_oPYhxN3fZeLnGQIUQztVeBHn3KTPQdSsysjd14VhjDwAdb3eqviI/100x100.jpg,https://youtube.com/channel/UCAAvO0ehWox1bbym3rXKBZw,김어준의 겸손은힘들다 뉴스공장,19,https://img.youtube.com/vi/woFV2rAN4jE/mqdefault.jpg,https://youtube.com/video/woFV2rAN4jE?channelId=UCAAvO0ehWox1bbym3rXKBZw
https://i.playboard.app/p/AtOfk6Ivk4KYoHNxFu4VOUez9H8d5uN4tNWO95wruz1_cfXWKn_FuEHmXjOl7kaE9MUzieaDuw/100x100.jpg,https://youtube.com/channel/UCWlV3Lz_55UaX4JsMj-z__Q,뉴스TVCHOSUN,20,https://img.youtube.com/vi/ij-tOjJvz_8/mqdefault.jpg,https://youtube.com/video/ij-tOjJvz_8?channelId=UCWlV3Lz_55UaX4JsMj-z__Q
