category,categoryId,channelTitle,commentCount,country,description,id,likeCount,publishedAt,tags,title,url,viewCount
all,24,ENA 이엔에이,2097,KR,"충성! 신병, 돌아왔습니다🤓7 진짜로 리턴즈했슴다!
좋은놈, 나쁜놈, 이상한 놈… 별별 놈 모두 모인 그곳에 3배로 재밌어진 군생활!

매주 월/화 밤 10시! 많은 시청 바랍니다!

#신병3 #ENA #신규드라마 #월화드라마 #ENA드라마 #김민호 #김동준 #오대환 #남태우 #이상진 #김요한 

📺 ENA 채널 번호 안내 📺
Genie TV 1번/ skylife 1번/ HCN 1번/ Btv 40번/ U+ 72번/ LG헬로비전 996번 / 딜라이브 58번/ CMB 1번/ Btv 알뜰 57번

✅ ENA
👉구독 : http://bit.ly/3ausdaT
👉ENA 공식 홈페이지 : https://ena.skylifetv.co.kr
👉페이스북 :   / channel.ena  
👉인스타그램 :   / channel.ena",7rpwZLmAO4M,14303,2025-04-21T14:10:00.000Z,"[skytv, 스카이티비, 예능, 드라마, ENA, ENAdrama, ENAentertain, skyTV, ena, ena드라마, 월화드라마, 군인, 군대, 군생활, 전역, 신병, 신병2, 신병3, 군수저, 일병, 장삐쭈, 장삐쭈원작, 김민호, 김동준, 오대환, 남태우, 이상진, 김요한, 조진세, 이충구, 전승훈, 이수지, 최일구, 김상훈, 임다혜, 박민석, 박재수, 스튜디오지니, 입대, 재입대, 육군, 관심병, 불침번, 신병라디오, 제국의아이들, 제아, snl, snl코리아, 국군, 국군장병, 드라마대본, 대본리딩, 메이킹, 메이킹현장, 한가인, 김지석, 성윤모, 이등병, 상병, 전입신고, 오석진, 강찬석, 중대장, 폐급, 롤리폴리, 그린캠프, 슬기로운 폐급생활, 사우스코리안파크, 스튜디오장삐쭈, 사코팍, 애니메이션, 원작, 신병시즌3, 신병3선공개, 신병3성윤모, 신병3중대장, 신병김동준, 신병가라중대장, 숏박스, 숏박스 군대]",[5회 하이라이트] 강찬석의 본캐는 죽지 않았다! 찬석의 한마디에 구사일생한 최일구 #신병3,https://www.youtube.com/watch?v=7rpwZLmAO4M,1809777
all,10,Hebi.,5310,KR,"Hebi '지금부터 (Onward)' Official MV 

 #hebi  #헤비  #지금부터    

[Hebi Official SNS] 
OFFICIAL WEVERSE ▷ https://weverse.io/hebi/artistpedia 
OFFICIAL X ▷https://twitter.com/hebi0211",yomKWG44odg,26840,2025-04-22T09:00:06.000Z,"[へび, henceforth hebi, henceforth 蛇, 歌ってみた, 늘, EVER, Chroma, 헤비, Hebi, KPOP, JPOP, LUCY, 조원상, 루시, Music, 지금부터, Onward]",Hebi - '지금부터 (Onward)' Official MV,https://www.youtube.com/watch?v=yomKWG44odg,779738
all,22,와코,363,KR,"#학생브이로그 #겟레디윗미 #GRWM 

안녕하데오 여러분..? 저희 거의 3주 만이죠? 🙏😅
그동안 제가 영상을 올리지 못한 이유를 말해보자면,,,
변명 1. 가출을 해서 멘탈이 제정신이 아니었음 (브이로그로 말아와요 이번주 금욜)
변명 2. 소개팅 후기 영상 찍었는데 오빠가 고백해서 무산됨
변명 3. 언제 헤어질지 모르는데 이런걸 올리는게 맞나 1주 넘게 고민함 (이게 제일 큼)

아무튼 그러한 이슈들이 있었답니다,, 하하 
기다려주셔서 너무너무 감사할 따름이여요
앞으로 한달동안 올릴 영상들을 낉여왔으니까 우리 더 자주보아요 ⍢

최근 제 근황은요.. 학원을 열심히 다니고 있어용
물론 수능 준비하는 학원은 아니고요 
지금까지 배우고 싶었던 것들을 하나씩 차근차근 공부하고 있답니다
요것 또한 브이로그 야무지게 말아올게요 😝
그리고 사무실도 어느정도 자리를 잡았어요!
아직 보수해야할 부분이 많지만 그래도 이정도면 셀프로 한것 치고는 만족! 하는 중입니다

최근에 생각이 너무 많아져서 복잡하고 조금은 힘들었걸랑요?🤦‍♀️
그래서 얼마전에 블로그에 제 개인적인 생각을 적은 글을 올렸는데 
댓글들이  다 너무 따수워서 눈물이 났쟈나,,,, 그래서 영상도 올리기로 결심함
여러분 정말 보고 싶었더요 엉엉 
블로그 궁금하실까봐 링크 남겨놓아요 ➡️ https://blog.naver.com/karis_ellekim/223836656618

오늘의 저메추는... 배추랑 관련된 무언가였으면 좋겠어요 ,,
양배추든 배추든.,,, 샤브샤브에 적셔진 배추도 좋고
양배추에 닭가슴살 말아서 푹 익힌 찜도 좋고 
아니면 밀푀유? 도 괜찮겠네요 
아! 아니면 배추에 전분반죽 묻혀서 배추전 간장에 찍어먹어도 맛있을 것 같아요
비도 오니까 오늘은 국물류나 전류로 강력하게 추천해봄미다 흠흠

오빠랑 어떻게 되었는지는 따로 얘기하지 않을게요..! 🥕
아마 제 구독자분들이라면 다 눈치채셨을 것 같으니까요 ㅎㅎ
어제 오늘 밀린 영상들 편집하느라 4시간 밖에 못잤더니
오늘 가는 영어학원도 정말.. 가기가 싫네요,, 정말로요 🥹
그래도 가야죠 뭐 어쩌겠어요 ㅜㅜ 
돈이 땅 판다고 나오는것도 아니고 일단 열심히 해보려고요!

오늘은 노래도 한 곡 추천하고 가겠음미당
페퍼톤스 - 공원여행
저도 제 구독자분한테 추천받은 노래인데요!
제가 소소한 행복을 여쭤보니까 산책하면서 노래를 듣는거라고 하시더라고요!!
이걸 들으면서 산책을 하면 기분이 한결 좋아질거라고 확신하면서 말씀하시길래
노래를 들으며 청계천을 걸었는데 그날 하루가 그리 행복하게 마무리 될 줄은 몰랐답니다 🤭
비록 오늘은 비가 오지만 장화 신고 웅덩이를 밟거나 
우산에 떨어지는 빗방울들을 보는것도 작은 행복이 될 것 같아요! 💧

여러분에게 오늘 하루가 행복하게 마무리 되길 바라며
얼마 안남은 4월도 화이팅이에요 여러분 🥰
늘 감사하고 사랑합니다 
이번주 금요일에 또 봐요 안농!

Contact : sawakokim0812@sandboxnetwork.net 
Instagram : sawakoko13",R9eaNhE-WVk,4928,2025-04-22T09:00:37.000Z,,나 고백받았다 ㅋㅋ오예,https://www.youtube.com/watch?v=R9eaNhE-WVk,192557
all,10,HYBE LABELS,5242,KR,"TWS (투어스) '마음 따라 뛰는 건 멋지지 않아?' Official MV

#TWS #투어스 #247WithUs
#TRY_WITH_US
#마음따라뛰는건멋지지않아 #Countdown


Credits:

Producer : HAN SUNGSOO
 
VP : Kim Daun

A&R : Yi Hyojin, Ahn Singyu, Jang Dahye, Kim Jiyoon, Park Shinyoung, Cho Inwook, Kim Yukyeong, Yang Chi Hwan

Visual Creative : Lee Hyemi, Kim Woojeong, Hwang Hyunjun
Performance Directing : Ryu Jaehee, Jeon Jongha, Lee Haesu (Assist Directing : Yoon Hyelim, Shin Minkyung)
Artist PM & Protocol & Operation : Ahn Solyang, Shin Doyun, Kim Hyejin, Park Yuri, Shim Yeonjin, Hong Ahyun, Cho Sungje, Hwang Yumi, Park Yoonjin, Che Huiling, Song Youngwoo

Production House | LIMINAL & TMTBS
Director | Lafic
Executive Producer | Soyoung Koo
A.D | Minkyeong Kim, Seoyeon Kim
Line Producer | Hyounggeun Kang, Yuseok Joung, Jungho Kee, Chanyoung Park
P.A | Seungjun Choi, Chanhyuk Park, Donghwan Youn, Dongju Lee, Seunghoon Baek, Kyunghun Park, Sunghyun Park

Director of Photography | Giung Seo
Focus Puller | Seungjong Lee
2nd AC | Hyukjae Yang
DIT | Younji Choi
3rd AC | Junsung Cha

B CAM Director l Lafic
Sub CAM | Junmo Lee, Hyunseop Song 
Synchronous Recording | Kyuri Kim, Jungsik Ahn

Gaffer | Joonghyuk Jung
Lighting Crew | Hyunsuk Kim, Minhyeok Baek, Daejin Kim, Bonhyeop Gu, Doohyun Han, Hwayong Chung, Jongseung Song, Byungjong Kim, Juyong Song, Jiseok Lee

Art Director | NOMESS
Art Team Leader | Jungsik Lee, Chaejeong Kim, Jihyun Park, Hyojin Oh, Seoyoung Lim

Jimmy Jib | Dongjin Lee
1st Assistant | Jeonghyun Yoo
2nd Assistant | Seongeum Jung
3rd Assistant | Gwanghyun Yoo

Special Effect | Changi Min(SF)

Edit | Lafic

Colorist | Changbeen Yu (THEPOSTLAB)
DI Assistant | Seowoo Kang, Yereum Yang

Sound | OV

SFX | KEYMAKER

3D VFX | Electric Leee

2D Cleaning | Kyungsik Kang, Minseo Kwon, Jurang Gong, Seoeun Kim

TItle Animation | Mareykrap

Location Management | Land Scape
Location Supervisor | Sangdong Park
Location Manager | Myeongjae Kim


Connect with TWS

Official Homepage : https://www.pledis.co.kr/artist/detail/TWS
Official YouTube : https://www.youtube.com/@TWS_PLEDIS
Official X(Twitter) : https://twitter.com/TWS_PLEDIS
Official Instagram : https://www.instagram.com/tws_pledis
Official TikTok : http://www.tiktok.com/@tws_pledis
Official Facebook : https://www.facebook.com/TWS.PLEDIS
Official Weverse : https://weverse.io/tws

ⓒ PLEDIS Entertainment. All Rights Reserved",Csaj3X6PKxY,76015,2025-04-21T08:56:07.000Z,"[HYBE, HYBE LABELS, 하이브, 하이브레이블즈]",TWS (투어스) '마음 따라 뛰는 건 멋지지 않아?' Official MV,https://www.youtube.com/watch?v=Csaj3X6PKxY,8522716
all,24,KBS 교양,956,KR,"#최수호 #강문경 #현역가왕 #트로트 #아침마당

""나는 내가 받은 등수에 만족한다?"" 
트로트 경연 프로그램에 출연했던 가수 강문경 & 최수호의 '이제는 말할 수 있다' 


✔ 따뜻한 감동, 알찬 정보 KBS 교양 공식 채널 
✔ 인간극장, 아침마당, 이웃집찰스, 2TV생생정보 등 KBS 대표 콘텐츠가 한 곳에 📺📲 
✔ KBS교양 구독하기 ➡️ http://www.youtube.com/@KBSLife
Copyright  ⓒ KBS. All rights reserved. 무단전재, 재배포 및 이용(AI 학습 포함) 금지 

📢 영상 방송 시점에 따라 현 상황과 내용이 다소 다를 수 있습니다
📢 비방 및 악성 댓글은 출연자 보호를 위해 운영자가 삭제할 수 있습니다",-_D1P1dFk00,4327,2025-04-22T05:36:32.000Z,"[KBS, KBS1, KBS2, KBS교양, KBS다큐, 한국방송, korea, documentary, 생생정보, Kculture, 한국, 다큐멘터리, 생활정보, Kpop, south Korea, Kfood]","""나는 내가 받은 등수에 만족한다?"" 트로트 경연 프로그램에 출연했던 가수 강문경 & 최수호의 '이제는 말할 수 있다' [아침마당] KBS 250422 방송",https://www.youtube.com/watch?v=-_D1P1dFk00,158974
all,22,쯔양밖정원,659,KR,"본 영상은 셀리맥스에서 제작비를 지원받아 제작되었습니다.

✨노니앰플 대용량 에어리스 100ml 특가✨
▶ 대박 할인(~4/29) 👉 https://bit.ly/3E4KWhA
💚혜택1. 노니앰플 100ml & 노니마스크 3+3 62%🔻(무료배송)
💚혜택2. 업그레이드된 노니마스크4매 + 노니앰플 17.5ml + 노니키트 추가 증정!
💚혜택3. 추가 할인 쿠폰 2종(5천원+1천원) 증정!

✅구독자 댓글 참여 이벤트
참여 방법 : 노니앰플 기대평 댓글 작성 후 아래 폼 입력
참여 링크 : https://naver.me/FIfA1EhL
- 이벤트 기간 : ~4/29(화) 23:59까지
- 당첨자 발표 : 5/9(금) 17시 *문자 개별 안내
- 선물 : 노니앰플 100ml 대용량 에어리스 (10명)

✅구독자 구매인증 이벤트
참여 방법 : 노니앰플 구매 후 아래 폼 참여
참여 링크 : https://naver.me/Fcm9rPOH
- 이벤트 기간 : ~4/29(화) 23:59까지
- 당첨자 발표 : 5/9(금) 17시 *문자 개별 안내
- 선물 : 배달의 민족 기프티콘 2만원 (10명)
관련 문의 : neyoon@celimax.co.kr

각국어 번역 자막 제작 : 
컨텐츠 제작의 마무리는 컨텐츠플라이! 글로벌 진출을 위한 최고의 파트너,
CONTENTSFLY에서 제작되었습니다.
https://www.contentsfly.com

비지니스 메일:gardenm1120@gmail.com",LwtLnFSwPqg,5885,2025-04-22T10:00:37.000Z,"[real sound, 리얼사운드, social eating, mukbang, eating show, 먹방, 맛집, 쯔양, v-log, 브이로그, 쯔양 브이로그, 쯔양 v-log, 쯔양 vlog]",코 세우고(?) 스모키 화장한 후 부모님집 냉털하러 갔더니 엄마 반응이..🤣,https://www.youtube.com/watch?v=LwtLnFSwPqg,136458
all,24,STUDIO CHOOM [스튜디오 춤],756,KR,"[STUDIO CHOOM ORIGINAL] TWS 'Countdown!'
[스튜디오 춤 오리지널] 투어스 '마음 따라 뛰는 건 멋지지 않아?'

청량 맛집 투어스 5개월 만에 컴백 완료💙
(1:54) 셋 하면 투어스를 따라가자 외치는 거야💨

#TWS #투어스 #SC_ORIGINAL

Stream various performance video on #STUDIOCHOOM!

👉SUBSCRIBE👈
YouTube: https://www.youtube.com/STUDIOCHOOM
Facebook:  https://www.facebook.com/StudioCHOOM
Instagram: https://www.instagram.com/studio_choom/
Naver TV: https://tv.naver.com/cjenm.STUDIOCHOOM",ZKgXbiR7Qkk,14786,2025-04-22T13:01:07.000Z,"[M2, 엠투, 스튜디오 춤, 스춤, Studio choom, COVERS, 커버스, 댄스, DANCE, 커버, COVER, Artist Of The Month, AOTM, Drop the dance, 드롭더댄스, Mix & Max, 믹스앤맥스, 믹앤맥, kpop dance, sc original, tws, 투어스, tws countdown, tws try with us, 투어스 마음따라, 마음 따라 뛰는 건 멋지지 않아?, 신유, shinyu, 한진, hanjin, 지훈, jihoon, 도훈, dohoon, 영재, youngjae, 경민, kyungmin, tws 마음따라]",TWS(투어스) '마음 따라 뛰는 건 멋지지 않아?' (4K) | STUDIO CHOOM ORIGINAL,https://www.youtube.com/watch?v=ZKgXbiR7Qkk,165597
all,22,먹어볼래TryToEat,216,KR,"연어 2000g에 마요네즈 비벼먹기.

[재료 및 조리도구 정보 모음]
연어 반마리, 마요네즈, 쪽파, 새송이 버섯, 양파, 스리라차, 날치알, 데리야끼소스, 와사비

[BGM] Artlist

[영상 저작권] 먹어볼래TryToEat (영상 무단도용 금지)

[비즈니스 문의❤️] 
이메일: trytoeat222@naver.com
인스타: @trytoeat222",aKramwaDHj8,3561,2025-04-22T11:00:01.000Z,"[연어, 마요네즈, salmon, mayonnaise]",생연어 1300g에 마요네즈 비비기,https://www.youtube.com/watch?v=aKramwaDHj8,211897
all,17,MBC Sports+,157,KR,"#2025 #KBO #프로야구 #비야인드 #박소영 #김선우 #김강민 #류선규 #정세영 #2위 #한화
최강 한화 2글스의 비밀! 양버지와 함께 날아오르다 I #비야인드 2025.04.21

▶MBC SPORTS+ 유튜브 : https://www.youtube.com/@MBCsportsplus
▶스톡킹 유튜브 : https://www.youtube.com/@sportstalkking
▶베이스볼런치 유튜브 : https://www.youtube.com/@baseballlunch
▶광고문의 : kimjh@mbcplus.com",ilfTncxep78,1401,2025-04-22T11:01:14.000Z,"[스포츠, 엠스플, 비야인드, 박소영, 관상, KBO, 프로야구, 김도영, 문동주, 박찬호, 김경문, 이범호, 이승엽, 정우주, 배찬승, 김영웅, 송성문, 김휘집, 김택연, 두산 베어스, SSG랜더스, 키움 히어로즈, LG 트윈스, 한화 이글스, 삼성 라이온즈, KIA 타이거즈, 롯데 자이언츠, NC 다이노스, KT 위즈, SK 와이번스, 야구 잘하는법, 야구 꿀팁, 베이스볼투나잇, MBC 스포츠플러스, Sports]",최강 한화 2글스의 비밀! 양버지와 함께 날아오르다 I #비야인드 2025.04.21,https://www.youtube.com/watch?v=ilfTncxep78,114132
all,24,지하니,304,KR,,WTfiBUhHcOw,5531,2025-04-21T12:32:38.000Z,,남자친구 첫 등장ㅋ,https://www.youtube.com/watch?v=WTfiBUhHcOw,261865
all,22,오늘의 주우재,160,KR,"안녕하세요 대주주 여러분 주우재입니다
오늘도 🤬개열받는 사연 들고왔습니다ㅎ

🧦인스타 https://bit.ly/3rrs0hN
✏️네이버 카페 https://bit.ly/2PCIO7C
 

#주우재 #주우재패션 #남자패션
Copyright ⓒ 2025 Studio Episode - All Rights Reserved",bd8zew8vq_A,2215,2025-04-22T10:01:02.000Z,"[주우재, 브이로그, 주우재패션, 남자코디, vlog, fashion, 주우재 인스타, 주우재 옷 정보, 주우재 신발, 주우재 옷, 주우재 패션, 주우재 코디, 남친룩 코디, 박진주, 놀뭐, 놀면뭐하니, 연애의참견, 고민상담, 연애고민상담, 환승연애, 하트시그널, 솔로지옥, 연애고민, 남자친구 집착, 결혼, 결혼 고민, 박진주 주우재, 비즈니스커플, 연애토크, 재코지니, 현실남매, 연인싸움, 연애문제, 집착, 여자친구 빚, 사내 커플, 직장 커플, 직장 내 고백, 고백공격, 고백하는법]",💔대문자 T와 F가 함께 고민 상담해주면 벌어지는 일 | 진주랑 연애 고민상담소,https://www.youtube.com/watch?v=bd8zew8vq_A,112673
all,24,워크맨-Workman,408,KR,"Job것들아~~~~~~,,, 인력소장이다,,, 
지난주 예고대로,,, 이번주는 워크맨 두 번 찾아오는 거 알제...?
오늘은 한나가 교생으로 변신해봤다,,,

한나 등장과 함께,,, 
함성 소리가 어마어마혔지 뭐여,,,,

우리 잡것들 오늘 영상 재미있게 봐주고,,,
이번주 금요일에 또 보자고~,,,,~!!

#워크맨 #워크맨2 #workman #알바 #장성규 #아르바이트 #알바리뷰 #극한직업 #직업체험 #극한알바 #강한나 #남고교생",sH_0dfHqsOI,4822,2025-04-22T09:00:12.000Z,"[studiolululala, JTBC, 스튜디오룰루랄라, 룰루랄라, 워크맨, 직업리뷰, 알바리뷰, 알바썰, 알바, 직업, 장성규, 와썹맨, workman, job, wassupman, 고깃집알바, 고기, 삼겹살, 맥주, 사장님, 아르바이트, 후기, 알바후기, 고깃집, 장성규 영화관, 장성규 영화, 장성규 알바, 시급, 해원, 오해원, 워크돌, 엔믹스, 배이, 규진, 지우, 설윤, 슈화, 히밥, 아이돌, 걸그룹, JYP, 직업체험, 알바체험, 리뷰, 회사, 직장, 연임, workdol, 엔터테인먼트, 소속사, 연습생, 예능, 이수지, 뷔페, 뷔페알바, 강한나, 수산시장, 소개팅, 단체소개팅, 헌팅, 윤두준, 하이라이트, 비스트, 오징어게임, 키즈카페, 워터파크, 수영장, 르세라핌, 카즈하, 사쿠라, 더보이즈, 선우, 송하빈, 권은비, 워터밤, 남고선생, 남고교생]",남고에 여신 강림✨천국은 누가 지키냐…?  | 교생 실습 | 강한나 | 워크맨2,https://www.youtube.com/watch?v=sH_0dfHqsOI,296797
all,22,캐나다 구서방 Ku In Canada,154,KR,"1년중 8개월은 눈이 오는 실사판 겨울왕국 캘거리로 호야온돌에서 따듯하게 지내라고 호야온돌을 보내 주셨습니다.
설치는 여섯살 지아도 할 수 있을 정도로 쉽구요, 탄소복합소재 사용으로 뛰어난 내구성을 자랑해, 냉장고 쇼파 등을 올려놓아도 아무 문제가 없다고 합니다. 호야온돌은 원적외선 90.5% 효과로 몸 속부터 따뜻하게 해주고, 전자파 걱정도 없다고 하는데요, 특히, 감기 기운이 있거나 피로할 때 누워 있으면 온몸이 찜질 효과를 경험할 수 있다고 합니다!

✅ 호야온돌 한국구매 : https://tinyurl.com/2s4bemwy (시공문의 1577-9762)
✅ 호야온돌 해외구매 : https://tinyurl.com/35m4ypey (USA, Canada, Europe, Australia, New Zealand, Japan)

*이 영상은 호야온돌에서 제작비를 지원받아 제작되었습니다.

오늘도 시청 해 주셔서 감사합니다! 🥰❤️

사용장비
-Gopro hero 13, Gopro hero 11, dji mini 4 pro, Galaxy s24 ultra, DJI mic 2

구서방네 콩고물이 떨어지는 링크
https://vidiq.com/kuincanada
https://www.amazon.ca/shop/kuincanada

Instagram
Peter
https://www.instagram.com/ggang729
Jillian 
https://www.instagram.com/mcji11er

Business
peterku9@naver.com
mcconnellj.11@hotmail.com

Music provided by BGM president
#호야온돌 #hoyaondol #해외반응 #온돌해외반응 #외국인반응 #캐나다가족반응 #온돌반응 #국제커플 #외국인와이프 #부부 #가족 #일상 #육아 #브이로그 #캐나다구서방",-tal4c_pHNc,6649,2025-04-22T00:30:43.000Z,"[Amwf, International couple, amwf, floor heating, hoya ondol, hoyaondol, international couple, ku in canada, ondol, 가족 반응, 가족 브이로그, 겨울왕국, 구서방, 국뽕, 국제부부, 국제커플, 국제커플 브이로그, 국제커플 캐나다, 바닥 난방, 바닥온돌, 선 넘은 패밀리 캐나다, 온돌, 온돌 외국인 반응, 온돌 체험, 온돌 해외반응, 온돌난방, 와이프 반응, 왔다 내 손주 캐나다, 왔다내손주 지아노아, 외국인 반응, 외국인 아내, 외국인 와이프, 원적외선, 육아, 장모님 반응, 캐나다, 캐나다 가족 반응, 캐나다 구서방, 캐나다 브이로그, 캐나다 일상, 캐나다 캘거리, 케이 온돌, 탄소복합신소재, 피터쿠, 한국, 한국 아빠, 한국 온돌, 한국 온돌 해외반응, 한국온돌 외국인반응, 한류, 해외 반응, 해외반응, 호야 온돌, 호야온돌, 호야온돌 해외반응, 혼혈 아기]",겨울왕국 캐나다에 한국 온돌을 깔았을때 가족들의 반응은?! #hoyaondol #해외반응 #캐나다가족반응,https://www.youtube.com/watch?v=-tal4c_pHNc,133996
all,24,엠뚜루마뚜루 : MBC 공식 종합 채널,910,KR,"[전지적 참견 시점] 토요일 밤 11시 10분 방송!
MBC의 따끈따끈한 영상을 내 맘대로 편하게 즐기는 채널🌀
엠뚜루마뚜루 보러가기👉https://www.youtube.com/c/엠뚜루마뚜루
-
#전지적참견시점
#엠뚜루마뚜루

* 전지적 참견 시점 풀영상 보러가기
✔ WAVVE : https://www.wavve.com/player/vod?programid=M_1003594100000100000

✔ iMBC : http://playvod.imbc.com/templete/VodList?bid=1003594100000100000

ⓒ MBC&iMBC 무단 전재, 재배포 및 이용(AI학습 포함)금지",dtJ9j8grYHk,17546,2025-04-20T06:15:04.000Z,"[전지적참견시점, 전참시, 이영자, 전현무, 송은이, 양세형, 유병재, 홍현희, 참견, 일상, 탐구, 매니저, 연예인, 스타, 생활, 습관, 모습, 행동, 분석, MBC, MBC예능, 토요예능, T70517G, 250419, 윙, 윙 도파민, 지디, 지드래곤, GD, 윙 전참시, 윙 비트박스, 비트박스, 비트박서, 윙 무대, 윙 라이브, GD 콘서트, 지드래곤 콘서트, 전참시 윙, 지디 윙, 도파민, WING, 비트박서 윙, 콘서트, 라이브, 비하인드, 지드래곤 콜라보, GD 콜라보, GD 윙]",[전참시] 외쳐 갓 WING😎 지드래곤 콘서트에서 단독 무대 제대로 찢은 비트박서 윙ㅣ#윙 MBC250419방송,https://www.youtube.com/watch?v=dtJ9j8grYHk,1425438
all,22,가장(멋진)류진 petiteRyujin,1165,KR,"오랜만에 찬호랑 같이 홍대에 갔는데...
뭐가 많이 바뀌었더라고요..?

조폭 떡볶이, 베니건스, 바이더웨이, 청기와 주유소…
제 추억의 장소들 기억하는 분 없으신가요??ㅠㅠ

[가장(멋진)류진 X 롯데웰푸드 구독자 프로모션]
🎁 [식사이론] 신제품 론칭 프로모션 🎁
요리가 서툰 이 시대 가장을 위한 간편식 브랜드,
'식사이론'으로 간편하고 건강한 한 끼 해결 어떠신가요?
 
에어프라이어 하나로 아빠 류진이
아들 찬호에게 칭찬받은 고단백 반찬!
100% 국산 돼지고기 통살 그대로의 풍미를 살린 '통살쏙 한입카츠'
통닭다리살을 그대로 튀겨 육즙촉촉 쫄깃식감 '통닭다리살 한입카츠'
 
'식사이론' 신제품 론칭 프로모션 기간에
가장의 무거운 어깨를 덜어줄 특별 할인가(무료배송)로 지금 만나보세요!
📌 특별혜택 : 선착순 100명 구매고객에게 '식사이론 떡튀만 430g' 증정
(515kcal로 떡볶이,김말이,군만두를 즐길 수 있는 1인용 분식 간편식)
 
행사기간 : 2025.4.21(월) ~ 2025.4.27(일) [ 한정수량 완판 시 조기 종료 ]
 
구매링크 : https://tinyurl.com/y8tbzt8d

#아빠어디가 #찬호 #홍대데이트

🙏섭외문의 : contents@oyee.co.kr
🙏광고문의 : contents@oyee.co.kr
🙏류진인스타 : @kissnsay1116",8dkimOsQ5EU,8408,2025-04-21T10:00:12.000Z,"[찬형, 찬호, 찬브로, chanbro, 류진, 류진아들, 날보러와요, 예능, 텔런트류진, 배유류진, 요리, 찬쉐프, 요리교실, 아빠와함께, 모던패밀리, 슈퍼맨이돌아왔다, 슈돌, 임찬호, 임찬형, the return of superman, return of superman, chanhyung, chanho, 아어가, 아빠어디가, 주말드라마, 일일드라마, 엄마, 아빠, 엄마고민, 아빠고민, 아빠어디안가, 아어가류진, 아어가찬호, 아어가찬형, 홍대데이트, 데이트코스, 아빠랑데이트, 홍대맛집, 홍대핫플, 홍대사진, 홍대오락실, 홍대먹방, 어버이날선물, 엄마선물, 아빠선물, 아빠랑쇼핑, 쇼핑리스트, 어버이날, 어버이날리스트]",'아빠어디가' 이후 100년만에 찬호랑 데이트 | 가장(멋진)류진,https://www.youtube.com/watch?v=8dkimOsQ5EU,365592
all,15,김쫀떡,141,KR,"#쫀떡이네카스테라 #형제묘입양 #카스테라육묘일기
놀랍게도 아직 입양 온 첫날 영상이라는 점..!

📌 멤버십 오픈! 유튜브 댓글에서 쫀떡티콘 사용하러 가기 👉 https://me2.kr/HespN 
ㅡㅡㅡㅡㅡㅡㅡㅡㅡㅡㅡㅡㅡㅡㅡㅡㅡㅡㅡㅡㅡㅡㅡㅡㅡㅡㅡㅡㅡㅡㅡㅡ
- 인스타 @zzon_ddeok_cat
- '쫀떡' 이름의 유래 : 베스킨라빈스 쫀떡궁합과 색 비슷해서 지음
- 아메리칸 컬 (귀 펴져있음)
- 2018년 12월 30일 태어난 여자아이
ㅡㅡㅡㅡㅡㅡㅡㅡㅡㅡㅡㅡㅡㅡㅡㅡㅡㅡㅡㅡㅡㅡㅡㅡㅡㅡㅡㅡㅡㅡㅡㅡ

[BGM]
https://www.sellbuymusic.com/?utm_source=youtube&utm_medium=promo&utm_campaign=zzon_ddeok&utm_id=youtube_promo",HvdMXiTh7Ak,5543,2025-04-22T09:00:23.000Z,"[쫀떡이, 쫀떡, 김쫀떡, 똑똑한고양이, 개냥이, 천재묘김쫀떡, 천재냥김쫀떡, 천재냥쫀떡이, 천재고양이, 귀여운고양이, 개인기천재고양이, 똑쟁이고양이, 식탐많은고양이, 쫀떠기, 천재묘쫀떡이, 고양이쫀떡이, 말하는고양이, 천재묘, 쫀더기, 쫀드기, キムチョントク, 可愛い猫, 天才猫, 賢い猫, 頭の良い猫, おしゃべり猫, 犬っぽい猫, 甘えん坊猫, 食いしん坊猫, 面白猫, おかしな猫, アメリカンカール, Zzonddeoki, Zzonddeok, Ddeok, Tteok, KIMZZONDDEOK, Smart cat, Puppy cat, Smart cat zzon, Smartie zzon, Talking cat, Genius cat, Speaking cat, Cat eating, Cat food lover, 쫀떡 카스테라, 김쫀떡 카스테라, 쫀떡이네 카스테라, 카스테라 고양이, 카스 테라 고양이, 고양이 카스테라, 형제묘 입양, 형제냥 입양, 동반입양, 고양이입양브이로그]","입양 온 첫날, 가족이 생겼다는 걸 알게 된 고양이들의 놀라운 행동 [카스테라 육묘 일기]",https://www.youtube.com/watch?v=HvdMXiTh7Ak,138783
all,23,숏박스,2666,KR,"#스케치코미디 #숏박스 #스튜디오지니

하이퍼 리얼리즘 코미디 [신병3]
지니 TV | ENA 매주 월, 화 밤 10시 공개
모바일 시청은 지니 TV 모바일에서
#스튜디오지니",Qhz2L8WzgIw,32817,2025-04-18T09:00:42.000Z,"[숏박스, 스케치코미디, 개그]",아침 점호,https://www.youtube.com/watch?v=Qhz2L8WzgIw,2730977
all,10,SEVENTEEN,2804,KR,"S.COUPS(에스쿱스) 쿡스쿱스 | 너의 개학식을 기다려 편 (with.원우)

#SCOUPS #에스쿱스
#WONWOO #원우
#SEVENTEEN #세븐틴
#쿡스쿱스 #COOKSCOUPS",ZbISojlxV5M,62048,2025-04-22T13:00:01.000Z,"[에스쿱스, 정한, 조슈아, 호시, 원우, 우지, 디에잇, 민규, 도겸, 승관, 버논, 디노, SCOUPS, JEONGHAN, JOSHUA, JUN, HOSHI, WONWOO, WOOZI, THE 8, MINGYU, DK, SEUNGKWAN, VERNON, DINO, 세븐틴, SEVENTEEN, セブチ]",S.COUPS(에스쿱스) 쿡스쿱스 | 너의 개학식을 기다려 편 (with.원우),https://www.youtube.com/watch?v=ZbISojlxV5M,402071
all,22,마복필,154,KR,"#토크쇼


나이스고스트클럽 X 마복필 기획전
https://www.musinsa.com/brand/niceghostclub/plan/68621

마박 조공 두 번째 이벤트
- 영상 시청 후 복필 착용 제품 (아더 컬러 포함) 7만원 이상 구매 시 
  선착순 500명에게 포토카드 홀더를 증정합니다.
** 4월 23일(수) 오전 11시 구매 건부터 해당됩니다.

LOOK INFO!

1
TOP : FIST BOY BIG BIG TEE (White)
https://bit.ly/4jEtnEf
BOTTOM : FFATS PLEATS BELT POCKET SKIRT (Black)
https://bit.ly/4ino5fm
BAG : MESH DAY BACKPACK (Grey)
https://bit.ly/3Ghqlax
WALLET : 3STAR RANSEL CARD WALLET (Grey)
https://bit.ly/43XD4co
KEYRING : FIST BOY ACRYLIC KEY CHAIN (Mix)
https://bit.ly/3YBiWJy

2
TOP : ANGEL CHECK BIG BIG HALF SHIRT (Blue)
https://bit.ly/42v5lo8
BOTTOM : FFATS PLEATS BELT POCKET SKIRT (Black)
https://bit.ly/4ino5fm
WALLET : 3STAR RANSEL CARD WALLET (Black)
https://bit.ly/3Gk9ggd

3
TOP : 레귤러핏 DOT SYMBOL TEE (White)
https://bit.ly/42m6aAX
TOP : 우먼핏 DOT SYMBOL TEE (Navy)
https://bit.ly/3RXXQ4l
BOTTOM : BERMUDAS TWO TUCK WORK SHORTS (Black)
https://bit.ly/42UOJYs
BAG : MESH DAY BACKPACK (Black)
https://bit.ly/4inoyOE
CAP : SUMMER KNIT CAP (Black)
https://bit.ly/3YEqBqs

4
TOP : FFATS BIG RIBBON MESH BIG BIG TEE (White)
http://bit.ly/3RXX87b
BOTTOM : DOUBLE PLEATS SHORTS (Black)
https://bit.ly/44xbOBE
CAP : LACE SKULL HUNTING CAP (Black)
https://bit.ly/4jzhtve
WALLET : FRILL WALLET (Black)
https://bit.ly/42oJf8h

5
TOP : PEARL NECKLACE SYMBOL BIG BIG TEE (White)
https://bit.ly/4k1MJ6H
BOTTOM : CHECK BOX SHORTS (Beige)
https://bit.ly/4jHlEFB
CAP : CHECK SKULL NEWSBOY CAP (Beige)
https://bit.ly/4jojc76

6
TOP : HALFTONE SYMBOL TEE (Black)
https://bit.ly/4iqk8X8
BOTTOM : BERMUDAS TWO TUCK WORK SHORTS (Brown)
https://bit.ly/4cD7tyW
BAG : MESH CROSSBODY BAG (Black)
https://bit.ly/4jmprZb



➖블로그➖
https://blog.naver.com/mabokpil

➖인스타➖
@mabokpil 

➖사클ㅋ➖
https://soundcloud.com/x1jcoba7rihg",hDJHGIuk5lY,2420,2025-04-22T11:22:43.000Z,"[룩북, 여름, 봄, 브이로그, 일상, 나고클, 나이스고스트클럽, lookbook]",룩북이라면서 썰만 40분 동안 풂 + 내가 만든 포카홀더 가져가,https://www.youtube.com/watch?v=hDJHGIuk5lY,73472
all,22,DAY6,515,KR,"[DAY6 VLOG] Kang Young Hyun VLOG in Hong Kong | The Day I Waited For〰⛧ Hong Kong Again 🌃

Listen to SUNGJIN ""30""
sungjin.lnk.to/1stFullAlbum30

DAY6 Official YouTube: http://www.youtube.com/c/DAY6Official
DAY6 Official Facebook: http://www.facebook.com/DAY6Official
DAY6 Official Twitter: http://www.twitter.com/DAY6Official
DAY6 FANS App Store : http://bit.ly/48OILIW
DAY6 FANS Google Play : http://bit.ly/48tBxKE
DAY6 Official Homepage: http://DAY6.jype.com

Copyrights 2025 ⓒ JYP Entertainment. All Rights Reserved.",MMAXmX1Jf-c,6200,2025-04-22T09:00:05.000Z,,[DAY6 VLOG] Kang Young Hyun VLOG in Hong Kong | The Day I Waited For〰⛧ Hong Kong Again 🌃,https://www.youtube.com/watch?v=MMAXmX1Jf-c,75949
all,17,매미킴,2807,KR,"[매미킴 100만 구독자 달성을 위한 감사 이벤트]]

100만 구독자를 위해 립아이 스테이크 100인분 무료 이벤트!
구독자 여러분 총 100분께 립아이 스테이크를 쏩니다!

(유효기간 6개월)

참여 방법

1. 이 영상에 좋아요 + 구독


2. 댓글에 [참여완료]와 함께 간단한 응원 메시지를 남겨주세요

마감일: 2025년 04월 20일
당첨자 발표: 2025년 O5월 O1일 (커뮤니티 탭 공지 예정)

이벤트 제공: 마초스테이크

[구독]-[좋아요]는 큰! 큰! 힘이 됩니다🙏
김동현 이메일:memikim88@gmail.com
김동현 인스타그램 : https://www.instagram.com/stungunkim

#김동현 #추성훈 #추성훈스테이크 #매미킴 #스턴건",zU7LGJ5MGAo,12484,2025-04-20T03:07:18.000Z,"[김동현, 매미킴 TV, 매미킴, 건강, 다이어트, 홈트, 홈트레이닝, 호신술, 파이터, 종합격투기, 이종격투기, 주짓수, 스턴건, donghyunkim, kimdonghyun, donghyunkim ufc, kimdonghyun ufc, 매미특공대, MMA, HAVAS, 하바스, 크로스핏, 피지컬100, ufc, 레슬링, 정찬성, 추성훈, 헬스, 격투기, 넷플릭스, NEtflix]",한국에 생긴 추성훈 스테이크 먹어본 추성훈 김동현 반응,https://www.youtube.com/watch?v=zU7LGJ5MGAo,992901
all,22,일단이나연 NAYEON,2206,KR,"나둥이들 안녕하세요!🥰 나연입니다…😚😚 예…오늘은 제 생일이에요…히히 🙈  타이밍 좋게 생일 당일 여러분께 인사드릴 수 있어서 기쁘고 감사한 마음이 가득합니다. 
정말 많은 축하와 사랑을 보내주셔서 어떻게 감사의 마음을 전해야 할지 모르겠어요ㅠㅠ🥹💕다시 한번 정말 감사드립니다🥹 평생 잊지 않고 여러분께 받은 사랑 돌려드릴게요🙏🏻

사실 저는 오늘 영상을 통해 “행복은 강도가 아닌 빈도”라는 메시지를 전하고 싶었어요…🥹 결국엔 먹고 놀고 즐기는 생일파티 영상이 되어버렸지만, 생각보다 행복은 우리 곁에 가까이 있다는 것을 보여드리고 싶었답니다 ㅎㅎ… 

예전에 제가 했던 말 기억하시나요? “인간의 기본적인 행복은 사랑하는 사람과 맛있는 것을 먹는 것💕” 
정말이더라구요. 어떤 대단한 성취보다도 사랑하는 이들과 함께하는 소소한 시간이 저를 가장 행복하게 해주는 거 같아요. 사랑하는 이들에는 나둥이들도 포함되어 있다는 거 아시죠?❤️ 나둥이들과 수다떨고 노는 것도 그래서 즐거운가봐요 ㅎㅎ (여러분의 댓글과 메시지들을 보는 시간이 제게 정말 큰 행복이거든요🥺 동굴로 들어가는 저를 계속해서 잡아주는 건 모두 나둥이들이어요…정말 알라뷰🥹💕) 

아무튼! 이 모든 감사함을 담아 이벤트를 준비했습니다! 최대한 유쾌하고 재밌는 방법을 고민했는데, 부디 재밌는 댓글이 많이 달렸으면 좋겠군요 킄ㅋㅋ 참여방법은 아래 남겨둘테니 참고해주세용😝

나둥이여러분!! 생일 축하해주셔서, 항상 저를 믿고 응원해주셔서, 제 채널을 찾아주셔서, 오늘 영상도 잊지 않고 봐주셔서,,, 그리고 저의 랜선 베스트프렌드가 되어주셔서 다시 한 번 감사드립니다🙂‍↕️ 
저는 앞으로도 변치않고 이 자리에서 나둥이들에게 받은 사랑 다 돌려드릴테니 언제든 힐링하고 웃고 가십쇼. 
기다리겠습니다!! ❣️ 

모두 좋은 밤 보내세요😍

[나둥이들의 힐링 저녁상] 이벤트 참여방법❣️

🎂 나연이 생일케이크에 쓸 만한 한 줄 적기 (진심금지) 

생일이라고 진지한 축하보단!!! 이번엔 재치와 유머로 가득한 케이크 문구를 함께 만들어봐요!😂🥰

예시 문구:
   •   “이 사람… 또 살아남았어…!”
   •   “이쯤 되면 태어난 게 재능”
   •   “그냥 기념일 하나 추가요”

이런 식으로 진심은 잠시 접어두고, 나둥이들의 센스 넘치는 한 줄 문구를 댓글로 남겨주세요! (기대하겠습니다 크크😝 같이 웃고가욤ㅎㅎ)

참여 방법:
   1.   이 게시물에 진심 없는 한 줄 케이크 문구를 댓글로 작성해주세요.
   2.   가장 웃기고 창의적인 문구를 선정하여,
총 5분께 **나둥이들의 힐링 저녁상 2인⭐️**을 선물로 드립니다! 사랑하는 사람과 함께 가시길
바랄게요🥰💕 

*식당 정보 : 다이닝 상석 압구정, 디너오마카세 🍱

이벤트 기간:
   •   4월 22일(화) ~ 4월 24일(목) 

당첨자 발표:
   •   4월 25일 (금) 자정, 대댓글과 커뮤니티 공지를 통해 발표하겠습니다🥰 
(이후 예약 과정은 따로 공지할게요!!)


많은 참여 부탁드려요…🥳🥳🥳

* 이 영상은 샹테카이 유료광고를 포함하고 있습니다.
#샹테카이 #24k골드에센스인텐스 #비건뷰티 #chantecaille

선착순으로 증정되는 퓨어 로즈 워터 받으러가기💗

✨24K 골드 에센스 인텐스 세트✨ : https://www.lotteon.com/p/product/LE1218475350?sitmNo=LE1218475350_1309280058&mall_no=1
 
본품 : 24K 골드 에센스 인텐스
증정 : 퓨어 로즈 워터 45ml (73,000원 상당 정품)
수량 : 30개 한정
일정 : 4/22 - 30

Hello, Nadoongies! 🥰 It’s Nayeon… 😚😚
Yes… today is my birthday… hehe 🙈
I’m so happy and grateful that I get to greet you all right on my birthday—it feels like perfect timing!

I’ve received so many birthday wishes and so much love, I honestly don’t know how to express my gratitude ㅠㅠ 🥹💕
Once again, thank you so, so much 🥹 I’ll never forget it and I’ll make sure to return all the love I’ve received from you 🙏🏻

Actually, through today’s video, I wanted to share this message:
“Happiness isn’t about intensity, it’s about frequency” 🥹
In the end, the video turned into a birthday party of eating, playing, and having fun, but I really wanted to show that happiness is closer to us than we think, hehe…

Do you remember what I said before?
“A human’s basic happiness is eating delicious food with the people they love💕”
It’s so true. More than any great achievement, those little moments with people I love make me the happiest.
And you know you Nadoongies are included in the people I love, right? ❤️
Maybe that’s why I love chatting and having fun with you all so much hehe.
(Reading your comments and messages brings me so much happiness 🥺
You guys are the ones who keep pulling me out of my cave… seriously, I love you 🥹💕)

Anyway! I prepared a little event to share all this gratitude!
I thought a lot about how to make it as fun and entertaining as possible, so I hope there’ll be lots of funny comments kekeke
I’ll leave the participation details below, so check them out 😝

Nadoongies!!
Thank you for celebrating my birthday, for always believing in me and cheering me on, for visiting my channel, for watching today’s video and not forgetting about it,,,
and for becoming my best friends through the screen.
Thank you again 🙂‍↕️

From now on too, I’ll stay right here and give back all the love I’ve received from you, without change.
So come by anytime to heal, laugh, and hang out.
I’ll be waiting!! ❣️

Have a wonderful night, everyone 😍",IN0yY3TfdEg,2399,2025-04-22T11:00:25.000Z,,(SUB) 생일 주간 vlog l 희두가 오다 주운 에르메스 l 이나연이 큰거 쏜다. 생일 역조공 EVENT | 행복은 강도가 아닌 빈도💕,https://www.youtube.com/watch?v=IN0yY3TfdEg,141822
all,24,KBS WORLD TV,110,KR,"#TheSeasons #ParkBogum #Cantabile #더시즌즈 #박보검의칸타빌레

#BeatpellaHouse #비트펠라하우스

Sat 00:30 | Re-run : Sat 6:00,12:40 (Seoul, UTC+9)

➕ Music Bank
2023 : https://youtube.com/playlist?list=PLMf7VY8La5RHGe90QRg_fH__B1NrbOcOb
2022 : https://youtube.com/playlist?list=PLMf7VY8La5REOohUTNebLTtU4Je5V4vft
2021 : https://youtube.com/playlist?list=PLMf7VY8La5RExE1YkVdBCHpaLsay2SnNa
➕ Song Festival
2022 : https://youtube.com/playlist?list=PLMf7VY8La5RHbkr3Re0fXA38MVoyNI0R9
2021 : https://youtube.com/playlist?list=PLMf7VY8La5REQ1HJ1KqjWsZ9tTDKM1fgI
2020 : https://youtube.com/playlist?list=PLMf7VY8La5RGym7CKoCfDFz_qb_WxU8Ry
➕ Never Stop! Online Compilation Concert
Season #2 : https://youtube.com/playlist?list=PLMf7VY8La5RHtUcGjsT8qmRhfJG1ICQDo
Season #1 : https://youtube.com/playlist?list=PLMf7VY8La5RFFgnKp0iiXwKX39EGzhsDF
➕ Exclusive
BTS Stage : https://youtube.com/playlist?list=PLMf7VY8La5RFAM6Sgg4M9SkyGIusuhnac
Editor's Pick! : https://youtube.com/playlist?list=PLMf7VY8La5RG9xT3U4l0GAPuA4CdeIi3R
➕ LEGEND Video : 
https://youtube.com/playlist?list=PLMf7VY8La5RFS0XWTWFycvquksqgPeQ80

➕ Subscribe KBS WORLD TV Official Pages
Youtube Subscribe：https://www.youtube.com/kbsworld
Homepage : http://www.kbsworld.co.kr 
Facebook : http://www.facebook.com/kbsworld
Twitter : http://twitter.com/kbsworldtv 
Instagram : https://www.instagram.com/kbsworldtv/
Line : https://goo.gl/g5iRQV
Android Download : https://bit.ly/3Io5sri
IOS Download : https://apple.co/3yQ0n7Z",cYQU8-iMAH0,3072,2025-04-21T02:10:54.000Z,"[kbs, kbsworld, kbs world, KBSWorld, KBS, kbsworldTV, kbs월드, 월드TV, kbs 월드, world tv, KBS WORLD TV, yt:cc=on, 더시즌즈, 음악, 뮤직, 토크쇼, kpop, kpop idol, korean singer, korea, idol, 한국가수, k culture, 케이컬쳐, 스페셜스테이지, special stage, TheSeasons, lee youngji, rainbow, 이영지의 레인보우]",[ENG/IND] Beatpella House (Wing) TALK & STAGE (The Seasons) | KBS WORLD TV 250418,https://www.youtube.com/watch?v=cYQU8-iMAH0,89908
all,24,짧은대본 ShortPaper,663,KR,"#코카콜라 #코크타임 #CocaCola
짜릿함이 필요할 때, Coke TIME!
Coke TIME 즐기고 페스티벌 가자! 👇
https://coca-cola.or.kr/event202504/view

멤버십 가입 
https://www.youtube.com/channel/UChgOgRNxrtCcVARDQT_c-Zg/join


광고문의 - ad@shortenm.com
일반문의 - short_paper@naver.com
배우지원 - short_audi@naver.com
배우협업문의 - casting@shortenm.com",S5jaYVVSRy4,10935,2025-04-19T11:00:44.000Z,"[드라마, web drama, 남사친, 여사친, 로멘스, 연애, 사랑, love, 대학교, 대학생활, 코카콜라, 연애초반, 연애적응시기]",연애 적응 시기,https://www.youtube.com/watch?v=S5jaYVVSRy4,816217
all,24,홍기종기 (이홍기),622,KR,"[2025 월간에프티 4월] : QWER - 고민중독 COVER

홍기종기 채널 구독하기 👉 https://www.youtube.com/@LeeHongGi_official
이홍기 인스타그램 ▶ https://www.instagram.com/skullhong12/

💼비즈니스 문의: leehonggi@yofcompany.com

#FT아일랜드 #FTISLAND #QWER #고민중독 #cover #홍기종기",DzUMHryailk,4870,2025-04-22T09:00:16.000Z,"[이홍기, 홍기, ft아일랜드, ft아일랜드 이홍기, 홍기종기, 종기, FT아일랜드, FT아일랜드 사랑앓이, 스컬홍, 홍스타, fnc, fnc이홍기]",FT아일랜드가 부르는 ‘QWER - 고민중독’,https://www.youtube.com/watch?v=DzUMHryailk,64283
all,22,소피아패밀리(Sophia family),2115,KR,"🤝소피아패밀리 X 슈니엘 특별 할인 이벤트
🛡️ 1등급 미끄럼 방지 클로그 샌들 SL-600
4월 21일 ~ 25일 단 5일간!
◆ 비 오는 날의 주차장도 미끄러운 기름과 세제 바닥 위에서도 완벽한 1등급 미끄럼 방지,
◆ 아치서포트 설계로 발이 자주 피곤하고 평발인분들도 편하게 신을 수 있는 올인원 클로그!

정가 39,000원 → 33,000원
+ 간편가입 추가할인

http://shuniel.com/sophiafamily2
===============================
소피아패밀리 가족 되는법 https://www.youtube.com/channel/UCdK23vzK74N6SzL9VIKR3MQ/join
더 많은 사진과 일상 https://www.instagram.com/sofia_fmy
📧 E-mail : Contact.sofiafm@gmail.com
🎵 음원 : BGM president
===============================
* Copyright 2022. Sophiafamily All Rights Reserved.
* 해당 채널의 모든 저작권은 소피아패밀리에 있으며 단순 링크 공유 외 공식적인 허가 없이 영상의 일부 또는 전체의 무단게시나 변경하여 사용할 수 없습니다.",c_ZfktnCWwE,21545,2025-04-21T10:00:02.000Z,"[그리스, 국제커플, 짜장면]","반지하살던 그리스 아내와 드디어 신축으로 이사하고, 짜장면까지 먹었을때 반응은!?",https://www.youtube.com/watch?v=c_ZfktnCWwE,280097
all,22,니얼굴_은혜씨 Eun hye,386,KR,"ℹ️ 인스타그램
인스타그램_(  / amazing.grace_mag  )

ℹ️비즈니스
pinkpalace@daum.net

ℹ️BGM
artlist

ℹ️TimeLine
0:00 인트로
0:34 이바지 음식 준비
01:39 시댁 도착
01:59 이바지 준비
02:45 이바지하기
04:29 시댁에게 영남씨의 한마디
06:35 ✨광고타임✨
08:54 영남씨 앨범 보기
15:05 아웃트로",7nGsxYrc0Zo,6522,2025-04-21T12:17:22.000Z,,시댁 방문 이바지와 영남씨의 과거 이야기,https://www.youtube.com/watch?v=7nGsxYrc0Zo,244870
all,19,캡틴따거 Captain Brother,631,KR,"여행유튜버 여행가제이와 @Jayworldtraveler 
잰잰바리 @jaeye0nyy 가 아일랜드로 놀러왔습니다

함께 아일랜드 서쪽의 골웨이라는 도시에 놀러갔다 왔는데
아일랜드의 유명한 풍경인 모허의 절벽을 보면서
서쪽 전통인 미역 목욕을 함께 즐겨봤습니다


#골웨이 #미역목욕 #모허의절벽",zbXFTjqaitY,7129,2025-04-21T09:08:17.000Z,"[캡틴따거, 여행, 아일랜드, 모허의절벽, 미역, 목욕, 골웨이, 잰잰바리, 여행가제이]","아일랜드로 놀러온 여행친구들 - [18] (Feat. 여행가제이, 잰잰바리)",https://www.youtube.com/watch?v=zbXFTjqaitY,226739
all,17,SPOTV 오리지널,888,KR,"#이정후 #샌프란시스코 #MLB

👇 2025 MLB 시청하기 👇

SPOTV NOW 💻📱 ☞ https://spotv.net/mlb

SPOTV PRIME 📺👀 ☞  https://www.spotvprime.co.kr/channel",Ik4ckKTRz0w,10529,2025-04-18T11:38:04.000Z,"[이정후 홈런, 이정후 하이라이트, SPOTV, 스포티비, 이정후 안타, 오타니, 양키스, 이정후 양키스, MLB 하이라이트, MLB, 쇼헤이 오타니, 이정후 트라웃, 이정후 멀티홈런, 에런 저지, WBC, KBO, 키움, 김하성]",개막 한 달? 일단 모아 왔습니다.｜이정후 2025 MLB 활약상,https://www.youtube.com/watch?v=Ik4ckKTRz0w,906375
all,24,짠한형 신동엽,487,KR,"[ 짠스님들을 위한 짠한형 화깨수 특별할인 ]
👉 특별할인 쿠폰 받으러 가기!!  ✔ 쿠팡 : https://m.site.naver.com/1Gj9S

[ 요즘 대새 숙취해소음료 짠한형 화깨수! ]
식약처 가이드기준 인체적용시험 완료로 숙취해소 개선효과를 확인하였습니다. 
화깨수는 숙취의 원인이자 1급 발암물질인 아세트알데히드 농도를 섭취 30분만에 45% 감소시켰습니다. 아세트알데하이드가 최고점에 다다르기 전에 빠르게 제거해, 숙취와 독성 반응을 미연에 차단해줍니다. 
숙취해소는 속도가 답입니다. 몸이 괴로워지기 전, 먼저 반응하는 똑똑한 케어. 화깨수가 답!! 

[ 화깨수쏭 챌린지 ] 술자리 V-log 이벤트!
화깨수♪ 화깨수 ♬ ♪ 오빠~ 오늘도 화깨수겠죠? 😉♪♬
신나는 술자리 V-log 영상을 “화깨수쏭” 오디오를 사용해 인스타 릴스로 올려주세요. 
화깨수랑 함께하는 영상이라면 더 좋겠죠? 
✔ 술자리 영상 + 화깨수쏭 오디오 ✔ 추첨을 통해 1분에게 🎁 백화점 상품권 10만원권
✔ 30분에게🎁 짠한형 화깨수 1박스(10포입) 증정! 
👉 이벤트 참여하기 https://m.site.naver.com/1GjqG

[ 전국 편의점과 큐마켓에서 찾으세요. ]
✔ 전국 CU, 세븐일레븐, 이마트24 편의점에서 짠한형이랑 눈 마주치면…? 알죠? 😉
✔ 마트배달앱 ""큐마켓""에서도 만나실 수 있습니다. 지금 설치하러 GO~!  
✔ 이플러스마트(일산풍동)에서는 입점특가 행사중이라니 빨리 달려가세요~

===========================================

1년 365일 중 360일 짠하는(🍻)
신동엽의 본격 만취 토크쇼!
[짠한형 신동엽]

고품격 게스트와 즐기는 날 것 그대로의 방송(🥂)
신동엽과 짠하시렵니까?

매주 월요일 저녁 6시 새로운 짠 공개!
(가끔 목요일에도 옵니다)
구독 (🍺) 좋아요 (🍷) 알림설정 꼭이요~

이메일 : zzanbro23@gmail.com
인스타그램 : www.instagram.com/zzanbro

※본 영상과 무관한 내용의 댓글과 출연자에 대한 무분별한 욕설, 조롱, 비난 등 악의적인 댓글은 무통보 삭제될 수 있습니다.

#강주은 #최진혁 #최민수",50MMq2tn8ZE,12353,2025-04-21T09:00:08.000Z,"[최민수, 강주은, 최진혁, 모래시계, 신동엽, 정호철, 술방, 먹방, 와인, 위스키, 소주]",강주은 최진혁 {짠한형} EP. 89 남편없이 술 마시니까 John나게 좋습니다.,https://www.youtube.com/watch?v=50MMq2tn8ZE,811867
all,1,출발! 비디오여행 : MBC 공식 채널,124,KR,"시리즈명: 약한영웅 Class 2
공개: 2025.04.25.
배급: 넷플릭스
감독: 유수민
배우: 박지훈, 려운, 최민영 등

이 동영상은 배급사 또는 한국 지역을 담당하는 수입사가 인증했으며, 적법한 절차를 통해 콘텐츠 자원을 공식적으로 제공받았음을 알립니다. 해당 영상 사용에 이의를 제기한 경우 콘텐츠의 사용 제한을 해제해 주시기 바랍니다.

This video is authorized and confirmed by Korean distributor. I was officially offered the content resources from the Korean distributor on the legit process.
Thus, I contest the copyright report and please lift the restriction of the content.

★★★More clips are available★★★

iMBC
https://program.imbc.com/video

ⓒ MBC&iMBC 무단 전재, 재배포 및 이용(AI학습 포함) 금지",3PNSdOcLXk4,945,2025-04-21T07:00:04.000Z,"[약한영웅, 약한영웅_CLASS2, 학원물, 액션, 드라마, 범죄, 스릴러, 성장, 하이틴, 사회고발, 피카레스크, 넷플릭스, 넷플_오리지널, 박지훈, 려운, 최민영, 유수빈, 배나라, 이민재, 이준영, 웹툰_원작, 출발비디오여행, 출비, 김경식, 김초롱, 서인, 영화대영화]","은장고 씹어 먹은 연시은! 일진 연합에 맞서는 약한영웅 CLASS 2┃약한영웅 Class 2, MBC 250420 방송",https://www.youtube.com/watch?v=3PNSdOcLXk4,121976
all,24,Saerom Min개코의 오픈스튜디오,1757,KR,"4/22(화) 오후 6:00 오픈! 
글맆 공식몰(glyfing.com) 에서, 오직 첫번째 드롭 에서만!
최저가 혜택가로 글루 글로스를 만날 수 있습니다💖


글맆 글루 글로스 5SET (300개 한정!!!)
80,000원 → 25% OFF 60,000원 
➡️개당 12,000원


글맆 글루 글로스 2SET
32,000원 → 20% OFF 25,600원
➡️개당 12,800원


글맆 글루 글로스 단품
16,000원 → 15% OFF 13,600원



EVENT🎁
자유댓글 달아주시는 분 다섯분을 추첨하여 
글루글로스 스페셜 패키지 제품(비매품)을 드려요!
(당첨자발표 : 4월25일, 개별 답댓글과 본문을 통하여)




00:00 인트로
00:35 글루 글로스가 출시했어요!
00:42 글루 글로스 제형
03:34 스페셜 키트!?
4:05 시크릿 QR코드!? 글루글로스 설명자료 살펴보기👀
https://tricolor-muskox-4e2.notion.site/GLYF-1cf0f2a46eca8037b69bff8caa026044
05:01 글루 글로스 스쿱팁
05:55 글루 글로스 컬러 소개
06:51 #소미허니
07:13 #메이플글레이즈
07:39 #피치우즈
08:03 #체리구
08:28 #츄이버블
08:58 구매 방법",0yJqPDMDhz4,3043,2025-04-21T12:31:43.000Z,"[롬앤, romand, 뷰티, beauty, 메이크업, makeup, 개코의오픈스튜디오, 민새롬, saerom, K-beauty, Ktrend, 한류]",[최초공개] 얼마나 끈적하길래...⁉️ 글루 글로스 대신써드림,https://www.youtube.com/watch?v=0yJqPDMDhz4,166965
all,22,이자반,616,KR,"안녕하세요? 이자반입니다.
다이어트가 끝나자마자 일본으로 떠났습니다.

한달간 제 알고리즘엔 각종 먹방 영상들로 가득했는데요, 
특히 그 중 가장 많은 비중을 차지했던 영상이
다름아닌 일본 음식들의 소개 영상이었습니다.

워낙 일본이란 나라를 좋아하기에,
졸업 여행 느낌으로 다시금 찾았는데요

그 첫 행선지는 바로 오사카입니다.
스포를 하나 하자면 현재 도쿄에 와 있구요,
자그마한 단칸방에서 온종일 편집했습니다.
(알아달라는거 맞는것같아요. 감사합니다.)

이제 일본여행 영상들이 쭉 올라갈텐데,
열심히 편집해서 자주자주 찾아뵙겠습니다.

언제나 좋아해주시고 격려해주시고 응원해주시고
많은 사랑 보내주시는 많은 분들께 감사의 말씀 전합니다.
감사랑합니다!

비즈니스 이메일
dragonizi@sandboxnetwork.net

촬영장비
오즈모 액션 5 프로

노트북 레노버 아이디어패드

방문한 식당
1번 라멘 - 무겐 라멘
https://maps.app.goo.gl/mpcjMexgZesQ3PUX9

2번 라멘 - 킨류라멘 미도스지점(본점보다 맛있습니다)
https://maps.app.goo.gl/WCxPMwnSCWHBtLXJA

타코야키 - 타코야키 와나카 도톤보리
https://maps.app.goo.gl/Y7t7caAfytfMq5oQ8

회전초밥 - 대기수산회전초밥 도톤보리점
https://maps.app.goo.gl/PtJbcjor6vMmj9hy9

메론빵 - 멜론 브레드
https://maps.app.goo.gl/nsLyAFb49BwFFYSA9

오코노미야키 & 야키소바 - 오코노미야키 이자카야 현
https://maps.app.goo.gl/yPSnQwqHgFnu5esV9

착장 174/73
모자 https://kream.co.kr/products/349075?fetchRelated=true 7 3/4사이즈
아우터 유먼트 트러커자켓(현재 품절, 재발매일정 없는것으로 앎)
두번째아우터 아크테릭스 바람막이(SV라고 쓰여있는데, 5년도 더 전에 아부지께 물려받은거라 정보없음)
상의 아디다스 져지 https://kream.co.kr/products/318673 L사이즈(살짝 작음)
두번째 유먼트 https://youmant.com/product/%EA%B5%AC%EB%94%94%EC%85%98%EC%B6%94%EC%B2%9C%EC%8A%AC%EB%A6%BC%ED%95%8F%EC%A3%BC%EB%AC%B8%ED%8F%AD%EC%A3%BC-jace-raglan-slim-longsleeve/2104/category/25/display/1/ 블랙
하의 https://youmant.com/product/6%EC%B0%A8-%EC%9E%AC%EC%9E%85%EA%B3%A0-label-work-pants-charcoal/1830/category/185/display/1/ 차콜 L사이즈
신발 나이키 필드제너럴 280
양말 할아버지가주신거 장목양말
팬티 뭐입었더라 기억안남
반지 https://www.musinsa.com/products/4330881 블랙

그리고 채우닭 이벤트는 곧 발표하겠습니다. 감사합니다!",vi0rcYGZD3o,6586,2025-04-20T11:00:49.000Z,"[이자반, 이자반 먹방, 먹방, 먹방 브이로그, 일본, 일본여행, 일본여행 브이로그, 브이로그, vlog, 일상브이로그, 여행, 여행브이로그, 이자반 여행, 이자반 일본, 오사카, 도톤보리, 메론빵, 라멘, 킨류라멘]",일본여행 첫날부터 눈 마주치는 음식 전부 먹는 브이로그,https://www.youtube.com/watch?v=vi0rcYGZD3o,207773
all,10,아이돌 인간극장,1512,KR,"#nctwish #poppop #아이돌인간극장

거침없는 폭로전과 자존심을 건 허벅지 씨름까지😵‍💫
엔시티 위시가 왜 이리 무리해

대본 없는 리얼(?) 다큐 [아이돌 인간극장]에 오신 여러분
모두 환영합니다🎉

Everyone, welcome to real (?) documentary no script [Idol Human Theater]🎉
 
More from #KBSKPOP

Twitter:      https://twitter.com/idolhumandocu
Instagram: https://www.instagram.com/kbs_kpop_official/

🎥제작 : STUDIO K
📩비즈니스 문의 : officialstudiokk@gmail.com

Copyright ⓒ KBS. All rights reserved. 무단 전재, 재배포 및 이용(AI 학습 포함) 금지",rTZmmk5NHGU,20446,2025-04-19T12:00:06.000Z,"[KBS, KBSKPOP, StudioK, 케이비에스, 케이팝, 스튜디오케이, 스튜디오K, 아이돌 인간극장, 아이돌 인생극장, 아인극, 인간극장, 아이돌인간극장, 하이퍼 페이크 리얼리티, 아이돌인생극장, NCT WISH, 엔시티 위시, 엔위시, 시온, 리쿠, 유우시, 재희, 료, 사쿠야, SION, RIKU, YUSHI, JAEHEE, RYO, SAKUYA, NCT WISH poppop, poppop, NCT WISH comeback, 아인극 엔위시, 아이돌 인간극장 엔시티위시, 아이돌 극장, 엔시티위시 인간극장, 엔시티위시 인생극장, 엔위시 인간극장, 엔위시 컴백]","[SUB] ""여러분 믿으면 안 돼요 vs 저는 진실을 얘기했어요"" 엔시티 위시의 폭로전(?) | 아이돌 인간극장",https://www.youtube.com/watch?v=rTZmmk5NHGU,356121
all,24,유 퀴즈 온 더 튜브,708,KR,"티빙에서 스트리밍 : https://tving.onelink.me/xHqC/30a78d6f

유 퀴즈 온 더 블럭
[수] 저녁 8: 45 tvN

#티빙에서스트리밍",hoYkaoF_lGE,9427,2025-04-20T10:58:20.000Z,"[유재석, 유퀴즈온더블럭, 조세호, 티빙에서스트리밍]",[예고] 너 뭐 돼? 학씨 아저씨로 대세가 된 배우 최대훈! 하지만 현실에서는 사실 관식이?!#유퀴즈온더블럭 | YOU QUIZ ON THE BLOCK EP.290,https://www.youtube.com/watch?v=hoYkaoF_lGE,1037799
all,17,스포타임,1930,KR,"#이정후 #기습번트 #활약상 #샌프란시스코

이정후가 미친 기습번트를 보였습니다
자세한 내용은 영상으로 확인하시죠~

👇 2025 MLB 시청하기 👇
SPOTV NOW 💻📱 ☞ https://spotv.net/mlb
SPOTV PRIME 📺👀 ☞  https://www.spotvprime.co.kr/channel",3veRj6plb1c,23833,2025-04-19T04:38:14.000Z,"[이정후, 이정후 활약, 이정후 활약상, 이정후 하이라이트, 이정후 번트, 이정후 안타, 이정후 기습 번트, 이정후 이슈 이정후, 이정후 대타, 이정후 2루타, 이정후 타점, 이정후 적시타, 이정후 이슈, 이정후 경기, 샌프란시스코 경기, SF 경기, 샌프란시스코 하이라이트, 이정후 홈런, 이정후 경기 하이라이트, 이정후 경기 보기, 샌프란시스코 경기 보기, 이정후 경기 활약, 이정후 MLB, MLB 경기, 메이저리그 경기, MLB 경기 하이라이트, MLB 하이라이트, 메이저리그 경기 하이라이트, 이정후 메이저리그, 이정후 메이저리그 하이라이트, 샌프란시스코 경기 하이라이트, 이정후 경기 다시보기]",'기습 번트+3출루' 이정후… 코치도 웃게 만들었다 #SPOTIME,https://www.youtube.com/watch?v=3veRj6plb1c,2473488
all,26,더존하우징,226,KR,"■ 총 면적 : 288.26㎡ / 87.2PY
■ 모델번호 : DUJON R43
-
▶ 시공사례 바로가기 : https://www.dujon.co.kr/SWfw1Kdt
-
현역가왕2 우승자 '장구의 신' 박서진의 부모님을 위한 주택을 직접 소개합니다

살림남에도 소개된 주택으로  박서진과 더존하우징이 함께한 만들어간 주택입니다 많은 관심 부탁드립니다
-
더존하우징의 주택전시장은  화성 / 안동 / 송산 / 세종 / 창원 / 김포 등
전국 각 지역별로 위치해 있습니다 지금 바로 평형대별 모델하우스 관람을 신청해 보세요!
-
건축비관련 문의는 대표 홈페이지 : https://www.dujon.co.kr 또는 
☎1644-3696으로 건축, 모델하우스 관람 문의 남겨주시기 바랍니다

#더존하우징 #박서진 #단독주택 #살림남2 #400회특집 #사천 #삼천포 #장구의신 #현역가왕2 #전원주택 #고급주택 #모던주택",bQH_Lb_8Hg8,,2025-04-19T23:35:01.000Z,"[더존하우징, 전원주택, 목조주택, 모던주택, 모던하우스, 단독주택, 주택설계, 경량목구조, 목구조, 주택, 전원주택단지, 주택단지, 하우스, 주택회사, 시공, home, house, 하우징, 모던, 세미모던, 온라인집들이, home tour, 모던스타일, 집짓기, 마당, 주말주택, 세컨하우스, 주택영상, 하우스투어, 인테리어, 골드홈, 로하스홈, 공간제작소, 한글주택, 한다움, 걸리버하우스, 윤성하우징, 하우스로그, 뜻밖의집, 라리홈, 박서진, 살림남2, 400회특집, 사천, 삼천포, 장구의신, 현역가왕2, 전워주택, 고급주택]",장구의 신 '박서진'이 소개하는 부모님을 위한 사천 삼천포 80평대 단독주택 - 더존하우징 Modern House,https://www.youtube.com/watch?v=bQH_Lb_8Hg8,219564
all,10,ASTRO 아스트로,28650,KR,"#ASTRO #아스트로 #꿈속의문 #Moon

ASTRO - 꿈속의 문(Moon) : Memory of the Moon

with 
VIVIZ (비비지)
민혁, 기현, I.M of MONSTA X 
호시, 원우, 민규, 도겸, 승관 of SEVENTEEN
HELLO GLOOM
라키
최유정
김도연
찬희 (SF9)
방찬 (Stray Kids)
문수아 (Billlie)

▶ Twitter : http://twitter.com/offclASTRO
▶ Facebook : http://facebook.com/offclASTRO
▶ Instagram : https://www.instagram.com/officialastro
▶ Weibo : http://weibo.com/officialASTRO
▶ Fancafe : http://cafe.daum.net/fantagio-boys",UUFJlUy5aA4,601529,2025-04-19T09:00:10.000Z,"[ASTRO, 아스트로, 판타지오뮤직, 판타지오, fantagio, fantagioMusic, ASTROPLAY, 아스트로플레이, 차은우, 문빈, 진진, 엠제이, 윤산하, 라키, ChaEunWoo, MoonBin, JINJIN, MJ, YoonSanHa, ROCKY, 또까, DDOCA, 꿈속의문, Memory of the Moon, Moon, 비비지, VIVIZ, 세븐틴, SEVENTEEN, MONSTAX, 몬스타엑스, 최유정, 김도연, 찬희, SF9, 방찬, 문수아, 빌리, Billlie, StrayKids]",아스트로(ASTRO) - 꿈속의 문(Moon) : Memory of the Moon,https://www.youtube.com/watch?v=UUFJlUy5aA4,3341806
all,22,아이네 INE,752,KR,"250123, 250225, 250405
나 최신폰 가진 여자야
S25 샀습니다
산타를 안 믿었던 아이네

아이네 생방송: https://ch.sooplive.co.kr/inehine
데친 숙주나물: https://www.youtube.com/@Desuk  
아이네 다시보기: https://www.youtube.com/@INE_dasibogi
왁물원: https://cafe.naver.com/steamindiegame
인스타그램: https://www.instagram.com/ine_hamine",Gw9_huda-y4,7455,2025-04-21T09:15:01.000Z,"[아이네, INE, 우왁굳, 왁타버스, 이세돌, 비챤, 릴파, 징버거, 주르르, 고세구, 버튜버, Vtuber, 버츄얼 유튜버, virtual YouTuber]",나 최신폰 가진 여자야,https://www.youtube.com/watch?v=Gw9_huda-y4,145749
all,24,픽고 PICKGO,1153,KR,"#웹드라마 #아싸 #새로다래

새콤달달한 연애 한 번 못해본 창덕궁 다래나무의 염원을 담아
새콤달달한 다래를 가득 담은 새로 다래의 이야기가 궁금하다면?
▶ https://www.youtube.com/watch?v=oXU6JgOVKnE

(이 영상은 롯데칠성음료로부터 제작비를 지원받아 제작되었습니다.)",Fk2o1S6TA14,8322,2025-04-19T10:00:31.000Z,"[웹드라마, 연애, 공감, 픽고, 새로다래, 제로슈거소주, 새로소주, 새로살구, 창덕궁, 친구0명, 아싸, 아싸기질, 자발적아싸, 친구없는사람]",프로 손절러,https://www.youtube.com/watch?v=Fk2o1S6TA14,655088
all,24,파비앙 Fabien Yoon,2263,KR,"#서촌 #나혼자산다 #이사

한국에서 나의 9번 째 이사..
해프닝도 있었고 다사다난했지만
좋은 분들과 함께해서 즐겁기도 했어요

▶︎ 촬영 :  파비앙

▶︎ 기획 : 파비앙

▶︎ 편집 : 오소은

▶︎ https://www.instagram.com/frenchmonster7

▶︎ 방송/광고 문의 : frenchmonster7@naver.com",EbZcfvuafZA,30237,2025-04-20T06:59:10.000Z,,이사했습니다. 한국살이 새로운 시작,https://www.youtube.com/watch?v=EbZcfvuafZA,413144
all,20,우왁굳,465,KR,"포켓몬이 눕프로해커 마다 진화합니다 - 마인크래프트 눕프로해커

0:00 오프닝
0:18 첫번째 라인
2:11 두번째 라인 
4:23 세번째 라인
6:50 네번째 라인
9:26 다섯번째 라인
12:00 여섯번째 라인(썸네일)
15:20 작품 다시보기 
15:49 우승자 발표
16:48 엔딩


[서브채널]

● 왁타버스 : https://www.youtube.com/@waktaverse 
● 왁타버스 ZERO : https://www.youtube.com/@zerowaktaverse
● 우왁굳의 종겜 : https://www.youtube.com/@wakjonggame 

[MORE]

● 우왁굳 생방송 보러가기 : https://ch.sooplive.co.kr/ecvhao
● 우왁굳 팬카페 - 왁물원 : https://cafe.naver.com/steamindiegame 
● 카카오톡 팬치의 일상 : https://e.kakao.com/t/panzee-the-cute-chimpanzee
● 카카오톡 왁모티콘 1 : https://e.kakao.com/t/woowakgood-so-good
● 카카오톡 왁모티콘 2 : https://e.kakao.com/t/woowakgood-so-good-ver-2


[SNS]

● 우왁굳 인스타그램 : https://www.instagram.com/instawakgood 
● 웰시코기메시 인스타그램 : https://www.instagram.com/welshcorgimessi
● 트위터 : https://www.twitter.com/jinjjawakgood 


광고 문의 : marketing@parable-asia.com",x2L9Hfeok4o,10299,2025-04-21T03:58:04.000Z,"[우왁굳, 우왕굳, 왁두, 종합게임, 리그오브레전드, 스팀게임, 쿠소게임, 인디게임, 배틀그라운드, 배그, vr, 마인크래프트, 마크, vrchat, vr챗, 노가리, Minecraft, noop, pro, hacker, noobprohacker, 고정멤버, 고멤, 고멤아카데미, 아카데미, 유치원, 고멤유치원]",포켓몬이 눕프로해커 마다 진화합니다 - 마인크래프트 눕프로해커,https://www.youtube.com/watch?v=x2L9Hfeok4o,378762
all,22,planD플랜디,1087,KR,"이 영상은 플로로도라의 유료광고가 포함되어 있습니다

🌿 카밍아일랜드 40% off  플랜디 할인코드 자사몰 프로모션
국내 최초 병풀꽃 추출물 수분/진정 라인 카밍아일랜드 
전 상품을 구독자 전용 특가로 만나볼 수 있어요!
🌿 바로가기 https://florodora.co.kr/shopinfo/event_planD.html

✨ ついにローンチ！フロロドラ、日本公式ショップOPEN！
今だけのローンチ特価でお試しいただけます✨
▶ https://www.qoo10.jp/shop/florodora

🌿 플랜디 구독자 이벤트
상품(100명): 플로로도라 퍼밍에센스+수건 리미티드 기획세트
참여방법: 댓글작성(내용자유)+폼작성(폼 내용: 이름,전화번호,플로로도라 자사몰 회원 가입 후 아이디)
폼링크:https://naver.me/FnmKg7Kz
참여기간:업로드직후~5월6일(화) 23시59분까지
당첨자발표: 5월8일(목) 남겨 주신 연락처로 당첨자 개별 문자 알림 (자사몰 상품 쿠폰으로 지급, 직접 주문하시어 수령)

We kindly ask for your understanding that this giveaway event is only open to participants residing in Korea.

この抽選イベントは韓国にお住まいの方のみご参加いただけますので、ご了承ください。

안녕하세요 여러분 
이번 영상은 혼자 제주여행 간 일상을 가져왔어요 🍊
내내 날씨가 너무 좋았고 조용한 마을에 핀 유채꽃도 예뻤고 
맛있는것도 잘 먹고 돌아온 여행이었습니다 🌿
이번 일상도 편히 봐주세요. 감사합니다🧡



청자켓 │ 닐바이피 25SN denim crop shirts jacket [BL]
반팔 원피스 │ 닐바이피 25SN pleats long ops
스커트 │ 룩캐스트 아일라  롱 플레어 스커트_화이트 



컨텐츠 제작의 마무리는 컨텐츠플라이! 글로벌 진출을 위한 최고의 파트너,
CONTENTSFLY에서 제작되었습니다.
https://www.contentsfly.com",MJ1712ftwu0,18572,2025-04-20T07:59:43.000Z,,"나혼자 제주여행, 뚜벅이로 종달리마을 힐링하는 자취일상. 제주바다보며 자전거타기. 불멍",https://www.youtube.com/watch?v=MJ1712ftwu0,453608
all,26,회사원A,747,KR,"얼굴이 빨개서 슬픈 아이지만...
여러분에게 도움이 됐다면 난 더 이상 슬프지 않ㅇr...★

02:34 정샘물
05:04 파넬

07:02 헤라
09:39 웨이크메이크

12:16 라네즈
14:41 에스쁘아

14:50 순위",2DQfxV6ob5I,9683,2025-04-19T10:00:07.000Z,"[makeup, 메이크업, メイク, メイクアップ, 화장법, 화장, 뷰티, 회사원A, 회사원B]",광고❌ 보정❌ 진심만 100% 담은 쿠션 리뷰!!ㅣ홍조+모공쟁이들 당장 들어왓!🔥,https://www.youtube.com/watch?v=2DQfxV6ob5I,492284
all,22,김복순,781,KR,"00:00 조방낙지4인+우동사리+내가진짜떡볶이다:당면수제만두15개
09:30 직접만든생딸기타르트3호:다람테이블레시피+설빙:생딸기요거초코볼
16:35 맥도날드:상하이투움바버거+슈비투움바버거+맥치킨모짜렐라버거+베이컨토마토디럭스버거+더블쿼터파운더치즈버거+초코츄러스+맥너겟8조각+감자튀김+양송이가득넣은크림스프
26:01 춘하추동:비빔밀면곱빼기3개+원카츠:고구마치즈돈까스2개

오늘의일기 - https://www.youtube.com/watch?v=LNhcthtNlyQ&t=0s
오늘의일기 - https://www.youtube.com/watch?v=pc4mARXgyNY&t=0s
오늘의일기 - https://www.youtube.com/watch?v=loCoQfr6RW4&t=0s
오늘의일기 - https://www.youtube.com/watch?v=Jew0A-_H5jo&t=0s
오늘의일기 - https://www.youtube.com/watch?v=09M2BGekh5s&t=0s

생딸기타르트레시피:다람테이블 -
https://youtu.be/dCuL27UWQIM?si=aigeXuovRdtesf9Z

 #먹방 #먹방브이로그 #mukbang",MOI0--odDpc,,2025-04-20T07:54:01.000Z,"[yt:cc=on, 먹방, 먹방브이로그, 폭식, 폭식브이로그, 디저트먹방, 케이크먹방, 대식가먹방, 먹방asmr, mukbang]","방구석에서 나홀로 부산 음식 탐방 1탄! 조방낙지 vs 비빔밀면🍽️ | 조방낙지낙곱새,춘하추동비빔밀면,직접만든생딸기타르트,설빙생딸기요거초코볼,고구마치즈돈까스,맥도날드상하이투움바버거",https://www.youtube.com/watch?v=MOI0--odDpc,188416
all,24,JAYKEEOUT 제이키아웃,1896,KR,"@MANSUN HOF HANNAM

-

✓ This video was sponsored by ‘INIC’

-
email / jaykeeout@vyoova.com
instagram / http://instagram.com/jaykeeout

ⓒ2025. VYOOVA Corp. All rights reserved.",_CFgmmFvjjA,22337,2025-04-18T14:11:37.000Z,"[social experiment, prank, interview, korean interview, korean social experiment, korean prank, 사회실험, 몰래카메라, 인터뷰, 실험카메라, bgl, backgroundlive, beast, highlight, 비스트, 하이라이트, 없는엔딩, 윤두준, 이기광, 양요섭, 손동운]",Singing live undercover pretending to be a track (ft. BEAST) [BGL : Background Live] | JAYKEEOUT,https://www.youtube.com/watch?v=_CFgmmFvjjA,500730
all,22,찰스엔터,2186,KR,"연습생 여러분 안녕하세요!! 제 베프 현지랑 오키나와가서 4일 동안 푹쉬다 왔어요!
여행 가기 전에는 사실 가기 귀찮은 마음이 컸는데 다녀오니 저한테 너무 필요한 시간이었더라구요..

이번 영상도 재밌게 봐주시면 넘 감사하겠습니다!!❤️ 

많이 물어봐주시는 정보!

[도트 바람막이] 
릿킴(근데 현재 판매하지 않는 것 같아요ㅠㅠ 찾아봐도 왜 안나올까요..)

[광각렌즈 정보] 
오즈모 포켓3: 패키지 포함되어 있는 광각렌즈 사용
평소 아이폰15pro로 촬영 할 땐 넥스트 광각렌즈 0.3배율 사용 쿠팡에서 팔아요 

[목걸이]
넘버링 십자가 목걸이 실버

[선글라스]
산드로 선글라스 SD6083 검정색 


BGM 출처 링크:  [잠겨 죽어도 좋으니 너는 물처럼 내게 오라] https://gongu.copyright.or.kr/gongu/wrt/wrt/view.do?wrtSn=13262513&menuNo=200026",45hKHD0yP5A,20816,2025-04-17T09:00:09.000Z,,오키나와까지 가서 아무것도 안하는vlog,https://www.youtube.com/watch?v=45hKHD0yP5A,1170099
all,23,띱 Deep,2203,KR,"#띱 #연애  #스케치코미디 

짝사랑

아이디어 출처 : 라디오 12시엔 주현영, 목동리서치 연구소 2025.4.11

후배여 / 김규남 - https://www.instagram.com/knamiiiiii/
선배남 / 윤혁준 - https://www.instagram.com/yhjune/
후배친구남 / 윤태용 - https://www.instagram.com/actor_y16/
선배친구여 / 서수민 - https://www.instagram.com/zzing_e_rang/
선배친구남 / 남중규 - https://www.instagram.com/namdoonggu/",ljSJJFfGIJQ,34904,2025-04-19T03:00:59.000Z,"[동영상, 공유, 카메라폰, 동영상폰, 무료, 올리기, 스케치코미디, 개그, 코믹숏무비, 김규남, 윤태용, 윤혁준, 연애, 짝사랑]",내가 좋아하는 사람은 왜 날 안 좋아할까,https://www.youtube.com/watch?v=ljSJJFfGIJQ,1665753
all,23,더블비,775,KR,"맥북 훔친돈 좀 남았는데 뭐시켜먹지ㅎㅎㅎ

광고,협찬 문의  mingyu3@naver.com

인스타그램    장명준 mang_jun_     
                        박민규  mingggkiiii",9oXsYiJl56E,8353,2025-04-19T10:14:01.000Z,,맥북 훔치고 돌려주는척 잡힐듯 말듯 열받게 약올리고 해외로 도망가기ㅋㅋㅋ,https://www.youtube.com/watch?v=9oXsYiJl56E,667551
all,24,Pixid,4279,KR,"#최애의최애 #장하오 #제로베이스원 #수빈 #TXT

설레는 마음으로 새로운 동아리에 찾아온 수빈
그런데 이번에는 뭔가 냄새가 수상하다…?!
강렬한 향과 함께 찾아온 두리안 동아리 회장, 제로베이스원 장하오!

두리안 케이크부터 두리안 라떼, 두리안 피자까지...
두리안에 잡아먹힌 오늘의 동아리 발표회

과연 수빈은 동아리에 무사히 가입할 수 있을까?

00:00 오늘의 발표자 미리보기
04:30 발표 시작
04:33 두리안이란 무엇인가?
06:02 두리안 입덕 계기
08:24 두리안 이만큼 좋아해…❤️
14:26 두리안 해체쇼쇼쇼!
19:55 ⭐️두리안 디저트 한상차림⭐️
23:18 하오 정식 최초 공개
32:48 다음 발표자 스포

💖최애의 최애💖
💖매주 목요일 오후 7시💖

#수빈 #최애의최애 #픽시드 #투모로우바이투게더 #TXT",wMxeNpX-l48,76960,2025-04-17T09:58:07.000Z,"[최애의최애, 최최, 최수빈, 수빈, TXT, 투모로우바이투게더, 투바투, TOMORROWXTOGETHER, 오타쿠발표회, 장하오, 제로베이스원, ZEROBASEONE, 두리안, 두리안먹방, 과일, 과일의왕, 냄새]",[ENG/JPN/CHN] 두리안 처음 먹어본 아이돌 찐반응 (???: 끝까지 먹일 거야.) l TXT(투모로우바이투게더) 수빈 l 제로베이스원 장하오 l 최애의 최애,https://www.youtube.com/watch?v=wMxeNpX-l48,1053923
