channelImage,channelLink,channelName,rank,thumbnailUrl,videoLink
https://i.playboard.app/p/ESeFH2AUcsxtnfxFOPxL3OBkZzpLmxF39-NAjXM5DiVj7qcVvL-2Wt6DINB0RjHAKzJdNEiJ/100x100.jpg,https://youtube.com/channel/UCkLNHZZsC3LKdUAroKNwOOw,CuRe 구래,1,https://img.youtube.com/vi/WzdLdGe0lA8/mqdefault.jpg,https://youtube.com/video/WzdLdGe0lA8?channelId=UCkLNHZZsC3LKdUAroKNwOOw
https://i.playboard.app/p/Vk63TZr8EN-cKYWeSg1JnE9UroOd8gx2Bt4dQB2Jts67OiuKwJC69cHR6Ddhk5ENBXW9Qp38pEA/100x100.jpg,https://youtube.com/channel/UC2qKQjnZI_tnG7XemGBOHxQ,Jeffrey X,2,https://img.youtube.com/vi/XqBI2OgvtZ8/mqdefault.jpg,https://youtube.com/video/XqBI2OgvtZ8?channelId=UC2qKQjnZI_tnG7XemGBOHxQ
https://i.playboard.app/p/8EBmqTXVxYND9Szk6RHWXt7t6dZF4vhGe78IKSuV5Jqb5GpEr_hDWBUvd-DTT7VpeCV8BQak/100x100.jpg,https://youtube.com/channel/UClKMQvXzykN067tLhvXHHxw,요즘예능 1분요약,3,https://img.youtube.com/vi/QB8-Sb6Ml4U/mqdefault.jpg,https://youtube.com/video/QB8-Sb6Ml4U?channelId=UClKMQvXzykN067tLhvXHHxw
https://i.playboard.app/p/aazjICpI93HlOOfb0y7qET9Y4xqL_Gs9bT-ArwQVbolqBYyKKaZlmLaMCU4DBlZ_Ho82f6OrE0Y/100x100.jpg,https://youtube.com/channel/UCg19Zha1-MjPoxNZYhDuWiQ,최반응,4,https://img.youtube.com/vi/mpKlMYi3uoA/mqdefault.jpg,https://youtube.com/video/mpKlMYi3uoA?channelId=UCg19Zha1-MjPoxNZYhDuWiQ
https://i.playboard.app/p/M6-9gTksE8E4K6qL4FKfvqL1IijFZBsr3gsnSr19RF9CjGBsYZ2C6Gc2xqweMU5h1oovco_V/100x100.jpg,https://youtube.com/channel/UCmjjgsm51PYMPf5REDylbSA,김켈리 Kellyfornia,5,https://img.youtube.com/vi/OrbpU2gCnSQ/mqdefault.jpg,https://youtube.com/video/OrbpU2gCnSQ?channelId=UCmjjgsm51PYMPf5REDylbSA
https://i.playboard.app/p/IJ71CRq47xMjkKXuD--J3niiqDnXDXOISNQz-l06Fhcd6-dE6h0Of6UAM59Zt3eus_RltueyAw/100x100.jpg,https://youtube.com/channel/UCNcnpXLLeDXL8MAxJULtqzA,Олег Ким,6,https://img.youtube.com/vi/v0WVMmpNYNI/mqdefault.jpg,https://youtube.com/video/v0WVMmpNYNI?channelId=UCNcnpXLLeDXL8MAxJULtqzA
https://i.playboard.app/p/wciGHiiN0QOnbyP8NGmWLPdB4mWOiUYNvcnBJwqmc7XmboZdzd8yBOY_7Ktiu8c01glOrN_5SA/100x100.jpg,https://youtube.com/channel/UC6yEsiYQjnLve24g34lVa1w,낭만박상환,7,https://img.youtube.com/vi/eS205jWbaWM/mqdefault.jpg,https://youtube.com/video/eS205jWbaWM?channelId=UC6yEsiYQjnLve24g34lVa1w
https://i.playboard.app/p/oWNCy7qa745ZzC2JMY9QkPwKusJvvV2ua9VMZ8qpjyvdr6cZLmxXgpIvHICPeVO_-4mZlZsY/100x100.jpg,https://youtube.com/channel/UCF24NMvY6K0wUUaRR2jscQA,일분일초,8,https://img.youtube.com/vi/DVNbyqGXoOc/mqdefault.jpg,https://youtube.com/video/DVNbyqGXoOc?channelId=UCF24NMvY6K0wUUaRR2jscQA
https://i.playboard.app/p/gW5w5MVULRBLouKjAdHe1ozA-2xlEjqRvkbnWjHn8RZsH7cXvOP2AVjBQI6h4WsvzcX--oaL6w/100x100.jpg,https://youtube.com/channel/UCvcW9r7VlvqkfrXZUMxq9Eg,심심숏폼,9,https://img.youtube.com/vi/PNyPcSdQ6nU/mqdefault.jpg,https://youtube.com/video/PNyPcSdQ6nU?channelId=UCvcW9r7VlvqkfrXZUMxq9Eg
https://i.playboard.app/p/sYV8ECj04-rifym_0hMuN5mEMRMamO6JMF7EyfI8xUPncROgILpZn8Usoxbr4DdaVdxMtI-90A/100x100.jpg,https://youtube.com/channel/UCpBpsIYfgEe2s-zazZ643xw,모르면개손해,10,https://img.youtube.com/vi/aRQeoD0fwoU/mqdefault.jpg,https://youtube.com/video/aRQeoD0fwoU?channelId=UCpBpsIYfgEe2s-zazZ643xw
https://i.playboard.app/p/AAUvwnggIhnENmuNHKPnjbydSQfpSK1llV3QxALgslPwVA/100x100.jpg,https://youtube.com/channel/UCN5oT4zGJX-_H6pE5isAEeg,군림보,11,https://img.youtube.com/vi/dJzoRk4XVX4/mqdefault.jpg,https://youtube.com/video/dJzoRk4XVX4?channelId=UCN5oT4zGJX-_H6pE5isAEeg
https://i.playboard.app/p/b2qGz1kVFdc4dMj93eZ283--ahapvkrP4-7_yHQzf6qqFulf7TuvzE10GNb0erXXU7iF77Wi0jU/100x100.jpg,https://youtube.com/channel/UCFzjsxlOqoJ-U5QJmGBlJ_g,김동희 세계관,12,https://img.youtube.com/vi/I_tZWLcidNQ/mqdefault.jpg,https://youtube.com/video/I_tZWLcidNQ?channelId=UCFzjsxlOqoJ-U5QJmGBlJ_g
https://i.playboard.app/p/_U-mA1B28P90JrE_9q-YZw-i54ymn_WdJQJXOcuSUcchYjfvxeigAgQzV1UVwrXMDgwWt8rO1g/100x100.jpg,https://youtube.com/channel/UCLvk7dfQZRLieDesCF232sg,시간 훅 가는 쇼츠,13,https://img.youtube.com/vi/u-u05W2l-9E/mqdefault.jpg,https://youtube.com/video/u-u05W2l-9E?channelId=UCLvk7dfQZRLieDesCF232sg
https://i.playboard.app/p/AIdro_kqf6MgVU6c8LWzVAVqpggLLS4bTxdKe_aiQzM17HsqRhk/100x100.jpg,https://youtube.com/channel/UCsJ6RuBiTVWRX156FVbeaGg,슈카월드,14,https://img.youtube.com/vi/6EsWY70WMOU/mqdefault.jpg,https://youtube.com/video/6EsWY70WMOU?channelId=UCsJ6RuBiTVWRX156FVbeaGg
https://i.playboard.app/p/833529c481cbd3dc75aa5dc086ff3b7f/100x100.jpg,https://youtube.com/channel/UCBtHH4sZ7t0M5UYd6vWVqTA,깃털유머,15,https://img.youtube.com/vi/g4lRATTSI9o/mqdefault.jpg,https://youtube.com/video/g4lRATTSI9o?channelId=UCBtHH4sZ7t0M5UYd6vWVqTA
https://i.playboard.app/p/vJ7XYlZBu1qQaI4C62eBo9ZOQntolwQKUormhW97qQewb6_GQvqFrf3zaSvMkXy0UrHL1DWF/100x100.jpg,https://youtube.com/channel/UCo7Im_oVhthgTL8PQPo1fPw,쇼케치북,16,https://img.youtube.com/vi/4RCegJR22OI/mqdefault.jpg,https://youtube.com/video/4RCegJR22OI?channelId=UCo7Im_oVhthgTL8PQPo1fPw
https://i.playboard.app/p/AAUvwniijH75j3mYxdhJDtUQmpurhVXiXaD2k8bJQ3Shmg/100x100.jpg,https://youtube.com/channel/UC5xLohcPE65Y-U62X6snmRQ,빠더너스 BDNS,17,https://img.youtube.com/vi/o6dK1AQWVBA/mqdefault.jpg,https://youtube.com/video/o6dK1AQWVBA?channelId=UC5xLohcPE65Y-U62X6snmRQ
https://i.playboard.app/p/xw3u3zB5J2amvyxWD5beGRQzhMWyX9imd1s6zdzvaptrvmaqI8tFogOD9aIO3IrItnE703mKNA/100x100.jpg,https://youtube.com/channel/UCk-c9DBq6B9Wd-d5jj8aSww,해피빈,18,https://img.youtube.com/vi/_RGO3WwXFis/mqdefault.jpg,https://youtube.com/video/_RGO3WwXFis?channelId=UCk-c9DBq6B9Wd-d5jj8aSww
https://i.playboard.app/p/GEGerduB8x5U2eREwgyvShk_14QshtGhxZSYPcbMu7dmiu0f9fSq0ln-eDrTLRbx3jzawBUzjA/100x100.jpg,https://youtube.com/channel/UCBP9m4-77BpUCPX14sPaItw,우기유니,19,https://img.youtube.com/vi/3z9rhCg74cU/mqdefault.jpg,https://youtube.com/video/3z9rhCg74cU?channelId=UCBP9m4-77BpUCPX14sPaItw
https://i.playboard.app/p/APkrFKYMvXPDKbhg0G19OR9AbfdRC5aX60zEc4FdJl_6/100x100.jpg,https://youtube.com/channel/UCd4BxCKyMHG2J0X1SerTPaQ,이동형TV,20,https://img.youtube.com/vi/CBpBXwCCRvM/mqdefault.jpg,https://youtube.com/video/CBpBXwCCRvM?channelId=UCd4BxCKyMHG2J0X1SerTPaQ
