category,categoryId,channelTitle,commentCount,country,description,id,likeCount,publishedAt,tags,title,url,viewCount
comedy,22,예능내컷,1007,KR,#shorts #아는형님 #강호동 #서장훈 #김영철 #이수근 #김희철 #민경훈 #이상민,ORoA7-K_Xe4,76505,2025-04-19T15:21:00.000Z,,미스터 비스트 더빙 녹음하면 페이는 얼마 받을까? #shorts #아는형님,https://www.youtube.com/watch?v=ORoA7-K_Xe4,3417044
comedy,17,esports KBS,536,KR,"Copyright ©️ KBS. All rights reserved. 무단 전재, 재배포 및 이용(AI 학습 포함) 금지",GmWDw5hkr78,17532,2025-04-20T23:00:12.000Z,,체급 무관 유단자는 건드리면 안되는 이유 #우리동네예체능 #이수근 #강호동 #태권도 #유단자,https://www.youtube.com/watch?v=GmWDw5hkr78,1931626
comedy,23,요즘예능 1분요약,1625,KR,SNL 김원훈 애드립 웃참 실패한 서예지 #shorts #snl7 #쿠팡플레이,GQHhiQOwkpo,144412,2025-04-14T03:00:13.000Z,"[snl, snl 코리아, snl7, snl시즌7, 서예지, 서예지 딱딱, 김원훈, 가스라이팅, 김원훈 애드립]",SNL 김원훈 애드립 웃참 실패한 서예지 #shorts #snl7 #쿠팡플레이,https://www.youtube.com/watch?v=GQHhiQOwkpo,7857461
comedy,22,1분책임,1540,KR,"#shorts #스케치코미디 #웃긴짤 #유머 #재밌는영상 #남사친 #여사친 #연애 #커플 

📌풀영상은 ""럽씨"" 유튜브 채널에서 원본으로 보실 수 있습니다
(응큼한 생각하지마라 ㅡㅡ편)
링크: https://youtu.be/8w0EGBHsQeM?si=aqjRU0jHfyiA4uBV
✔모든 영상은 풀영상으로 꼭 보시는 것을 추천드립니다.✌️

#키스",0TyxWDdLWkk,59718,2025-04-18T10:00:06.000Z,,이래서 남사친 여사친이 없는듯,https://www.youtube.com/watch?v=0TyxWDdLWkk,2976240
comedy,23,심심숏폼,232,KR,,cvrdc3FsoE8,100136,2025-04-18T09:30:29.000Z,,이런 여자와 꼭 결혼 해야 하는 이유 #스케치코미디 #코미디 #유머,https://www.youtube.com/watch?v=cvrdc3FsoE8,2530173
comedy,22,드라마내컷,575,KR,#shorts #킹더랜드 #이준호 #임윤아 #고원희 #김가은 #김선영,WG7juzwxzwE,51165,2025-04-15T11:11:00.000Z,,"진짜로 손만 잡고 자면 어떡하냐, 이 등신아!!! #shorts #킹더랜드",https://www.youtube.com/watch?v=WG7juzwxzwE,5190675
comedy,23,쇼케치북,336,KR,#스케치코미디 #킬링타임,HQrOVPMMeZA,27375,2025-04-18T09:00:33.000Z,,돈자랑 하던 친구들 벤틀리로 참교육,https://www.youtube.com/watch?v=HQrOVPMMeZA,2186211
comedy,24,이슈탐구생활,124,KR,"원조가수 2명? 히든싱어 뒤집어놓은 도플갱어

#히든싱어 #이재훈 #쿨 #윤일상 #도플갱어 #모창 #성대모사",aotd-Yei3Nw,11758,2025-04-18T17:14:13.000Z,,원조가수 2명? 히든싱어 뒤집어놓은 도플갱어,https://www.youtube.com/watch?v=aotd-Yei3Nw,1755307
comedy,23,예능엑기스,163,KR,"#snl시즌7 #snl코리아 #snl윤경호

🎭 SNL 시즌7 윤경호 편, 이번엔 1980년대 감성 상담소!

‘노처녀’, ‘직업’, ‘남녀 역할’, ‘콤퓨타’까지…

80년대 방송에서나 나올 법한 대사들을
2024년 감성으로 재해석한 병맛 풍자 코미디입니다🙃

※ 진지하게 보지 마세요ㅋㅋ
각종 레전드 대사 폭발💣

예능엑기스에서 매주 가장 핫한 SNL 쇼츠만 모아드려요.

구독하고 다음 꿀잼 영상도 놓치지 마세요!

#snl시즌7 #쿠팡플레이

#신동엽 #안영미 #정상훈 #김민교 #정성호 #정이랑 #권혁수 #이수지#김원훈 #지예은 #김규원 #이진혁 #차경은 #조민경

🚩SNL 코리아 풀버전은 쿠팡플레이에서!
https://coupangplay.app.link/EH7EuGayEHb",rjAZzPio2A4,24206,2025-04-20T09:01:12.000Z,,"SNL| 1980년대 상담소 클라스ㅋ,26살 여성 극딜당하는 순간",https://www.youtube.com/watch?v=rjAZzPio2A4,1479891
comedy,22,1분유튜브,104,KR,#웃기시네 #스케치코미디 #동거 #일진,spIcATGfgsg,46876,2025-04-18T12:31:05.000Z,"[웃기시네, 웃기시네 동거, 웃기시네 계약동거, 웃기시네 동거 몰아보기, 웃기시네 계약동거 몰아보기, 웃기시네 동거 31, 웃기시네 동거 쇼츠, 웃기시네 계약동거 31, 웃기시네 계약동거 모음, 웃기시네 쇼츠, 웃기시네 몰아보기, 웃기시네 모음, 스케치코미디, 스케치코미디 동거, 스케치코미디 동거 몰아보기, 스케치코미디 동거남녀, 스케치코미디 동거 31, 스케치코미디 동거녀, 스케치코미디 여자, 스케치코미디 쇼츠, 스케치코미디 채널, 스케치코미디 몰아보기, 스케치코미디 모음, 동거, 동거 몰아보기, 동거계약, 동거계약 몰아보기, 동거계약 31, 계약동거, 계약동거 몰아보기, 동거남녀, 동거남녀 몰아보기, 동거녀, 동거녀 웃기시네, 웃긴영상, 웃긴영상 레전드, 웃긴영상 쇼츠, 웃긴영상 채널, 웃긴영상 모음, 1분유튜브, 시간훅가는쇼츠, 시간훅가는채널, 뭐볼거없나, 재밌는 영상, 재밌는 영상 레전드, 재밌는 영상 모음, 재밌는 영상 쇼츠, 쇼츠]",삥뜯는 일진 참교육,https://www.youtube.com/watch?v=spIcATGfgsg,1861136
comedy,24,한 줄 판결,161,KR,,h92EaTrLLZU,41771,2025-04-18T02:09:00.000Z,,심사위원도 놀란 8살 마술 천재,https://www.youtube.com/watch?v=h92EaTrLLZU,1759252
comedy,23,일분일초,339,KR,#9,DVNbyqGXoOc,22760,2025-04-21T07:00:10.000Z,,개꿀 승객을 태운 택시기사의 최후,https://www.youtube.com/watch?v=DVNbyqGXoOc,983234
comedy,24,더+이슈,123,KR,#kpop #케이팝 #아이돌 #korea #배우 #개그맨 #정경호 #오나라 #이용진 #웃긴영상 #유머 #레전드 #남자친구 #여자친구 #커플,wAZb5xOQJBY,32250,2025-04-19T06:30:30.000Z,"[kpop, idol, 케이팝, 아이돌, 여돌, 남돌, 걸그룹, 보이그룹, 여자그룹, 남자그룹, 배우, 개그맨, 이용진, 정경호, 오나라, 수영, 깻잎, 새우, 꺳잎논쟁, 새우논쟁, 스키장, 여자친구, 남자친구, 커플, 극대노, 여자, 남자, 웃긴영상, 유머, 레전드, 웃음]",새우 논쟁ㅋㅋㅋ #shorts #아이돌,https://www.youtube.com/watch?v=wAZb5xOQJBY,1412526
comedy,22,잼미니채널,43,KR,,SgaKHOBnGHA,32906,2025-04-19T08:45:01.000Z,,사촌 오빠 입점 시키려고 국수집 업무 방해하는 직원 해고한 사장님,https://www.youtube.com/watch?v=SgaKHOBnGHA,785827
comedy,1,누워봐,3055,KR,#SNL7 #쿠팡플레이 #윤경호  #신동엽 #지예은 #김민교 #대선후보 #김문수,W23-zszJjPg,18394,2025-04-21T02:30:33.000Z,,이걸 대놓고 한다고? 김문수한테 119 갑질 똑같이 해준 지예은 ㅋ,https://www.youtube.com/watch?v=W23-zszJjPg,941234
comedy,24,사내뷰공업 beautyfool,358,KR,"아이고 찌뿌등해 아이고 찌뿌등해

-
Instagram📷 https://www.instagram.com/beauty_fo.ol/
TikTok🎵 tiktok.com/@beauty.fo_ol",WwsmIlRbOdA,61063,2025-04-18T08:00:40.000Z,"[틱톡, 릴스, 쇼츠, 상황극, 공감, 일상, 콩트, 유머, 사내뷰공업, 아리, ari, beautyfool, tiktok, reels, shorts, sitcom, korean, 비행기, 여행, 장거리, 장거리비행, 비행, 장거리비행기, 아시아나, 대한항공, 여행영상, 여행비행기, 기내식, airplane]",이코노미 타고 장거리 비행 갈 때 공감✈️ #shorts,https://www.youtube.com/watch?v=WwsmIlRbOdA,1453695
comedy,24,미남재형,569,KR,#미남재형 #food #lifestyle #shorts #meme #mufasa #영화 #드라마 #스케치코미디,o2BgF4_a5Fc,53016,2025-04-16T03:00:51.000Z,,유부남과 실세,https://www.youtube.com/watch?v=o2BgF4_a5Fc,2210937
comedy,23,김켈리 Kellyfornia,622,KR,,x3qTW_VwSvs,64536,2025-04-18T10:01:35.000Z,,내멋대로 살아도 되는 이유 (ib: marrkadams89‬),https://www.youtube.com/watch?v=x3qTW_VwSvs,1400606
comedy,23,꿀잼츄러스,2599,KR,,YJJsEbgpPqY,90042,2025-04-16T08:02:00.000Z,,남자 매력 쩌네ㅋㅋㅋㅋㅋㅋㅋㅋㅋㅋㅋㅋㅋㅋ,https://www.youtube.com/watch?v=YJJsEbgpPqY,2912262
comedy,22,웜뱃똥,82,KR,,bFkih5fbOyE,5951,2025-04-21T21:00:39.000Z,,심형래보다 웃긴 일반인,https://www.youtube.com/watch?v=bFkih5fbOyE,505238
comedy,10,달나라쑝간다,87,KR,#옛날영화 #코미디영화 #추천영화 #명작 #안성기 #박중훈 #김보성 #권민중 #경찰영화,EI0zoK_GhMo,9678,2025-04-18T12:45:03.000Z,,존예 신입 형사가 버스를 타고 가면 생기는 일 #투캅스3,https://www.youtube.com/watch?v=EI0zoK_GhMo,1225544
comedy,24,엠뚜루마뚜루 : MBC 공식 종합 채널,209,KR,"ⓒ MBC&iMBC 무단 전재, 재배포 및 이용(AI학습 포함) 금지",DYI3jdxjsjs,27339,2025-04-16T10:00:27.000Z,"[굿데이, GD, 김태호, 250413, 지디, 권지용, 지드래곤, 조세호, 코쿤, 빅뱅, MBC, goodday, G-DRAGON, 김태호PD, MBCent, 정형돈, 데프콘, 코드쿤스트, 음악, 예능, Kwon Ji-yong, Jeong Hyeong-don, Defconn, Jo Se-ho, Code Kunst, Music and Entertainment, T70716G, 정해인, 이수혁, 임시완, 황광희, 홍진경, 기안84, 부석순, 세븐틴, 안성재, 김고은, 지디노래, 에스파, 데이식스, 형용돈죵, 녹음, 황정민]",광희가 지용이 연락처 저장하는 법ㅋㅋ #굿데이 #GD #광희,https://www.youtube.com/watch?v=DYI3jdxjsjs,1756805
comedy,24,침착맨,1110,KR,"• 이 클립이 나온 영상
(https://youtu.be/Tt98HJF4CvA?si=xfM05bHCUUe2x-Mj)

• 2025년 04월 05일 방송분
(https://www.youtube.com/live/W425KKGvfAg?si=KGwxJAWn6N9E7R56)

▶편집: 13수자",cDop9LM6q40,36181,2025-04-16T08:00:50.000Z,,외톨이,https://www.youtube.com/watch?v=cDop9LM6q40,2052428
comedy,22,무비반장,144,KR,#신병3,AxqIha4-U0Q,6705,2025-04-22T15:42:30.000Z,,가라 중대장이 시키는건 잘 해야 함,https://www.youtube.com/watch?v=AxqIha4-U0Q,435070
comedy,24,쇼츠공장,300,KR,,Cr2cS_CxYxA,27924,2025-04-16T15:59:48.000Z,,한국 남자랑 할 때 자세를 자주 바꿔서 힘든 오구라 유나  #노빠꾸탁재훈 #shorts,https://www.youtube.com/watch?v=Cr2cS_CxYxA,2205932
comedy,22,한컷무빕,105,KR,,qbwKzXmMY9w,23951,2025-04-17T22:01:04.000Z,,달콤한 초콜릿 공장에 숨겨진 비밀,https://www.youtube.com/watch?v=qbwKzXmMY9w,1289631
comedy,23,웃긴유머,156,KR,,aha02baoCrk,25887,2025-04-18T08:32:44.000Z,,신뢰의 중요성,https://www.youtube.com/watch?v=aha02baoCrk,947005
comedy,1,나예최예나,1086,KR,#권은비 #양세찬 #shorts,Bgm1DgBZ_aU,31622,2025-04-17T13:06:59.000Z,,너 내가 아는 언니랑 사귀었잖아,https://www.youtube.com/watch?v=Bgm1DgBZ_aU,1900036
comedy,1,티비꿀잠,172,KR,"#박민석 #최일구 #성윤모 #김상훈 #신병

신병3, 더 강력하게 돌아왔다!
리얼한 군생활, 웃음과 현실을 모두 담은 신병 시리즈의 세 번째 이야기.
신병의 성장과 고참과의 긴장감 넘치는 케미,
이번 시즌도 기대해도 좋습니다.
지금부터 Genie TV, TVING에서 쭉- 정주행 가시죠!

#신병3 김민호, 김동준, 오대환, 남태우, 남민우, 이상진, 김요한, 조진세, 이충구, 전승훈, 이수지, 강효승

문의 : acer12@naver.com",F3jVRDLF2X8,5187,2025-04-22T09:00:18.000Z,,원더걸스 유빈 출격 신화부대 초토화! | 신병3 #GenieTV #TVING #박민석 #최일구 #성윤모 #신병,https://www.youtube.com/watch?v=F3jVRDLF2X8,479283
comedy,22,개그천재,39,KR,#탁재훈 #노빠꾸탁재훈 #돌싱포맨 #미운우리새끼 #SBS #이상민 #김준호 #임원희,YgcbEeiq_pA,8236,2025-04-18T22:45:04.000Z,,탁재훈에게 희선씨란? 밥 잘 사주는 예쁜 동생ㅋ,https://www.youtube.com/watch?v=YgcbEeiq_pA,754729
comedy,24,막썰,34,KR,,HpJzjBFe-Vw,12311,2025-04-20T22:00:31.000Z,,사라져버린 아빠를 대신해 단 하루만..,https://www.youtube.com/watch?v=HpJzjBFe-Vw,483720
comedy,1,무비파워,527,KR,"영화 제목 : 로스트랜드: 공룡왕국 (The Lost Lands: Dinosaur Kingdom, 2009)
줄거리 :
화산활동으로 열린 지각 틈 아래, 인간이 알지 못했던 미지의 세계가 드러난다 🌋
탐험가 팀은 전설 속 ‘로스트랜드’를 추적하다가
시간이 멈춘 듯한 공룡들의 세계에 도착한다 🦖
거대한 티라노사우루스부터 날쌘 벨로시랩터까지,
살아 숨 쉬는 공룡들이 지배하는 이곳은 아름답지만 동시에 극도로 위험하다.
팀은 탐사 도중 알 수 없는 세력과 마주하게 되고,
이 신비한 왕국의 비밀이 점차 밝혀지기 시작한다...
자연과 인간, 과거와 현재가 충돌하는 박진감 넘치는 어드벤처!

#shorts #movie #film #영화 #영화리뷰 #무비 #볼만한거 #공룡영화 #모험영화 #SF영화 #가족영화 #쥬라기 #로스트랜드",9djuR0tAj30,61454,2025-04-12T00:30:07.000Z,,티라노가 택배로 큰 호두를 보낸 이유는?,https://www.youtube.com/watch?v=9djuR0tAj30,5887621
comedy,24,마드필름 Ma:de film,399,KR,#언젠가는슬기로울전공의생활 #고윤정 #신시아 #강유석 #한예지 #언슬전 #오이영 #표남경 #김사비 #엄재일 #넷플릭스 #tvndrama #전공의생활,ln5fkcAY_Eg,39296,2025-04-15T07:30:20.000Z,"[언젠가는 슬기로울 전공의생활, 언슬전, 전공의생활, 고윤정, 신시아, 한예지, 강유석, 오이영, 표남경, 김사비, 엄재일, 슬의생, 언젠가는슬기로울전공의생활, 전공의생활 리뷰, 드라마 리뷰, 신작, 넷플릭스, 티비엔 신작, 드라마 4월 신작, tvn, tvndrama, kdrama, netflix, netflix series]",거짓말 들통나고 손절당하는 명은원 #언젠가는슬기로울전공의생활,https://www.youtube.com/watch?v=ln5fkcAY_Eg,2376052
comedy,23,시간 훅 가는 쇼츠,154,KR,"#스케치코미디 #유머 #예능 #개그 #재밌는영상 #코미디 #공감

원본 채널 : 띱Deep
원본 제목 : 하시겠습니까?
업로드 되는 모든 쇼츠는 풀영상이 더 재밌습니다!
꼭 풀영상으로 시청하는 걸 권장드립니다",FGgSN395BDU,26740,2025-04-18T13:30:10.000Z,,리셋해도 의미없는 이유,https://www.youtube.com/watch?v=FGgSN395BDU,973361
comedy,22,어질어질 연예세상,10868,KR,,IBLzRk7SBZk,84225,2025-04-10T23:00:29.000Z,,백종원한테 제대로 물린 연돈사장님,https://www.youtube.com/watch?v=IBLzRk7SBZk,6164623
comedy,23,조재원,687,KR,#shorts #쇼츠 #먹방,NYetkvH4F3o,51947,2025-04-18T11:30:31.000Z,"[먹방, 죽음의asmr]",이 뼉다구는 누구냐,https://www.youtube.com/watch?v=NYetkvH4F3o,1261854
comedy,22,1분예능모음zip,216,KR,#shorts #아는형님 #강호동 #이수근 #서장훈 #민경훈 #김희철,cg2JYtY_Yj4,11631,2025-04-19T03:00:44.000Z,,유재석과 강호동 중 화나면 더 무서운 사람? #shorts #아는형님,https://www.youtube.com/watch?v=cg2JYtY_Yj4,1063031
comedy,22,유느님,253,KR,,N4aXLgx3SrA,23907,2025-04-15T02:00:30.000Z,,유재석 때문에 힘들다는 남희석,https://www.youtube.com/watch?v=N4aXLgx3SrA,1978894
comedy,25,민주픽,1080,KR,"민주 진보 진영 쇼츠 전문 채널 Ͼ민주픽Ͽ 입니다

새로 시작하는 민주 진영 채널에 슈퍼챗, 멤버십 가입으로 힘을 보태 주세요",NbnwGBQi8Xg,33147,2025-04-22T06:10:26.000Z,,상간나구 쫑간나구 한덕수 지귀연 #백운기,https://www.youtube.com/watch?v=NbnwGBQi8Xg,423719
comedy,22,생선꾹,1689,KR,배스킨라빈스 아이스크림 고를 때 꿀팁,O6HzMZYUnAo,61552,2025-04-14T00:00:29.000Z,,배스킨라빈스 아이스크림 고를 때 꿀팁,https://www.youtube.com/watch?v=O6HzMZYUnAo,2927099
comedy,24,스튜디오지니,952,KR,"🎉서프라이즈!
웃음꽃 피는 심진우 예비군 팬미팅
1열 직관 현장 같이 보시지 말입니다!

하이퍼 리얼리즘 코미디 [신병3]

지니 TV | ENA 매주 월, 화 밤 10시 공개
모바일 시청은 지니 TV 모바일에서

#STUDIOGENIE #스튜디오지니 #GENIETV #지니TV #ENA
#티빙 #TVING #지니TV모바일 #월화드라마
#김민호 #김동준 #오대환 #남태우 #이상진 #김요한",unaHhMPHE6I,108383,2025-04-12T00:02:00.000Z,"[신병3, 신병, 김민호, 김동준, 오대환, 남태우, 이상진, 김요한, 조진세, 이충구, 전승훈, 이수지]",[3화 선공개] 사탄들의 군대에 최애의 등장이라.. 일구 행복사🥰ㅣ#신병3,https://www.youtube.com/watch?v=unaHhMPHE6I,5242351
comedy,23,쇼츠펀,494,KR,,as50-ZHVM08,18576,2025-04-16T09:30:03.000Z,,1박2일 도파민 1위 영상 #박찬호 #이수근 #mc몽 #강호동 #내기 #야외취침,https://www.youtube.com/watch?v=as50-ZHVM08,1758809
comedy,22,명탐정 클립무비,459,KR,#shorts #신병3 #신병#지니TV #스튜디오지니 #ENA #티빙 #이수지 #싸이,1c7JA6NTlyU,20965,2025-04-16T09:00:04.000Z,,충!! 쉉!!! 예비군을 집중시킨 그녀의 화려한 이력 ㅋㅋㅋㅋ  #신병3 #신병#지니TV #스튜디오지니 #ENA #티빙,https://www.youtube.com/watch?v=1c7JA6NTlyU,1560563
comedy,24,라이프텔러,,KR,헤어지잔말에 창문 깨고 밖으로 뛰어내린  남친,wI4VjcZI9b4,4172,2025-04-21T22:15:07.000Z,"[shorts, fun, funny, 유머, 웃긴, 헤어지잔말에 창문 깨고 밖으로 뛰어내린 남친]",헤어지잔말에 창문 깨고 밖으로 뛰어내린  남친,https://www.youtube.com/watch?v=wI4VjcZI9b4,335191
comedy,23,숏플레이,195,KR,"#스케치코미디 #shorts #부자 

재벌 여친의 다이아몬드 100캐럿 선물",OzWJGp-7bhI,55626,2025-04-16T09:00:47.000Z,"[숏박스, 싱글벙글, 스케치코미디, 180초, 개그맨, 숏무비, 짧은대본, 픽고, 너덜트, 끄적끄적, 코믹숏무비, 숏코미디, 킥서비스, 하이픽션, 웃기시네, 킬링타임, 숏플레이, mukbang, 현정, 추석, 재벌, 부자, 금수저, 자낳괴, 자본주의가 낳은 괴물, 조폭여친, 커플, 재벌여친, 상여자들, 재벌 여친, 돈, 부유, 서민, 사채업자, 사채, 현금, 선물, 금시세, 재력, 생일 선물, 생일, 다이아몬드, 다이아몬드 선물, 페라리, 스타벅스, 기프티콘, 금, 금 시세]",재벌 여친의 다이아몬드 100캐럿 선물 #shorts,https://www.youtube.com/watch?v=OzWJGp-7bhI,1815582
comedy,23,우기유니,228,KR,"아저씨라니... 헉..!

#우기유니 #상황극 #부자의삶 #데이트 #사랑이야기",6qrZCP58FHo,27106,2025-04-20T09:00:08.000Z,"[끼발산, 낭만박상환, 키득가득, 서카, 급식왕, 이창윤, 김병욱, 창스보이, 코미디, 유머, 유머짤, 개그콘서트, 개그맨, 부자, 부자의삶, 고순호, 세계부자1위, 우기유니, 손님, 일론 머스크, 트럼프, 호날두, 빌게이츠, 테슬라, 엄마, 가족, 설날, 세벳돈, 라이벌, 경쟁자, 세계2위부자, 세계1위부자, 미스터 비스트, 할아버지, 세계1위, 아빠, 아버지, 아들, 1위부자, 우기유니 부자, 우기유니 부자의삶, 비서, 학교, Burberry Hills, Elon Musk, Tesla, Bill Gates, world's rich, rich people, world's richest, life of the rich, Mark Zuckerberg, rich guy, rich man, 짝사랑, 사랑, 첫사랑, 임선양, 레이디액션, Iron Man, Disneyland, Marvel, trump, Instagram, MrBeast, K-pop, BTS, 데이트, 여자친구, 남자친구, 연인, 남친, 여친, 연애, 드라마, 연애드라마, 사랑이야기, 결사반대, 반대, 이결혼반대]",세계 1위 부자가 아들을 호적에서 팠다고!?,https://www.youtube.com/watch?v=6qrZCP58FHo,694779
comedy,22,Jiang-Ge Couple,9,KR,Non-professional people do not imitate funny videos of couples #41,uPH0JOGX_mk,2608,2025-04-20T12:07:36.000Z,,Non-professional people do not imitate funny videos of couples #41,https://www.youtube.com/watch?v=uPH0JOGX_mk,352202
comedy,24,명재튜브 MZTUBE,174,KR,"[영화]사랑하기 때문에 BECAUSE I LOVE YOU 2017
U+모바일tv AppleTV coupang play 에서 스트리밍 중입니다
#김유정 #서현진 #차태현 #김윤혜 #성동일 #오나라 #배성우 #김사희 #박근형 #선우용녀 #임주환 #사랑하기때문에 #영화 #드라마 #방송 #movie #drama #kdrama 
▶IVE아이브 공식굿즈 네이버 '온리굿즈샵' 검색!",vue7lqBmQPA,43327,2025-04-15T04:39:59.000Z,,우리 학교 미친O,https://www.youtube.com/watch?v=vue7lqBmQPA,2527066
comedy,1,일타무비,53,KR,"🎬영화제목 
#불량남녀 (2010)

🍿영화 볼 수 있는 곳
- 티빙, 쿠팡플레이, 웨이브

🎥 출연진
- 주연: #임창정 #엄지원 
- 조연: #정은우 #사희 #강재섭 #이재구 #조덕현 #김정석 
- 우정출연: #서태화 #김명국 #최재원 
- 단역: #유순철 #한제인 #송혜진 #하은설 #조재윤  
- 감독: #신근호 (#브라더 #브라보마이라이프 #와일드카드 #약속 

#shorts #영화 #영화추천 #영화명장면 #볼만한거",ovBhW56nl5E,8287,2025-04-19T03:25:01.000Z,,엄지원 도움이 간절한 임창정 #불량남녀,https://www.youtube.com/watch?v=ovBhW56nl5E,884371
comedy,23,엄은향,148,KR,"#드라마 #영화추천 #결말포함 
드라마 영화 속 도플갱어 만났을 때
꼭 나오는 클리셰 특징
풀버전은 영상 하단에 제목을 클릭해주세요!

📢엄은향 구독해서 매일 쇼츠 봐주세요!
📢인스타그램 Instagram - woosm_mz
👉틱톡 TikTok - woosm",_aOItZKisvo,36196,2025-04-19T10:45:03.000Z,"[폭스클럽 헌팅, 방송사고 레전드, 강유미 절식좌, 강유미 mbti, 사내뷰공업 황은정, 황은정, 유머, 레전드, 짤, 강유미 브이로그, asmr, 킥서비스, 웃긴영상 짤, hype, 뉴진스, newjeans, 킥서비스 카페, 엄은향, 드라마, 영화, 특징, 공감, 클리셰, 하이틴, 드라마 정주행, 결말포함, 레전드 방송사고, 아이돌 노래 모음, 90년대생 황은정, tictok, 엄은향 아이돌, 스우파2 메가크루, 숏박스, 스케치코미디, 밈고리즘, 다큐 홍유경, 내남결, 선재업고튀어, 선업튀]",도플갱어 클리셰,https://www.youtube.com/watch?v=_aOItZKisvo,695569
