channelImage,channelLink,channelName,rank,thumbnailUrl,videoLink
https://i.playboard.app/p/mnLpFg2moh5k6HkGl9h2YDFqlSJkWqQMt6Rdc-497l8lAN_Cs2rPVP3nmWgIRGL3SeSs6hPrNec/100x100.jpg,https://youtube.com/channel/UCXckXSwBPzOtbBZ1mDuNJSg,Lala and Lulu,1,https://img.youtube.com/vi/XTM1EKT8yhc/mqdefault.jpg,https://youtube.com/video/XTM1EKT8yhc?channelId=UCXckXSwBPzOtbBZ1mDuNJSg
https://i.playboard.app/p/qqPRPkI1P9IcUd7c4PzytW-qTSnXxul20JwvL7taMNtMJtK2dJj_VkJIcXtaDYqpVuW8Bnz7_A/100x100.jpg,https://youtube.com/channel/UCz8gf4PK1Qth50lLHdvTCcA,유백합 kkubi99,2,https://img.youtube.com/vi/jiJ3SZY83YQ/mqdefault.jpg,https://youtube.com/video/jiJ3SZY83YQ?channelId=UCz8gf4PK1Qth50lLHdvTCcA
https://i.playboard.app/p/CNIJ_-7Qgg7vX8oQrD5snpILYyCU_aRrzFizJT52dPnvVgB1t9sB9S7cyPgqC0oGWzASxrXLAg/100x100.jpg,https://youtube.com/channel/UCspnElmzSLPhrZJDG9v7JWw,UNIS,3,https://img.youtube.com/vi/G-LzGjVZ0rQ/mqdefault.jpg,https://youtube.com/video/G-LzGjVZ0rQ?channelId=UCspnElmzSLPhrZJDG9v7JWw
https://i.playboard.app/p/MOCHJkzAVOzxS9zhGaywJzPK-bSP7xSkJMdWgJdmDnuIRhxS2HA5OKf6jOcHeu4U7rTdZWLO9Q/100x100.jpg,https://youtube.com/channel/UCiwQRG2sCcfjKkgxMEdJGPg,엠뚜루마뚜루 : MBC 공식 종합 채널,4,https://img.youtube.com/vi/vJ8C_Yjm1wE/mqdefault.jpg,https://youtube.com/video/vJ8C_Yjm1wE?channelId=UCiwQRG2sCcfjKkgxMEdJGPg
https://i.playboard.app/p/ec48db2c59fb5837e65ce96ace030cd9/100x100.jpg,https://youtube.com/channel/UCiTmQfN5_VoQvnLbuE_Gz4Q,태권크리(TAEKWONCRE),5,https://img.youtube.com/vi/p-A-ZhYTYfU/mqdefault.jpg,https://youtube.com/video/p-A-ZhYTYfU?channelId=UCiTmQfN5_VoQvnLbuE_Gz4Q
https://i.playboard.app/p/m3nYYaVpwH7_fXaU9rh1yELK0Di2EQlt0i0Gp5H0kibL2J6Dmv1WR55BrAED03fnLvy00oTLaw/100x100.jpg,https://youtube.com/channel/UCC38K-xXW3mAdm-EKNIWc4g,마드필름 Ma:de film,6,https://img.youtube.com/vi/baUOdolanso/mqdefault.jpg,https://youtube.com/video/baUOdolanso?channelId=UCC38K-xXW3mAdm-EKNIWc4g
https://i.playboard.app/p/5HS1lKLWrlfyoflas7qJHolnSjJ_5hLDgK2WFNas2vMQAU_3fPyMXVqXM0UtDXOs3r2UV5CAjQ/100x100.jpg,https://youtube.com/channel/UCGbkN-3JpOct4KuEv59NF0Q,엠키타카 MKTK,7,https://img.youtube.com/vi/CQuGf3VZ_kU/mqdefault.jpg,https://youtube.com/video/CQuGf3VZ_kU?channelId=UCGbkN-3JpOct4KuEv59NF0Q
https://i.playboard.app/p/S4tk20GSuKD6HuAd5QoO2Vi-jmkhpmz3hNPsgNLveB9ZJRT62Q_2La6Wu_7dHUTeh9OquVfUtA/100x100.jpg,https://youtube.com/channel/UCXmRJfZ3atLVLDiO5Ufycvw,스튜디오지니,8,https://img.youtube.com/vi/g8osO1xFaqQ/mqdefault.jpg,https://youtube.com/video/g8osO1xFaqQ?channelId=UCXmRJfZ3atLVLDiO5Ufycvw
https://i.playboard.app/p/0WbLIXBx3FeVCeVvAzdQC7pn9UsVV7gIH6MUUMVWE-cfYD1CDSxAv8X9GhO2Xe_14SYsqEqIBQ/100x100.jpg,https://youtube.com/channel/UCPMU3PoR_NRcCxu0X3Liiiw,야우냐?,9,https://img.youtube.com/vi/p0s-fPCTlrU/mqdefault.jpg,https://youtube.com/video/p0s-fPCTlrU?channelId=UCPMU3PoR_NRcCxu0X3Liiiw
https://i.playboard.app/p/wxUIS5Mz9mvT88Hha2h1d23I3j-S54QgX_bkGNbfeS94CEZZ3EfHJ5MOMe0PKZIzh_s3O4JqJ5M/100x100.jpg,https://youtube.com/channel/UCTQVIXvcHrR9jYoJ6qaBAow,M2,10,https://img.youtube.com/vi/l0oKtdabK5E/mqdefault.jpg,https://youtube.com/video/l0oKtdabK5E?channelId=UCTQVIXvcHrR9jYoJ6qaBAow
https://i.playboard.app/p/8F3cLU0RvTkbA4R53E6-_ItVP-X_ygzJVN1grqgg_J07l6xX9jLuje-ZwHrx_FIT5QpPqLvakA/100x100.jpg,https://youtube.com/channel/UCLXQlPDLHcTOYWVtj5N6fOg,강신업TV,11,https://img.youtube.com/vi/ROKvAvUjj1o/mqdefault.jpg,https://youtube.com/video/ROKvAvUjj1o?channelId=UCLXQlPDLHcTOYWVtj5N6fOg
https://i.playboard.app/p/zbygDob3NfamJXciQjECU5aF6aNc5UwmNVntlZtYAuH5-rNBgd7keAJ95QnQxUyxTpM7pc8r/100x100.jpg,https://youtube.com/channel/UCLb86cLe-V30XbnQ8g1L_2A,춤추는곰돌의 랜덤댄스,12,https://img.youtube.com/vi/ZDB4-ld9F-8/mqdefault.jpg,https://youtube.com/video/ZDB4-ld9F-8?channelId=UCLb86cLe-V30XbnQ8g1L_2A
https://i.playboard.app/p/QKWszwEEzFJGXJQXZZCJ4hGXfoEIgLLRq133ftTT-WovJO4RklKyoEztEWUMrWrtaLALZXmJ5O4/100x100.jpg,https://youtube.com/channel/UC7w2A4wJRVhini8DENeSXXw,남해동광호선장 박형일,13,https://img.youtube.com/vi/UcTF3lS6sR4/mqdefault.jpg,https://youtube.com/video/UcTF3lS6sR4?channelId=UC7w2A4wJRVhini8DENeSXXw
https://i.playboard.app/p/5fcf2edae8a1bad0c75b2cab4a2fbcdb/100x100.jpg,https://youtube.com/channel/UCUj6rrhMTR9pipbAWBAMvUQ,침착맨,14,https://img.youtube.com/vi/xS81SzSsnc4/mqdefault.jpg,https://youtube.com/video/xS81SzSsnc4?channelId=UCUj6rrhMTR9pipbAWBAMvUQ
https://i.playboard.app/p/5AlD5RdceUXKYu0IgsH7DUID6yqMINL6TlsSau6QZLjLduGezUp9SXa-H44pnJlQVcCWXcpj750/100x100.jpg,https://youtube.com/channel/UCF3UEVPt5zZTlBVJwDG317g,JTBC Voyage,15,https://img.youtube.com/vi/-9ejRc96Y6U/mqdefault.jpg,https://youtube.com/video/-9ejRc96Y6U?channelId=UCF3UEVPt5zZTlBVJwDG317g
https://i.playboard.app/p/DPWqm03zj9EkhXOivQ0gtdwajXf94-5OWJeyV5F4ldrlh51hyYrYHmIzzsDmJTEpV0CI1Ty0Jpg/100x100.jpg,https://youtube.com/channel/UCZoMKuilYBOyDq8qRdrPs2g,Shiba Diva,16,https://img.youtube.com/vi/YSO4V4Temss/mqdefault.jpg,https://youtube.com/video/YSO4V4Temss?channelId=UCZoMKuilYBOyDq8qRdrPs2g
https://i.playboard.app/p/iKz6OMmWDbyN7Yi5AN6E-pKw-d9em-C9UVYvClL2A4EmUdHL1qlrxs4WL20QJF8ym0QBXD9EcQ/100x100.jpg,https://youtube.com/channel/UCQ2O-iftmnlfrBuNsUUTofQ,채널십오야,17,https://img.youtube.com/vi/OQltiw1Cqn8/mqdefault.jpg,https://youtube.com/video/OQltiw1Cqn8?channelId=UCQ2O-iftmnlfrBuNsUUTofQ
https://i.playboard.app/p/VfrvFFiLMqE8nXp5SXpa_J4_XIvgm7r1C2ja002DdcrtetnYx28i7VwNR41PvDA1p9tPl1O6XA/100x100.jpg,https://youtube.com/channel/UCZLwAQtSxro8T0yUqpEl-JA,한쿡사이다,18,https://img.youtube.com/vi/BkQ_W2g97WI/mqdefault.jpg,https://youtube.com/video/BkQ_W2g97WI?channelId=UCZLwAQtSxro8T0yUqpEl-JA
https://i.playboard.app/p/m4J2Rpz6CwcqAKtqjOuvTjCXBDbORywU1TIQlo4j49LPMClAbt_ugICQ4r2ONwWxWUv39PtR/100x100.jpg,https://youtube.com/channel/UCWYzc_p0GgfCepIWDHGFmEg,디글 :Diggle,19,https://img.youtube.com/vi/pLjxqk-m4P0/mqdefault.jpg,https://youtube.com/video/pLjxqk-m4P0?channelId=UCWYzc_p0GgfCepIWDHGFmEg
https://i.playboard.app/p/2eVG95lBmZTU67TOiwLKl_9ETUgUQGxGGMfVbx7XrWtZJsIEy5s8B3MG42LSneIPQ5x7UEO97Q/100x100.jpg,https://youtube.com/channel/UCskfAONPi8_Jl6HWdSyz03g,지식창,20,https://img.youtube.com/vi/GlarpBRgunw/mqdefault.jpg,https://youtube.com/video/GlarpBRgunw?channelId=UCskfAONPi8_Jl6HWdSyz03g
