category,categoryId,channelTitle,commentCount,country,description,id,likeCount,publishedAt,tags,title,url,viewCount
entertainment,23,한살차이 [Hansal],647,KR,#shorts,oRQDGwrTtSo,134487,2025-04-20T15:04:33.000Z,,마음씨가 따뜻한 상위 1% 친누나ㅋㅋㅋㅋㅋㅋ,https://www.youtube.com/watch?v=oRQDGwrTtSo,4487499
entertainment,24,마드필름 Ma:de film,1444,KR,#언젠가는슬기로울전공의생활 #고윤정 #신시아 #한예지 #강유석 #정준원 #오이영 #표남경 #엄재일 #김사비 #구도원 #언슬전 #tvndrama #넷플릭스,XT6C7WenSQA,76944,2025-04-20T06:15:01.000Z,"[언젠가는 슬기로울 전공의생활, 고윤정, 신시아, 한예지, 강유석, 구도원, 정준원, 오이영, 김사비, 엄재일, 언슬전, 언젠가는 슬기로울, 전공의생활, 슬기로울 전공의생활, 언젠가는 슬기로울 전공의생활 김사비, 언젠가는 슬기로울 전공의생활 요약, 언젠가는 슬기로울 전공의생활 리뷰, tvn, tvndrama, kdrama, 넷플릭스, 넷플릭스 신작]",내 딸을 임신시킨 그 녀석... #언젠가는슬기로울전공의생활,https://www.youtube.com/watch?v=XT6C7WenSQA,2751034
entertainment,22,예능내컷,1007,KR,#shorts #아는형님 #강호동 #서장훈 #김영철 #이수근 #김희철 #민경훈 #이상민,ORoA7-K_Xe4,76505,2025-04-19T15:21:00.000Z,,미스터 비스트 더빙 녹음하면 페이는 얼마 받을까? #shorts #아는형님,https://www.youtube.com/watch?v=ORoA7-K_Xe4,3417044
entertainment,17,esports KBS,536,KR,"Copyright ©️ KBS. All rights reserved. 무단 전재, 재배포 및 이용(AI 학습 포함) 금지",GmWDw5hkr78,17532,2025-04-20T23:00:12.000Z,,체급 무관 유단자는 건드리면 안되는 이유 #우리동네예체능 #이수근 #강호동 #태권도 #유단자,https://www.youtube.com/watch?v=GmWDw5hkr78,1931626
entertainment,24,Kdrama TV,847,KR,#18어게인 #이도현 #윤상현 #김하늘 #위하준 #김유리 #노정의 #려운 #드라마쇼츠 #쇼츠 #shorts #jtbc #drama,t3csu3HFiBM,41888,2025-04-19T09:01:11.000Z,,버스 진상손님 참교육하는 이도현 #18어게인 #드라마쇼츠 #쇼츠 #jtbc,https://www.youtube.com/watch?v=t3csu3HFiBM,2204867
entertainment,22,한컷무빕,517,KR,,cpxjQ91VTYw,76311,2025-04-17T08:00:44.000Z,,한때는 아름다운 날개가 있었던 요정,https://www.youtube.com/watch?v=cpxjQ91VTYw,4110137
entertainment,23,요즘예능 1분요약,1625,KR,SNL 김원훈 애드립 웃참 실패한 서예지 #shorts #snl7 #쿠팡플레이,GQHhiQOwkpo,144412,2025-04-14T03:00:13.000Z,"[snl, snl 코리아, snl7, snl시즌7, 서예지, 서예지 딱딱, 김원훈, 가스라이팅, 김원훈 애드립]",SNL 김원훈 애드립 웃참 실패한 서예지 #shorts #snl7 #쿠팡플레이,https://www.youtube.com/watch?v=GQHhiQOwkpo,7857461
entertainment,22,온무비,1328,KR,#shorts #영화 #영화리뷰 #영화추천,8PVPtGa2lXs,72357,2025-04-16T05:22:01.000Z,,정찰병들의 직감을 무시하면 안되는 이유,https://www.youtube.com/watch?v=8PVPtGa2lXs,4379523
entertainment,24,ENA 이엔에이,853,KR,"충성! 신병, 돌아왔습니다🤓7 진짜로 리턴즈했슴다!
좋은놈, 나쁜놈, 이상한 놈… 별별 놈 모두 모인 그곳에 3배로 재밌어진 군생활!

매주 월/화 밤 10시! 많은 시청 바랍니다!

#신병3 #ENA #신규드라마 #월화드라마 #ENA드라마 #김민호 #김동준 #오대환 #남태우 #이상진 #김요한 

📺 ENA 채널 번호 안내 📺
Genie TV 1번/ skylife 1번/ HCN 1번/ Btv 40번/ U+ 72번/ LG헬로비전 996번 / 딜라이브 58번/ CMB 1번/ Btv 알뜰 57번

✅ ENA
👉구독 : http://bit.ly/3ausdaT
👉ENA 공식 홈페이지 : https://ena.skylifetv.co.kr
👉페이스북 :   / channel.ena  
👉인스타그램 :   / channel.ena",QdIHHDiQyvg,37812,2025-04-21T14:10:01.000Z,"[skytv, 스카이티비, 예능, 드라마, ENA, ENAdrama, ENAentertain, skyTV, ena, ena드라마, 월화드라마, 군인, 군대, 군생활, 전역, 신병, 신병2, 신병3, 군수저, 일병, 장삐쭈, 장삐쭈원작, 김민호, 김동준, 오대환, 남태우, 이상진, 김요한, 조진세, 이충구, 전승훈, 이수지, 최일구, 김상훈, 임다혜, 박민석, 박재수, 스튜디오지니, 입대, 재입대, 육군, 관심병, 불침번, 신병라디오, 제국의아이들, 제아, snl, snl코리아, 국군, 국군장병, 드라마대본, 대본리딩, 메이킹, 메이킹현장, 한가인, 김지석, 성윤모, 이등병, 상병, 전입신고, 오석진, 강찬석, 중대장, 폐급, 롤리폴리, 그린캠프, 슬기로운 폐급생활, 사우스코리안파크, 스튜디오장삐쭈, 사코팍, 애니메이션, 원작, 신병시즌3, 신병3선공개, 신병3성윤모, 신병3중대장, 신병김동준, 신병가라중대장]",강찬석 본캐 건드린 최후 | #신병3 #ENA,https://www.youtube.com/watch?v=QdIHHDiQyvg,1320959
entertainment,22,드라마내컷,575,KR,#shorts #킹더랜드 #이준호 #임윤아 #고원희 #김가은 #김선영,WG7juzwxzwE,51165,2025-04-15T11:11:00.000Z,,"진짜로 손만 잡고 자면 어떡하냐, 이 등신아!!! #shorts #킹더랜드",https://www.youtube.com/watch?v=WG7juzwxzwE,5190675
entertainment,1,티비꿀잠,381,KR,"신병3, 더 강력하게 돌아왔다!
리얼한 군생활, 웃음과 현실을 모두 담은 신병 시리즈의 세 번째 이야기.
신병의 성장과 고참과의 긴장감 넘치는 케미,
이번 시즌도 기대해도 좋습니다.
지금부터 Genie TV, TVING에서 쭉- 정주행 가시죠!

#신병3 김민호, 김동준, 오대환, 남태우, 남민우, 이상진, 김요한, 조진세, 이충구, 전승훈, 이수지, 강효승

문의 : acer12@naver.com",YK7EquQNsOw,24115,2025-04-22T03:00:38.000Z,,최일구 갈군 선임들 개 사이다 참교육!  | 신병3 #GenieTV #TVING #박민석 #최일구 #성윤모 #신병,https://www.youtube.com/watch?v=YK7EquQNsOw,896748
entertainment,23,쇼케치북,336,KR,#스케치코미디 #킬링타임,HQrOVPMMeZA,27375,2025-04-18T09:00:33.000Z,,돈자랑 하던 친구들 벤틀리로 참교육,https://www.youtube.com/watch?v=HQrOVPMMeZA,2186211
entertainment,24,한드 명장면,375,KR,"신병3│최일구 괴롭히던 선임들 참교육하는 강찬석

#shorts
#드라마 #티빙 #GenieTV #지니TV #ENA #드라마신병 #신병 #신병2 #신병3
#월화드라마 #김민호 #김동준 #오대환 #남태우 #김요한 #이수지 #이충구 #김현규 #이정현 #장성범 #전승훈 #이상진 #조진세 #장영준 #조승연 #오용 #김희수 #남민우 #노성은 #강효승",DRnIXk568SY,28385,2025-04-22T02:00:09.000Z,"[한드명장면, 요즘드라마, 드라마추천, 드라마신작, 드라마리뷰, 결말포함, 쇼츠드라마, 신병중대장, 김지석, 요즘군대, 드라마신병, 신병명장면, 박민석, 김동준, 오대환, 최일구, 문빛나리, 김상훈, 성윤모, 강찬석, 임다혜, 이상진, 노희정, 조진세, 차병호]",신병3│최일구 괴롭히던 선임들 참교육하는 강찬석,https://www.youtube.com/watch?v=DRnIXk568SY,793344
entertainment,24,원더맨 WonderMan,1288,KR,"용기로 지킨 소녀의 미래

📌 출연 및 비즈니스·협찬 문의
creator@crayonuniverse.com

Instagram: wonderman.official
TikTok: wonderman.official

#사회실험 #실험카메라 #시민영웅 #감동영상 #시민참여드라마 #몰카 #몰래카메라",2WgepUCjMR8,98221,2025-04-17T10:00:03.000Z,"[사회실험, 실험카메라, 감동영상, 원더맨]",용기로 지킨 소녀의 미래,https://www.youtube.com/watch?v=2WgepUCjMR8,2671682
entertainment,24,이슈탐구생활,124,KR,"원조가수 2명? 히든싱어 뒤집어놓은 도플갱어

#히든싱어 #이재훈 #쿨 #윤일상 #도플갱어 #모창 #성대모사",aotd-Yei3Nw,11758,2025-04-18T17:14:13.000Z,,원조가수 2명? 히든싱어 뒤집어놓은 도플갱어,https://www.youtube.com/watch?v=aotd-Yei3Nw,1755307
entertainment,22,1분드라마모음zip,193,KR,#shorts #천국보다아름다운 #김혜자 #손석구 #한지민 #이정은 #천호진,q5U0eA78LEc,10569,2025-04-22T03:31:01.000Z,,돈 받으러 온 사채업자들 내쫓는 방법 #shorts #천국보다아름다운 #김혜자 #손석구,https://www.youtube.com/watch?v=q5U0eA78LEc,920006
entertainment,1,쑈옷,604,KR,,1KYeomQsWOM,106613,2025-04-18T08:00:02.000Z,,억양이 튀어 나오는 순간,https://www.youtube.com/watch?v=1KYeomQsWOM,2463673
entertainment,23,예능엑기스,163,KR,"#snl시즌7 #snl코리아 #snl윤경호

🎭 SNL 시즌7 윤경호 편, 이번엔 1980년대 감성 상담소!

‘노처녀’, ‘직업’, ‘남녀 역할’, ‘콤퓨타’까지…

80년대 방송에서나 나올 법한 대사들을
2024년 감성으로 재해석한 병맛 풍자 코미디입니다🙃

※ 진지하게 보지 마세요ㅋㅋ
각종 레전드 대사 폭발💣

예능엑기스에서 매주 가장 핫한 SNL 쇼츠만 모아드려요.

구독하고 다음 꿀잼 영상도 놓치지 마세요!

#snl시즌7 #쿠팡플레이

#신동엽 #안영미 #정상훈 #김민교 #정성호 #정이랑 #권혁수 #이수지#김원훈 #지예은 #김규원 #이진혁 #차경은 #조민경

🚩SNL 코리아 풀버전은 쿠팡플레이에서!
https://coupangplay.app.link/EH7EuGayEHb",rjAZzPio2A4,24206,2025-04-20T09:01:12.000Z,,"SNL| 1980년대 상담소 클라스ㅋ,26살 여성 극딜당하는 순간",https://www.youtube.com/watch?v=rjAZzPio2A4,1479891
entertainment,22,1분유튜브,104,KR,#웃기시네 #스케치코미디 #동거 #일진,spIcATGfgsg,46876,2025-04-18T12:31:05.000Z,"[웃기시네, 웃기시네 동거, 웃기시네 계약동거, 웃기시네 동거 몰아보기, 웃기시네 계약동거 몰아보기, 웃기시네 동거 31, 웃기시네 동거 쇼츠, 웃기시네 계약동거 31, 웃기시네 계약동거 모음, 웃기시네 쇼츠, 웃기시네 몰아보기, 웃기시네 모음, 스케치코미디, 스케치코미디 동거, 스케치코미디 동거 몰아보기, 스케치코미디 동거남녀, 스케치코미디 동거 31, 스케치코미디 동거녀, 스케치코미디 여자, 스케치코미디 쇼츠, 스케치코미디 채널, 스케치코미디 몰아보기, 스케치코미디 모음, 동거, 동거 몰아보기, 동거계약, 동거계약 몰아보기, 동거계약 31, 계약동거, 계약동거 몰아보기, 동거남녀, 동거남녀 몰아보기, 동거녀, 동거녀 웃기시네, 웃긴영상, 웃긴영상 레전드, 웃긴영상 쇼츠, 웃긴영상 채널, 웃긴영상 모음, 1분유튜브, 시간훅가는쇼츠, 시간훅가는채널, 뭐볼거없나, 재밌는 영상, 재밌는 영상 레전드, 재밌는 영상 모음, 재밌는 영상 쇼츠, 쇼츠]",삥뜯는 일진 참교육,https://www.youtube.com/watch?v=spIcATGfgsg,1861136
entertainment,24,한 줄 판결,161,KR,,h92EaTrLLZU,41771,2025-04-18T02:09:00.000Z,,심사위원도 놀란 8살 마술 천재,https://www.youtube.com/watch?v=h92EaTrLLZU,1759252
entertainment,1,폭스토리,206,KR,"디어 마이 프렌즈 (Dear my friends)
""끝나지 않았다. 여전히 살아있다""고 외치는
'황혼 청춘'들의 인생 찬가를 그린 드라마
출연 : 고현정, 김혜자, 고두심, 나문희, 윤여정, 박원숙, 신구, 주현, 김영옥, 염혜란 등

《디어 마이 프렌즈》 티빙 보러 가기
https://www.tving.com/contents/P000275500

#드라마리뷰 #드라마추천 #드라마몰아보기",9fPW811akOE,55737,2025-04-17T23:00:08.000Z,"[결말포함, 결말포함몰아보기, 결말포함영화리뷰, 결말포함영화, 결말포함드라마, 결말포함드라마리뷰, 드라마몰아보기, 넷플릭스, 넷플릭스영화, 넷플릭스드라마, 넷플릭스영화추천, 넷플릭스드라마추천, 폭스토리, 폭싹속았수다, 폭싹속았수다리뷰, 폭싹속았수다결말, 폭싹속았수다결말포함, 폭싹속았수다몰아보기, 폭싹속았수다아이유, 폭싹속았수다박보검, 폭싹속았수다문소리, 폭싹속았수다박해준, 폭싹속았수다염혜란, 폭싹속았수다나문희, 폭싹속았수다애순, 폭싹속았수다관식, 폭싹속았수다금명, 폭싹속았수다은명, 폭싹속았수다동명, 폭싹속았수다영범, 폭싹속았수다시어머니, 폭싹속았수다김선호, 폭싹속았수다학씨, 폭싹속았수다결혼, 폭싹속았수다상견례, 디어마이프렌즈, 디어마이프렌즈리뷰, 디어마이프렌즈결말, 디어마이프렌즈결말포함, 디어마이프렌즈몰아보기, 디어마이프렌즈나문희, 디어마이프렌즈염혜란, 디어마이프렌즈신구, 신구나문희, 신구참교육, 신구사위참교육]",판사 출신 친구 데려와서 합의금 5억 뜯는 신구,https://www.youtube.com/watch?v=9fPW811akOE,1817624
entertainment,22,숏여우,619,KR,리듬감이 엄청난 고양이들 #힐링 #유머 #재밌는동영상 #shorts  #shortsvideo   #해외반응 #귀여운 #동물 #브이로그 #행복  #지능  #장난  #인기 #레전드 #반응 #리액션  #고양이 #호랑이 #치즈고양이 #챌린지 #밈 #고양이밈,V0z3Nr9WwhI,73321,2025-04-18T12:01:02.000Z,"[힐링, 유머, 재밌는동영상, 웃긴영상, 해외반응, 귀여운, 동물, 일상, 브이로그, 행복, 행복한, 장난, 실험카메라, 깜짝카메라, 인기, 레전드, 반응, 리액션, 호랑이, 동물원, 사파리, 아기호랑이, 새끼호랑이, 러시아, 여행, 러시아여행, 눈, 겨울, 고양이, 치즈고양이, 인도, 인도네시아, 미국, 미국여행, 댄스, 챌린지, 밈, 고양이밈]",노래에 지배당한 고양이들 #동물 #고양이,https://www.youtube.com/watch?v=V0z3Nr9WwhI,2009066
entertainment,1,지무비 : G Movie,984,KR,"#지무비 #영화 #야당
🎬영화, ≪야당≫은 오는 4월 16일 개봉합니다.
---------------------------------------------
📌 ≪야당≫ 예매하러 가기
→ https://vo.la/CVLOPR
---------------------------------------------
★★★★★★★★★★★★★★★★★★★★★
🔆신  등급🔆 가입해주신 김대선, Edward Chae님께 감사드립니다.
★★★★★★★★★★★★★★★★★★★★★
---------------------------------------------
📌 지무비 멤버십 가입 → https://www.youtube.com/channel/UCaHGOzOyeYzLQeKsVkfLEGA/join
*멤버십에 가입하시면 일부 영상들의🔥결말 끝까지 다룬 영상🔥멤버십 한정 히든 영상🔥영상 선공개🔥회원 전용 특별 포스팅을 즐기실 수 있습니다.
---------------------------------------------
🔥영화관 대관 등급🔥 가입해주신 
헤이제이 HEY J님께 감사드립니다.
---------------------------------------------
'IMAX 티켓 한 장' 등급 가입해주신
★김재정, 김일갑, Bangartte, 이선간, 희남매네, 나번기, fenómeno_K님 감사드립니다.★
---------------------------------------------
'일반관 티켓 한장' 등급 가입해주신
진, 정준일, 하양먼지, 913, 김봉구, 최영규, Andy, 유가빈, ㅈㄱㄹ, 마이크로진, makreentage, 온리, 하영, ds, 박이런, 헤헤, 조재영, 김월례님 감사드립니다.
---------------------------------------------
📌G score : ★★★★★★★☆☆☆
---------------------------------------------
💡지무비가 7년 간 축척한 모든 유튜브 비법 노하우💡
  📚도서 ≪지무비의 유튜브 엑시트 ≫ 구매 링크 
   → https://link.coupang.com/a/bW49tx 
---------------------------------------------
📌 지무비 공식 홈페이지→ https://g-movie.co.kr/
📌 지무비 인스타 → https://www.instagram.com/awayout1
📌 지무비 굿즈스토어 → https://smartstore.naver.com/gmovie
📌 문의 → awayout2@naver.com
---------------------------------------------
🚨저작권 허가 및 제작비를 지원 받아 업로드 한 영상입니다.
🚨무단 편집, 업로드 및 재배포를 엄격히 금지합니다. 특히 타SNS 불펌러들은 발견 즉시 강경 대응하며 선처는 절대 없음을 알려드립니다.
🚨The movie clips on my channel has gotten copyright permission of copyright holder.",6bdIke6fVpA,61726,2025-04-17T07:00:04.000Z,"[영화, 지무비, 야당, 유해진, 강하늘, 박해준, 류경수, 채원빈, 폭싹속았수다 양관식]",개봉하기도 전에 예매율 38% 찍어버린 개미친 영화 ㄷㄷ #야당,https://www.youtube.com/watch?v=6bdIke6fVpA,2642068
entertainment,24,스튜디오지니,1115,KR,"최일구 괴롭히는 예비군 앞에
강찬석의 등장!

하이퍼 리얼리즘 코미디 [신병3]

지니 TV | ENA 매주 월, 화 밤 10시 공개
모바일 시청은 지니 TV 모바일에서

#STUDIOGENIE #스튜디오지니 #GENIETV #지니TV #ENA
#티빙 #TVING #지니TV모바일 #월화드라마
#김민호 #김동준 #오대환 #남태우 #이상진 #김요한",IzvCuO2Pl3A,30547,2025-04-21T14:30:12.000Z,"[신병3, 신병, 김민호, 김동준, 오대환, 남태우, 이상진, 김요한, 조진세, 이충구, 전승훈, 이수지]",[5화] 예비군 휘어잡는 무시무시한 강찬석ㅣ#신병3,https://www.youtube.com/watch?v=IzvCuO2Pl3A,1006180
entertainment,24,더+이슈,123,KR,#kpop #케이팝 #아이돌 #korea #배우 #개그맨 #정경호 #오나라 #이용진 #웃긴영상 #유머 #레전드 #남자친구 #여자친구 #커플,wAZb5xOQJBY,32250,2025-04-19T06:30:30.000Z,"[kpop, idol, 케이팝, 아이돌, 여돌, 남돌, 걸그룹, 보이그룹, 여자그룹, 남자그룹, 배우, 개그맨, 이용진, 정경호, 오나라, 수영, 깻잎, 새우, 꺳잎논쟁, 새우논쟁, 스키장, 여자친구, 남자친구, 커플, 극대노, 여자, 남자, 웃긴영상, 유머, 레전드, 웃음]",새우 논쟁ㅋㅋㅋ #shorts #아이돌,https://www.youtube.com/watch?v=wAZb5xOQJBY,1412526
entertainment,1,무비파워,380,KR,"영화 제목 : 워터월드 (Waterworld, 1995)
줄거리 :
🌊 육지가 사라진 미래, 모든 것은 바다 위에 떠 있다!
지구 온난화로 빙하가 녹아버린 세상, 사람들은 바다 위에서 살아간다.
이 세상엔 전설처럼 전해지는 ‘드라이랜드’가 존재한다고 믿는 이들이 있고,
떠돌이 항해자 머리너는 어느 날, 이상한 문신을 가진 소녀를 만나게 된다.
그 문신은 바로 전설의 육지로 가는 지도가 되어,
머리너는 점점 거대한 운명에 휘말리게 된다... ⚓🔥

#shorts #movie #film #영화 #영화리뷰 #무비 #볼만한거 #워터월드 #Waterworld #포스트아포칼립스 #케빈코스트너 #해양영화",HBL7KptFdsw,20626,2025-04-19T00:30:11.000Z,,깊은 바다속으로 갈 수 있었던 이유,https://www.youtube.com/watch?v=HBL7KptFdsw,1842871
entertainment,24,입덕갤러리,93,KR,"아이돌 현실남매 모음
Do You Know My Mom?
Screen-based Social Performance
Unfiltered, Unbothered, Unapologetic.

작품 설명 (Work Description):
이 작품은 아이돌이라는 무대 위 인물들이 ‘현실 남매’라는 무대 밖 서사로 전이될 때,
얼마나 솔직하고 다정하면서도 가차없는지를 포착한다.

아이유는 동생의 생일에 큰 선물을 하고 돌아오는 길,
기쁨의 춤을 추는 동생에게 돌아오는 말은 “아 진짜 싫다.”
무정한 듯 정다운, 아이유식 남매법.

세븐틴 호시는 “남매가 가장 꼴보기 싫을 때는?”이라는 질문에 현실남매만 가능한 대답을 한다.

오마이걸 유아는 오빠에게 보내는 영상편지에 진심을 꾹꾹 눌러 담는다.
내가 오빠라도 울었을 그 순간, 카메라는 ‘가족의 감정선’을 조용히 비춘다.

악동뮤지션의 수현과 찬혁은 커피 하나로도 갈등을 연출하는 데 주저하지 않는다.
이게 남매다.

이 모든 순간은 우리에게 묻는다.
""그거 혹시… 너네 집에서도 그러니?""",FTSQMugEOGY,59163,2025-04-17T12:30:22.000Z,,싸우지마; 아이돌 현실남매 모음,https://www.youtube.com/watch?v=FTSQMugEOGY,2203997
entertainment,24,시스코드,963,KR,"#선의의경쟁 #이혜리 #정수빈 #강혜원 #오우리 #김태훈 #영재 

유플러스모바일tv 앱에서 시청 가능합니다",QmcCaYLPZi0,73053,2025-04-17T07:00:22.000Z,"[혜리, 명문고, 전교1등, 드라마, 선의의경쟁]",지방에서 전교1등이 명문고 테스트 결과는? #선의의경쟁,https://www.youtube.com/watch?v=QmcCaYLPZi0,2106089
entertainment,20,김세달,2485,KR,,jf36RV1qQgU,102095,2025-04-14T22:00:46.000Z,,한국인만 가능한 ‘일본인 뇌정지’ 방법.. ㅋㅋ,https://www.youtube.com/watch?v=jf36RV1qQgU,3392449
entertainment,10,아이유 에델바이스,62,KR,"[IU TV] 아이유의 갓생사는 하루, 폭싹 속았수다~🍊


#아이유 #박보검 #폭싹속았수다 #IU #parkbogum #whenlifegivesyoutangerines #Shorts",aSDhocA2Sz8,7747,2025-04-21T14:38:45.000Z,,3초 동안 박보검 질투한 아이유 반전,https://www.youtube.com/watch?v=aSDhocA2Sz8,641060
entertainment,22,봉스무비,179,KR,"*소개해드린 영상은 풀 버젼 감상을 적극 권장드립니다.
( #웨이브 #애플티비 #넷플릭스 #티빙 #쿠팡플레이 )

#신의한수 (2014)

프로 바둑기사 태석(정우성)은 내기바둑판에서
살수(이범수)팀의 음모에 의해 형을 잃는다.
살인 누명을 쓴 태석은 교도소에서 복역하기에 이르고
몇 년 후 살수에게 복수하기 위해
마지막 한 판 승부를 준비한다.

주연 : #정우성 #이범수 #안성기 #김인권 #이시영
조연 : #안길강 #이도경 #최진혁 #정해균 #안서현 #김명수 #황춘하
특별출연 : #최일화 #김홍파 #권태원 #배성우
감독 : #조범구 ( #퀵 #뚝방전설 )",yAei8M0el6o,32027,2025-04-17T08:01:08.000Z,,조폭 두목이 감방에서 휴가 나가는 방법,https://www.youtube.com/watch?v=yAei8M0el6o,2106922
entertainment,1,스토리진,1029,KR,#영화 #이혜영 #김무열 #연우진 #new #쇼츠 #shorts,-v9Jszvb-sE,16884,2025-04-21T13:00:03.000Z,[스토리진],임산부에게 진상 떨던 인간의 최후! #파과,https://www.youtube.com/watch?v=-v9Jszvb-sE,712096
entertainment,1,누워봐,3055,KR,#SNL7 #쿠팡플레이 #윤경호  #신동엽 #지예은 #김민교 #대선후보 #김문수,W23-zszJjPg,18394,2025-04-21T02:30:33.000Z,,이걸 대놓고 한다고? 김문수한테 119 갑질 똑같이 해준 지예은 ㅋ,https://www.youtube.com/watch?v=W23-zszJjPg,941234
entertainment,24,사내뷰공업 beautyfool,358,KR,"아이고 찌뿌등해 아이고 찌뿌등해

-
Instagram📷 https://www.instagram.com/beauty_fo.ol/
TikTok🎵 tiktok.com/@beauty.fo_ol",WwsmIlRbOdA,61063,2025-04-18T08:00:40.000Z,"[틱톡, 릴스, 쇼츠, 상황극, 공감, 일상, 콩트, 유머, 사내뷰공업, 아리, ari, beautyfool, tiktok, reels, shorts, sitcom, korean, 비행기, 여행, 장거리, 장거리비행, 비행, 장거리비행기, 아시아나, 대한항공, 여행영상, 여행비행기, 기내식, airplane]",이코노미 타고 장거리 비행 갈 때 공감✈️ #shorts,https://www.youtube.com/watch?v=WwsmIlRbOdA,1453695
entertainment,24,미남재형,569,KR,#미남재형 #food #lifestyle #shorts #meme #mufasa #영화 #드라마 #스케치코미디,o2BgF4_a5Fc,53016,2025-04-16T03:00:51.000Z,,유부남과 실세,https://www.youtube.com/watch?v=o2BgF4_a5Fc,2210937
entertainment,23,김켈리 Kellyfornia,622,KR,,x3qTW_VwSvs,64536,2025-04-18T10:01:35.000Z,,내멋대로 살아도 되는 이유 (ib: marrkadams89‬),https://www.youtube.com/watch?v=x3qTW_VwSvs,1400606
entertainment,24,진시네마,55,KR,#김우빈 #노윤서 #송승헌 #리뷰 #넷플릭스 #쇼츠 #shorts,Etv8eiNGLFA,14391,2025-04-17T02:29:38.000Z,[진시네마],도발하는 덩치를 한 방에 쓰러뜨린 전설의 택배기사! #택배기사,https://www.youtube.com/watch?v=Etv8eiNGLFA,1768988
entertainment,23,꿀잼츄러스,2599,KR,,YJJsEbgpPqY,90042,2025-04-16T08:02:00.000Z,,남자 매력 쩌네ㅋㅋㅋㅋㅋㅋㅋㅋㅋㅋㅋㅋㅋㅋ,https://www.youtube.com/watch?v=YJJsEbgpPqY,2912262
entertainment,22,웜뱃똥,82,KR,,bFkih5fbOyE,5951,2025-04-21T21:00:39.000Z,,심형래보다 웃긴 일반인,https://www.youtube.com/watch?v=bFkih5fbOyE,505238
entertainment,22,슴슴도치,2058,KR,,GaVJ1gV9TUE,30464,2025-04-21T06:56:49.000Z,,폭망했던 흑설공주 배우가 ‘재평가’를 받고 있는 이유 ㅋㅋ 이거였구나…,https://www.youtube.com/watch?v=GaVJ1gV9TUE,1021996
entertainment,10,달나라쑝간다,87,KR,#옛날영화 #코미디영화 #추천영화 #명작 #안성기 #박중훈 #김보성 #권민중 #경찰영화,EI0zoK_GhMo,9678,2025-04-18T12:45:03.000Z,,존예 신입 형사가 버스를 타고 가면 생기는 일 #투캅스3,https://www.youtube.com/watch?v=EI0zoK_GhMo,1225544
entertainment,24,일분만!,64,KR,,eg_mK_tNemA,31749,2025-04-20T02:43:49.000Z,"[짱구는못말려, 짱구, 흰둥이, 맹구, 유리, 철수, 훈이]",쓰레기통에 가게된 브러치 선물,https://www.youtube.com/watch?v=eg_mK_tNemA,763852
entertainment,26,똘킹,1947,KR,"Shorts
쇼츠

구독하기, 좋아요 한번씩 눌러주시면 너무 감사하겠습니다 ㅎ_ㅎ
▶ https://goo.gl/c21mgR ◀구독하기!

똘킹 유튜브 채널입니다 
리그 오브 레전드, 각종 콘솔 비디오게임, 하이라이트 등등 재밌는 영상이 업로드됩니다

똘킹의 전용 홈페이지, 똘킹왕국!! 많은 가입 부탁드려요~
▶https://cafe.naver.com/ddolking555

트위치에서 스트리밍 중입니다!
▶https://www.twitch.tv/ddolking555

궁금하신점이나 문의메일은 여기로 보내주세요 
▶ddolking555@naver.com 

똘킹 인스타그램, 사생활을 보고싶다! 
▶https://www.instagram.com/ddolking555/

생방송 시간은평일 저녁 9시, 주말은 랜덤입니다

#shorts #쇼츠",fSQlzjhKKbQ,47456,2025-04-20T02:48:14.000Z,"[똘킹, 똘킹생방송, 똘킹트위치, 게임, 보겸, 랄로, 괴물쥐, 백크, 파카, Short, 저라뎃, 페이커, 롤드컵, 챌린저, 롤 프로, 롤 대회, 서폿, 서포터, Shorts, 쇼츠, 이상형월드컵, 이상형 월드컵, 무지개맛, 룬테라, 웃긴영상]",'진격의 거인' 배경이 대한민국이였다면?🇰🇷.jpg,https://www.youtube.com/watch?v=fSQlzjhKKbQ,1069844
entertainment,22,숏캉스,117,KR,#shorts #쇼츠 #심슨가족 #thesimpsons,NQc7ARc-1Fc,35220,2025-04-20T01:10:00.000Z,,칠면조 메기의 치명적인 귀여움 #심슨가족 #thesimpsons,https://www.youtube.com/watch?v=NQc7ARc-1Fc,938444
entertainment,24,침착맨,1110,KR,"• 이 클립이 나온 영상
(https://youtu.be/Tt98HJF4CvA?si=xfM05bHCUUe2x-Mj)

• 2025년 04월 05일 방송분
(https://www.youtube.com/live/W425KKGvfAg?si=KGwxJAWn6N9E7R56)

▶편집: 13수자",cDop9LM6q40,36181,2025-04-16T08:00:50.000Z,,외톨이,https://www.youtube.com/watch?v=cDop9LM6q40,2052428
entertainment,22,무비반장,144,KR,#신병3,AxqIha4-U0Q,6705,2025-04-22T15:42:30.000Z,,가라 중대장이 시키는건 잘 해야 함,https://www.youtube.com/watch?v=AxqIha4-U0Q,435070
entertainment,24,쇼츠공장,300,KR,,Cr2cS_CxYxA,27924,2025-04-16T15:59:48.000Z,,한국 남자랑 할 때 자세를 자주 바꿔서 힘든 오구라 유나  #노빠꾸탁재훈 #shorts,https://www.youtube.com/watch?v=Cr2cS_CxYxA,2205932
entertainment,1,월붕이,689,KR,#진격의거인 #애니메이션 #스케치코미디,K5C4SKSV3vI,36562,2025-04-22T07:30:13.000Z,"[진격거, 월붕이, 학교, 지각, 애니, 꿀팁, 일본]",지각할 때 안 혼나는 법;;;,https://www.youtube.com/watch?v=K5C4SKSV3vI,601583
entertainment,23,심심숏폼,39,KR,,S12DkMlqTWg,15457,2025-04-21T02:50:02.000Z,,조폭과 스님이 게임 하면 생기는일 #스케치코미디 #코미디 #유머,https://www.youtube.com/watch?v=S12DkMlqTWg,705024
entertainment,22,이거아새우,825,KR,"영상을 제공해주신 스까르님께 감사드립니다 😍😍

인스타 @skrrer_gangster 유튜브 @스까르

*이 영상은 저작권 허가 및 자료를 제공받아 업로드한 영상이에요. 틱톡 또는 페북 불펌은 STOP해주세요✋ 서로 존중하는 문화 만들어요😇😇

The movie clips on my channel has gotten copyright permission of copyright holder.",mHsTjjhfRaA,120697,2025-04-12T02:37:53.000Z,,차은우 생일파티 레전드 비하인드ㅋㅋㅋ,https://www.youtube.com/watch?v=mHsTjjhfRaA,4759239
