category,categoryId,channelTitle,commentCount,country,description,id,likeCount,publishedAt,tags,title,url,viewCount
music,10,임영웅,23538,KR,"#임영웅 #LimYoungWoong #천국보다아름다운

[MV] 임영웅 - 천국보다 아름다운 👉 https://youtu.be/QQJaxbLmmBI

임영웅 웅튜브 
구독♡좋아요♡알람설정
열심히 할게요/당신도 누를 수 있도록 

Lim Young Woong  [I'm HERO] Youtube Channel
Subscribe Like Alert Setting 
Thank You♡

공식 팬카페 [영웅시대]
http://cafe.daum.net/hero0616",W-1DWS-lZ9c,89569,2025-04-13T00:17:36.000Z,"[미스터트롯, 트로트, 임영웅, 트로트영웅, 포천의아들, 아침마당, 판듀, 전국노래자랑, 영웅, 홍대트로트, 뭣이중헌디, 계단말고 엘리베이터, kbs, 가요무대, 도전꿈의무대, 박서진, 진달래, 천재원, 명지, 성국, 미스트롯, 장윤정, 박현빈, 박상철, 박구윤, 현장스케치, 예능, 트롯, TV조선, 사랑의콜센타, 뽕숭아학당, hero, imhero, 이제나만믿어요, 이나믿, 별빛같은나의사랑아, 별나사]",임영웅 [천국보다 아름다운] Music Clip,https://www.youtube.com/watch?v=W-1DWS-lZ9c,2769737
music,10,NCT WISH - Topic,247,KR,"Provided to YouTube by SM Entertainment

poppop · NCT WISH

poppop - The 2nd Mini Album

℗ 2025 SM Entertainment

Released on: 2025-04-14

Producer: MZMC
Producer: Pink Slip
Producer: inverness
Lyricist: KENZIE
Composer: Jackson Morgan
Composer: JBACH
Composer: Amelia Moore
Composer: Kyle Buckley
Composer: Charles Roberts Nelson
Composer, Arranger: MZMC
Arranger: Pink Slip
Arranger: inverness

Auto-generated by YouTube.",sAwVsdQOogQ,11747,2025-04-14T09:04:04.000Z,"[NCT WISH, poppop - The 2nd Mini Album, poppop]",poppop,https://www.youtube.com/watch?v=sAwVsdQOogQ,1134947
music,10,HIGHLIGHT - Topic,64,KR,"Provided to YouTube by Genie Music Corporation

Endless Ending · BEAST (HIGHLIGHT)

Endless Ending

℗ 2025 Around US

Released on: 2025-04-16

Lyricist: NU’MAKER(Room01)
Composer: NU’MAKER(Room01)
Composer: STAINBOYS(Room01)
Composer: PARK JI EUN(Room01)
Arranger: STAINBOYS(Room01)
Arranger: PARK JI EUN(Room01)

Auto-generated by YouTube.",wEhfhZNKjyU,4962,2025-04-16T09:01:35.000Z,"[BEAST (HIGHLIGHT), 비스트 (하이라이트), Endless Ending]",Endless Ending,https://www.youtube.com/watch?v=wEhfhZNKjyU,464426
music,10,HYBE LABELS,5223,KR,"TWS (투어스) '마음 따라 뛰는 건 멋지지 않아?' Official MV

#TWS #투어스 #247WithUs
#TRY_WITH_US
#마음따라뛰는건멋지지않아 #Countdown


Credits:

Producer : HAN SUNGSOO
 
VP : Kim Daun

A&R : Yi Hyojin, Ahn Singyu, Jang Dahye, Kim Jiyoon, Park Shinyoung, Cho Inwook, Kim Yukyeong, Yang Chi Hwan

Visual Creative : Lee Hyemi, Kim Woojeong, Hwang Hyunjun
Performance Directing : Ryu Jaehee, Jeon Jongha, Lee Haesu (Assist Directing : Yoon Hyelim, Shin Minkyung)
Artist PM & Protocol & Operation : Ahn Solyang, Shin Doyun, Kim Hyejin, Park Yuri, Shim Yeonjin, Hong Ahyun, Cho Sungje, Hwang Yumi, Park Yoonjin, Che Huiling, Song Youngwoo

Production House | LIMINAL & TMTBS
Director | Lafic
Executive Producer | Soyoung Koo
A.D | Minkyeong Kim, Seoyeon Kim
Line Producer | Hyounggeun Kang, Yuseok Joung, Jungho Kee, Chanyoung Park
P.A | Seungjun Choi, Chanhyuk Park, Donghwan Youn, Dongju Lee, Seunghoon Baek, Kyunghun Park, Sunghyun Park

Director of Photography | Giung Seo
Focus Puller | Seungjong Lee
2nd AC | Hyukjae Yang
DIT | Younji Choi
3rd AC | Junsung Cha

B CAM Director l Lafic
Sub CAM | Junmo Lee, Hyunseop Song 
Synchronous Recording | Kyuri Kim, Jungsik Ahn

Gaffer | Joonghyuk Jung
Lighting Crew | Hyunsuk Kim, Minhyeok Baek, Daejin Kim, Bonhyeop Gu, Doohyun Han, Hwayong Chung, Jongseung Song, Byungjong Kim, Juyong Song, Jiseok Lee

Art Director | NOMESS
Art Team Leader | Jungsik Lee, Chaejeong Kim, Jihyun Park, Hyojin Oh, Seoyoung Lim

Jimmy Jib | Dongjin Lee
1st Assistant | Jeonghyun Yoo
2nd Assistant | Seongeum Jung
3rd Assistant | Gwanghyun Yoo

Special Effect | Changi Min(SF)

Edit | Lafic

Colorist | Changbeen Yu (THEPOSTLAB)
DI Assistant | Seowoo Kang, Yereum Yang

Sound | OV

SFX | KEYMAKER

3D VFX | Electric Leee

2D Cleaning | Kyungsik Kang, Minseo Kwon, Jurang Gong, Seoeun Kim

TItle Animation | Mareykrap

Location Management | Land Scape
Location Supervisor | Sangdong Park
Location Manager | Myeongjae Kim


Connect with TWS

Official Homepage : https://www.pledis.co.kr/artist/detail/TWS
Official YouTube : https://www.youtube.com/@TWS_PLEDIS
Official X(Twitter) : https://twitter.com/TWS_PLEDIS
Official Instagram : https://www.instagram.com/tws_pledis
Official TikTok : http://www.tiktok.com/@tws_pledis
Official Facebook : https://www.facebook.com/TWS.PLEDIS
Official Weverse : https://weverse.io/tws

ⓒ PLEDIS Entertainment. All Rights Reserved",Csaj3X6PKxY,75391,2025-04-21T08:56:07.000Z,"[HYBE, HYBE LABELS, 하이브, 하이브레이블즈]",TWS (투어스) '마음 따라 뛰는 건 멋지지 않아?' Official MV,https://www.youtube.com/watch?v=Csaj3X6PKxY,8062085
music,10,NCT WISH - Topic,422,KR,"Provided to YouTube by SM Entertainment

Melt Inside My Pocket · NCT WISH

poppop - The 2nd Mini Album

℗ 2025 SM Entertainment

Released on: 2025-04-14

Producer: KENZIE
Producer: Rouno
Composer, Lyricist, Arranger: KENZIE
Composer: Andrew Choi
Composer: JSONG
Composer, Arranger: Rouno

Auto-generated by YouTube.",GIoDgHfQX6Y,10802,2025-04-14T09:04:00.000Z,"[NCT WISH, poppop - The 2nd Mini Album, Melt Inside My Pocket]",Melt Inside My Pocket,https://www.youtube.com/watch?v=GIoDgHfQX6Y,802830
music,10,NCT WISH - Topic,485,KR,"Provided to YouTube by SM Entertainment

1000 · NCT WISH

poppop - The 2nd Mini Album

℗ 2025 SM Entertainment

Released on: 2025-04-14

Producer: PAPRIKAA
Composer, Lyricist, Arranger: PAPRIKAA
Composer, Lyricist: Lim Jung Woo
Composer, Lyricist: DANA

Auto-generated by YouTube.",8GCSIIzFEg8,11285,2025-04-14T09:03:33.000Z,"[NCT WISH, poppop - The 2nd Mini Album, 1000]",1000,https://www.youtube.com/watch?v=8GCSIIzFEg8,776996
music,10,ASTRO 아스트로,28622,KR,"#ASTRO #아스트로 #꿈속의문 #Moon

ASTRO - 꿈속의 문(Moon) : Memory of the Moon

with 
VIVIZ (비비지)
민혁, 기현, I.M of MONSTA X 
호시, 원우, 민규, 도겸, 승관 of SEVENTEEN
HELLO GLOOM
라키
최유정
김도연
찬희 (SF9)
방찬 (Stray Kids)
문수아 (Billlie)

▶ Twitter : http://twitter.com/offclASTRO
▶ Facebook : http://facebook.com/offclASTRO
▶ Instagram : https://www.instagram.com/officialastro
▶ Weibo : http://weibo.com/officialASTRO
▶ Fancafe : http://cafe.daum.net/fantagio-boys",UUFJlUy5aA4,600462,2025-04-19T09:00:10.000Z,"[ASTRO, 아스트로, 판타지오뮤직, 판타지오, fantagio, fantagioMusic, ASTROPLAY, 아스트로플레이, 차은우, 문빈, 진진, 엠제이, 윤산하, 라키, ChaEunWoo, MoonBin, JINJIN, MJ, YoonSanHa, ROCKY, 또까, DDOCA, 꿈속의문, Memory of the Moon, Moon, 비비지, VIVIZ, 세븐틴, SEVENTEEN, MONSTAX, 몬스타엑스, 최유정, 김도연, 찬희, SF9, 방찬, 문수아, 빌리, Billlie, StrayKids]",아스트로(ASTRO) - 꿈속의 문(Moon) : Memory of the Moon,https://www.youtube.com/watch?v=UUFJlUy5aA4,3324260
music,10,워너뮤직코리아 (Warner Music Korea),841,KR,"🎧임영웅 [천국보다 아름다운] Music Clip
https://www.youtube.com/watch?v=W-1DWS-lZ9c



#임영웅 #LIMYOUNGWOONG #OST
#JTBC #천국보다아름다운 #Heavenly_Ever_After
#고고씽 #GOGOSING",95gKcG80rhI,,2025-04-15T09:00:20.000Z,,임영웅 - 천국보다 아름다운 [Music Video],https://www.youtube.com/watch?v=95gKcG80rhI,324128
music,10,DAESUNG - Topic,385,KR,"Provided to YouTube by FLUXUS

Universe · DAESUNG

D's WAVE

℗ RND Company Inc., under license to Dreamus

Released on: 2025-04-08

Composer: 홍훈기
Lyricist: 김혜정
Composer: Ryan Shin

Auto-generated by YouTube.",MSR8sxxa-tU,15261,2025-04-08T09:04:56.000Z,"[DAESUNG, 대성, D's WAVE, Universe]",Universe,https://www.youtube.com/watch?v=MSR8sxxa-tU,1662193
music,10,MARK - Topic,0,KR,"Provided to YouTube by SM Entertainment

1999 · MARK

The Firstfruit - The 1st Album

℗ 2025 SM Entertainment

Released on: 2025-04-07

Producer: dress
Lyricist, Composer: MARK
Lyricist, Composer, Arranger: dress
Lyricist, Composer: SAMSON
Composer: SINJUN
Composer: PAPRIKAA
Composer: Jonah Renna
Composer: Desmond “DCope” Copeland

Auto-generated by YouTube.",kq9r96yMFV8,25506,2025-04-07T09:26:57.000Z,"[MARK, The Firstfruit - The 1st Album, 1999]",1999,https://www.youtube.com/watch?v=kq9r96yMFV8,2182143
music,10,Mido and Falasol - Topic,0,KR,"Provided to YouTube by Genie Music Corporation

Amateur · Mido and Falasol

Resident Playbook, Pt. 4 (Original Soundtrack)

℗ 2025 Studio MaumC, eggiscoming

Released on: 2025-04-20

Lyricist: Jinyoung Hong
Composer: Jinyoung Hong
Arranger: Naiv

Auto-generated by YouTube.",JWCP5xLibfA,2535,2025-04-20T09:00:33.000Z,"[Mido and Falasol, 미도와 파라솔, Resident Playbook, Pt. 4 (Original Soundtrack), Amateur]",Amateur,https://www.youtube.com/watch?v=JWCP5xLibfA,122475
music,10,Shin Yong Jae - Topic,23,KR,"Provided to YouTube by Kakao Entertainment

Snow Of April (feat. Huh Gak) (사월의 눈 (feat. 허각)) · Shin Yong Jae · Huh Gak · DK CHOO · G.Gorilla · G.Gorilla

H.Y.B. Project - Your Song, My Voice #3 ‘Snow Of April’

℗ 2025 OS Projects,under license to Kakao Entertainment

Released on: 2025-04-16

Author: G.고릴라
Composer: G.고릴라
Arranger: 추대관 (MonoTree)

Auto-generated by YouTube.",e5CrlsXTYGI,1327,2025-04-16T09:00:56.000Z,"[Shin Yong Jae, 신용재, Huh Gak, 허각, DK CHOO, G.Gorilla, H.Y.B. Project - Your Song, My Voice #3 ‘Snow Of April’, 허용별 프로젝트 - 니곡내곡 #3 '사월의 눈', Snow Of April (feat. Huh Gak), 사월의 눈 (feat. 허각)]",Snow Of April (feat. Huh Gak) (사월의 눈 (feat. 허각)),https://www.youtube.com/watch?v=e5CrlsXTYGI,160120
music,10,DAY6 (Even of Day) - Topic,4,KR,"Provided to YouTube by NHN BUGS

메이플라떼 · DAY6 (Even of Day)

디어엠 OST Part.1

℗ 모스트콘텐츠

Released on: 2025-04-15

Auto-generated by YouTube.",Jbyqt0Sb8Rg,3710,2025-04-15T09:04:49.000Z,"[DAY6 (Even of Day), 디어엠 OST Part.1, Dear.M OST Part.1, 메이플라떼, MAPLELATTE]",메이플라떼,https://www.youtube.com/watch?v=Jbyqt0Sb8Rg,240889
music,24,황가람과 동네청년,3414,KR,"안녕하세요 황가람입니다

'나는 반딧불' 많이 사랑해주세요!

감사합니다 :)

#황가람 #나는반딧불 #미치게그리워서",MezvFK_r-MI,34215,2025-03-30T11:42:39.000Z,"[정중식, 중식이밴드, 미치게그리워서, 뮤직비디오, 뮤비]",나는 반딧불 - 황가람,https://www.youtube.com/watch?v=MezvFK_r-MI,2524427
music,10,Woody - Topic,0,KR,"Provided to YouTube by Kakao Entertainment

Sadder Than Yesterday (어제보다 슬픈 오늘) · Woody · SHIN SUNG JIN · KIM GUN MO · KIM CHANG HWAN

Sadder Than Yesterday

℗ 2025 GOLDEN MOON(GDM),under license to Kakao Entertainment

Released on: 2025-03-31

Author: 김창환
Composer: 김건모
Arranger: 신성진

Auto-generated by YouTube.",29lj9jFfJvY,18105,2025-03-31T09:00:02.000Z,"[Woody, 우디 (Woody), SHIN SUNG JIN, KIM GUN MO, KIM CHANG HWAN, Sadder Than Yesterday, 어제보다 슬픈 오늘]",Sadder Than Yesterday (어제보다 슬픈 오늘),https://www.youtube.com/watch?v=29lj9jFfJvY,3156440
music,10,Kwon Jin-ah - Topic,54,KR,"Provided to YouTube by YG PLUS

Love & Hate · Kwon Jin Ah

Love & Hate

℗ ANOTHER LABEL

Released on: 2025-04-10

Lyricist: Kwon Jin Ah
Composer: 권덕근
Composer: Clovd
Composer: Young Chance
Composer: Ayelle
Composer: Hautboi Rich
Arranger: 권덕근
Arranger: Clovd
Graphic Design: 한승연 (Studio.ppangseung)
Recording Engineer: 장우영
Mixing Engineer: 제휘
Producer: Kwon Jin Ah

Auto-generated by YouTube.",7N5skOTBaNI,4044,2025-04-10T09:04:50.000Z,"[Kwon Jin Ah, 권진아, Love & Hate]",Love & Hate,https://www.youtube.com/watch?v=7N5skOTBaNI,497688
music,10,TAK / DORIDORI,1980,KR,"#TAK #텐코시부키 #도깨비꽃

𝗧𝗔𝗞 - 도깨비꽃 feat. 텐코 시부키

💿 Listen & Download : https://orcd.co/tak_dkbk

ㅡ
 
[Credits]

Music. TAK, xei
Lyrics. xei, TAK

Vocal. 텐코 시부키
Chorus. 텐코 시부키, xei, TAK, REQ, Pread, つくし

Guitar. Taewook Lee
Taepyungso. Pread

Direction / 3DCG / Composite. Nihe
Character Design / Illustration. sowiti
Main Animator. syo5
Effect Animator. Mami Sonokawa
Graphic Design. Reku
MV Producer. Yuki Kamiya

Design. 713

Produced by DORIDORI FRIENDS

▶𝗧𝗔𝗞 Instagram : https://www.instagram.com/tak_drdr
▶𝗧𝗔𝗞 X : https://twitter.com/TAK_DRDR

ㅡ

▾Lyrics▾

옛날 머나먼 그 어느 마을엔
맨날 요란요상한 일들의 투성이
짠하고 나타나 머리를 흔들어놔
이랬다 저랬다 도깨비

산 너머에도 그래 바다 건너도
신기한 이야기가 짠하고 들려와
그렇다면 또 찾아가볼 수 밖에

너의 두 눈에 날 담을래
네 이름을 알려줄래

피어나 이것 봐 무궁화 꽃이 피었습니다
뒤돌아 얼어버린 나를 바라보지마
부어라 마셔라 얼씨구 흥겹구나
갸우뚱 갸우뚱 아지랑이 도깨비불

자빠져라 이리로 오라
아이쿠 난 몰라 에헤라디야
이러다 어쩌나 타오른 꽃잎마저
갸우뚱 갸우뚱 아른아른 도깨비불

Hey hey hey 좋다
Hey hey

피어나라 도깨비불

Hey hey hey 좋다
Hey hey

연회의 시작이다!
금 나와라 뚝딱
은 나와라 뚝딱
붓으로 툭 북으로 쿵 이름은 도깨비
설레여라 얍

피어나 이것 봐 무궁화 꽃이 피었습니다
뒤돌아 얼어버린 나를 바라보지마
부어라 마셔라 얼씨구 흥겹구나
갸우뚱 갸우뚱 아지랑이 도깨비불

외로운 그 도깨비는 눈물 많은 도깨비일 뿐
갸우뚱 갸우뚱 이제부턴 네가 술래

여우와 호랑이 까마귀도 춤 추네

날카로운 눈빛 그래 알 수가 없지
너는 왜 너는 매일 지르고 모르쇠
시끄러운 비밀은 간직할 테니

너의 두 눈에 날 담을래
네 이름을 알려줄래

피어나 이것봐 무궁화 꽃이 저물어

어머나 무궁화 꽃이 피었습니다
뒤돌아 얼어버린 나를 바라보지마
부어라 마셔라 얼씨구 흥겹구나
갸우뚱 갸우뚱 아지랑이 도깨비불

자빠져라 이리로 오라
아이쿠 난 몰라 에헤라디야
이러다 어쩌나 타오른 꽃잎마저
갸우뚱 갸우뚱 아른아른 타오르는
우리 둘의 도깨비불

Hey hey hey 좋다
Hey hey

피어나라 도깨비불

Hey hey hey 좋다
Hey hey

피어나라 도깨비꽃

ㅡ

#DKBK #トッケビの花 #MV #TENKO_SHIBUKI",N_vYUNEktsA,25822,2025-04-15T09:00:17.000Z,"[tak, 한원탁, tenko shibuki, 텐코시부키, 스텔라이브, stellive, hatsune miku, vocaloid, 보컬로이드, 初音ミク, ボカロ]",[MV] TAK - '도깨비꽃' feat. 텐코 시부키,https://www.youtube.com/watch?v=N_vYUNEktsA,562952
music,10,노을Noel - Topic,20,KR,"Provided to YouTube by Kakao Entertainment

살기 위해서 (살기 위해서) · Noel

Padam Padam (Original Television Soundtrack) Pt. 1

℗ 2025 Beyond Music,under license to Kakao Entertainment

Released on: 2011-12-05

Auto-generated by YouTube.",1nKEoBDQ4sQ,819,2025-03-31T15:03:53.000Z,"[Noel, 노을, Padam Padam (Original Television Soundtrack) Pt. 1, JTBC 월화드라마 빠담빠담 OST Part.1, 살기 위해서]",살기 위해서 (살기 위해서),https://www.youtube.com/watch?v=1nKEoBDQ4sQ,566393
music,10,HANHAE - Topic,67,KR,"Provided to YouTube by Kakao Entertainment

ALREADY A YEAR (벌써 일년) · HANHAE · Moon Se Yoon · CHOI HAN SOL · CHOI JI SAN · YOON GUN · Han kyunghye

ALREADY A YEAR

℗ 2025 BRANDNEW MUSIC,under license to Kakao Entertainment

Released on: 2025-04-15

Author: 한경혜
Composer: 윤건
Arranger: 최한솔
Arranger: 최지산

Auto-generated by YouTube.",1MNGNVh6liY,2025,2025-04-15T09:00:02.000Z,"[HANHAE, 한해, Moon Se Yoon, 문세윤, CHOI HAN SOL, CHOI JI SAN, YOON GUN, Han kyunghye, ALREADY A YEAR, 벌써 일년]",ALREADY A YEAR (벌써 일년),https://www.youtube.com/watch?v=1MNGNVh6liY,178718
music,10,Etham - Topic,42,KR,"Provided to YouTube by GENIE MUSIC

Find Love · Etham · CHUNG HA

Find Love

℗ 2025 PROJECT RE:NEWAL, AXISION under licence to Genie Music Corporation

Released on: 2025-04-04

Lyricist: Etham
Lyricist: Kevin D
Lyricist: YOUHA
Composer: Etham
Composer: Kevin D
Composer: MONJOE
Composer: Kensuke Takahashi
Composer: YOUHA
Composer: Hautboi Rich
Arranger: MONJOE
Arranger: Kevin D
Arranger: HÖMiE

Auto-generated by YouTube.",i5iATGAtsg8,12169,2025-04-04T09:01:30.000Z,"[Etham, CHUNG HA, 청하, Find Love]",Find Love,https://www.youtube.com/watch?v=i5iATGAtsg8,1348655
music,10,DAESUNG - Topic,389,KR,"Provided to YouTube by FLUXUS

Last girl (with 한요한) · DAESUNG · HAN YO HAN

D's WAVE

℗ RND Company Inc., under license to Dreamus

Released on: 2025-04-08

Composer: HAN YO HAN
Lyricist: HAN YO HAN
Composer: Heondred

Auto-generated by YouTube.",lOsbNi_wQAE,8923,2025-04-08T09:04:55.000Z,"[DAESUNG, 대성, HAN YO HAN, 한요한, D's WAVE, Last girl (with 한요한)]",Last girl (with 한요한),https://www.youtube.com/watch?v=lOsbNi_wQAE,687318
music,10,DAVICHI - Topic,14,KR,"Provided to YouTube by Kakao Entertainment

거북이 (거북이) · DAVICHI

MYSTIC BALLAD Pt. 2

℗ 2025 Beyond Music,under license to Kakao Entertainment

Released on: 2013-03-18

Auto-generated by YouTube.",12u5oZpowzs,1159,2025-03-31T15:04:34.000Z,"[DAVICHI, 다비치, MYSTIC BALLAD Pt. 2, MYSTIC BALLAD Part 2, 거북이]",거북이 (거북이),https://www.youtube.com/watch?v=12u5oZpowzs,662015
music,10,Roy Kim - Topic,96,KR,"Provided to YouTube by Genie Music Corporation

As Is · Roy Kim

As Is

℗ 2025 WAKEONE

Released on: 2025-04-02

Lyricist: Roy Kim
Composer: Roy Kim
Arranger: Joker

Auto-generated by YouTube.",9eOVt0y47Ww,10291,2025-04-02T09:00:16.000Z,"[Roy Kim, 로이킴, As Is]",As Is,https://www.youtube.com/watch?v=9eOVt0y47Ww,1798255
music,10,뷰티풀너드,2082,KR,"MV Directed by Kwon Meen
Assistant Director & Producer Jang Yejin

DOP 
Kim Jeehoo

Assistant Camera
MOGEOSU

Design
Lee Jungmin

Artist Manger
Choi Wooseong
Yang Namsu
Kim Kibeom

Documentary team
MOGEOSU

Hair & Make up
Areum
竹内 未夢

Special Thanks to
Parkryeok

MUSIC CREDIT

Lyrics by Choi Jaewoo, Gist, HOON, GORAE
Composed by TOIL, Pateko, HAAN, Gist, HOON
Arranged by TOIL, Pateko, HAAN

Piano Lee Myungho
Bass Park Chanmin
String Lim Woobin
Guitar Choi Yeonghun
Drum Lee Myungho, TOIL
Percussion HAAN",HIeZ8W0zLMA,23345,2025-04-06T03:00:24.000Z,"[MZ를 찾아서, 작은봄, 고추잠자리]",[4K] 고추잠자리 - 작은 봄 Official M/V,https://www.youtube.com/watch?v=HIeZ8W0zLMA,1016808
music,10,Stone Music Entertainment,442,KR,"[언젠가는 슬기로울 전공의생활 (Resident Playbook) OST Part 4] 미도와 파라솔 (Mido and Falasol) - 아마추어 (Amateur) MV

'슬기로운 의사생활'의 99즈(구구즈)가 귀환했다.

미도와 파라솔은 '슬기로운 의사생활' 시즌1·2를 통해 탄생한 밴드다. 극 중 99학번 의대 동기로 활약한 배우 조정석, 유연석, 정경호, 김대명, 전미도가 후배 레지던트들을 위해 의기투합했다. 4년 만에 리메이크 신곡을 발매하게 된 미도와 파라솔은 드라마 속 서사와 감정선을 섬세하게 담아내며 사회초년생들을 위한 응원의 메시지를 선사한다.

특히, 미도와 파라솔이 가창한 ‘언젠가는’, '너에게 난, 나에게 넌', '이젠 잊기로 해요', '밤이 깊었네', '화려하지 않은 고백', '비와 당신', '여전히 아름다운지' 등 다수 곡들은 발매 직후 국내 주요 음원 차트 최상위권을 휩쓸며 많은 사랑을 받은 만큼 이번 '아마추어'에도 이목이 쏠린다.

'아마추어'는 지난 2012년 가수 이승철이 발표한 동명의 곡을 리메이크한 곡이다. 원곡이 가진 따뜻한 응원의 메시지는 유지하면서도 감성적인 어쿠스틱 기타와 신시사이저 편곡 등을 더해 미도와 파라솔만의 버전으로 재탄생됐다. '슬기로운 의사생활', '나의 해방일지', '스물다섯 스물하나' 등 여러 작품의 OST를 히트시킨 작곡가 Naiv가 편곡을 맡아 미도와 파라솔 특유의 유쾌한 매력을 더했다.


[Credit]

Lyrics, Composed by 홍진영
Arranged by Naiv

Piano Otter
Acoustic Guitar 이준형
Electric Guitar 이준형, Naiv
Synth, Bass Naiv
MIDI Programming Naiv

Vocal Directed by 김기원
Recorded by 김광민 @개나리싸운드
Mixed by 홍성준 @개나리싸운드
Mastered by 박준, 도정회 @사운드맥스

OST Producer 마주희 MaOSTro @스튜디오 마음C
Project Manager 강연희 @스튜디오 마음C
Marketing 양지현 @스튜디오 마음C
Administration 김초롱 @스튜디오 마음C

#tvN #언젠가는슬기로울전공의생활 #residentplaybook #ost #teaser #MidoandFalasol #Amateur",4WfStc6FMaI,8304,2025-04-20T14:00:06.000Z,"[K-CULTURE, korean Music, MV, Music Video, K-Pop, Kpop, 뮤비, 뮤직비디오, Stone Music Entertainment, 언젠가는 슬기로울 전공의생활 (Resident Playbook), 미도와 파라솔(Mido and Falasol), 아마추어 (Amateur)]",[언젠가는 슬기로울 전공의생활 (Resident Playbook) OST Part 4] 미도와 파라솔 (Mido and Falasol) - 아마추어 (Amateur) MV,https://www.youtube.com/watch?v=4WfStc6FMaI,146767
music,10,DAVICHI - Topic,6,KR,"Provided to YouTube by Kakao Entertainment

8282 (8282) · Davichi

Davichi In Wonderland

℗ 2025 Beyond Music,under license to Kakao Entertainment

Released on: 2009-02-27

Auto-generated by YouTube.",kXgVibbrLaQ,337,2025-03-31T15:01:26.000Z,"[Davichi, 다비치, Davichi In Wonderland, 8282]",8282 (8282),https://www.youtube.com/watch?v=kXgVibbrLaQ,165839
music,10,LABOUM - Topic,0,KR,"Provided to YouTube by Kakao Entertainment

상상더하기 (상상더하기) · LABOUM

Fresh Adventure

℗ 2025 Beyond Music,under license to Kakao Entertainment

Released on: 2016-04-06

Auto-generated by YouTube.",Btpjepeihro,1469,2025-03-31T15:00:16.000Z,"[LABOUM, 라붐 (LABOUM), Fresh Adventure, 상상더하기]",상상더하기 (상상더하기),https://www.youtube.com/watch?v=Btpjepeihro,646557
music,10,KCM - Topic,23,KR,"Provided to YouTube by NHN BUGS

어쩌다가 · KCM

어쩌다가

℗ (주)도너츠컬처

Released on: 2025-04-13

Auto-generated by YouTube.",nmNhc6z1p4Y,1635,2025-04-13T09:03:05.000Z,"[KCM, 어쩌다가, Somehow]",어쩌다가,https://www.youtube.com/watch?v=nmNhc6z1p4Y,192270
music,10,BOYNEXTDOOR,5474,KR,"#BOYNEXTDOOR #보이넥스트도어 #BND
#태산 #이한 #운학
#Cover_Film #Congratulations


Credits:
Directed by CIMONA
ASSISTANT DIRECTORㅣKANG SANGYEON

Produced by S(V)C
EXECUTIVE PRODUCERㅣJEONG YOUNGHOON
PRODUCERㅣBRADY YOON
PRODUCTION ASSISTANTSㅣYOON HYUN, PARK JUNGHYEON, LEE YUAN, PARK JAEDONG

DIRECTOR OF PHOTOGRAPHYㅣJEONG TAEWAN
B CAMERA OPERATORㅣPYO TAEUK
FIRST ASSISTANT CAMERAㅣPARK CHEOLWOO, OH SUYEON
THIRD ASSISTANT CAMERA ㅣLEE HYUNAE

GAFFERㅣOH SEONGMIN
BEST BOYㅣWOODY
ELECTRICIANSㅣSHIN DONGYUN, LEE YONGJIN

ART DIRECTORㅣKIM YOUNGMI
ART TEAMㅣPARK MINKYEONG, SEAL KYUNGIL, KIM HYUNSEOK, OK SEUNGMIN, YANG HYUNJIN

MAKE-UP BUSㅣKIM JEEYOUNG
TRANSPORTㅣKIM DAEHEUNG, KIM SANGJUN

EDITㅣCIMONA
COLORㅣLEE GWANJAE
2D CLEANㅣCHOI AYOUNG, KIM GAHYEON


VOCAL | TAESAN, LEEHAN, WOONHAK

INSTRUMENTAL PRODUCTION | SEUNGJUN KIM
GUITAR | SEUNGJUN KIM
CHORUS | GESTURE

RECORDING | SUNGHUN LEE @HYBE Studio
DIGITAL EDITING | SUNGHUN LEE @HYBE Studio
MIX & MASTERING | PYUNGWOOK LEE @HYBE Studio

Connect with BOYNEXTDOOR :
Website🔗 https://BOYNEXTDOOR-official.com
YouTube🔗 https://youtube.com/@boynextdoor_official
X (Twitter) 🔗 https://x.com/BOYNEXTDOOR_KOZ
Instagram🔗 https://instagram.com/BOYNEXTDOOR_official
TikTok🔗 https://www.tiktok.com/@boynextdoor_official
Facebook🔗 https://facebook.com/BOYNEXTDOOR.official
Weibo🔗 https://weibo.com/BOYNEXTDOORKOZ

ⓒ KOZ Entertainment. All Rights Reserved.",nh4e3_v21bc,94435,2025-04-02T11:00:05.000Z,"[BOYNEXTDOOR, 성호, SUNGHO, 리우, RIWOO, 재현, JAEHYUN, 태산, TAESAN, 이한, LEEHAN, 운학, WOONHAK, HYBE, KOZ]","Cover Film｜'Congratulations' (원곡 : DAY6) by TAESAN, LEEHAN, WOONHAK - BOYNEXTDOOR (보이넥스트도어)",https://www.youtube.com/watch?v=nh4e3_v21bc,2113586
music,10,V.O.S - Topic,0,KR,"Provided to YouTube by Danal Entertainment

다시 만날까 봐 · V.O.S

다시 만날까 봐

℗ 2025 Danal Entertainment

Released on: 2019-09-01

Producer: V.O.S
Lyricist: 박강일
Composer: 박강일
Arranger: 박강일
Performance: V.O.S

Auto-generated by YouTube.",ne9IhRHY5BY,838,2025-04-03T02:26:57.000Z,"[V.O.S, 다시 만날까 봐]",다시 만날까 봐,https://www.youtube.com/watch?v=ne9IhRHY5BY,565781
