channelImage,channelLink,channelName,rank,thumbnailUrl,videoLink
https://i.playboard.app/p/n3dYugaO9tsQ4oco8yyXSf9g0nfZJEwmYqc1CUx3J-ExgQaELcmSYJQ18hvp2NE9g5yXrXPSUw/100x100.jpg,https://youtube.com/channel/UCWuLbEABJ8AmK7H_2bA8Y-w,BEATPELLA HOUSE,1,https://img.youtube.com/vi/d79Ws4tyvPs/mqdefault.jpg,https://youtube.com/video/d79Ws4tyvPs?channelId=UCWuLbEABJ8AmK7H_2bA8Y-w
https://i.playboard.app/p/AIdro_l8g0yRFG8xoe_qeqk8Ki9UFy36cB2IjZEWZWz0h7gl-t0/100x100.jpg,https://youtube.com/channel/UC3IZKseVpdzPSBaWxBxundA,HYBE LABELS,2,https://img.youtube.com/vi/wCQuk-I8QtM/mqdefault.jpg,https://youtube.com/video/wCQuk-I8QtM?channelId=UC3IZKseVpdzPSBaWxBxundA
https://i.playboard.app/p/1abdf60ea67933f284d14b4b1ee9786e/100x100.jpg,https://youtube.com/channel/UCaO6TYtlC8U5ttz62hTrZgg,JYP Entertainment,3,https://img.youtube.com/vi/bevTx51kDLc/mqdefault.jpg,https://youtube.com/video/bevTx51kDLc?channelId=UCaO6TYtlC8U5ttz62hTrZgg
https://i.playboard.app/p/bfuCyrlo74z5K_0A1voFD7leSSlafqfb953tFQ4Oe5X9CFDN23X_vm07yV8f_YCY63dxBjiB/100x100.jpg,https://youtube.com/channel/UCeLPm9yH_a_QH8n6445G-Ow,KBS Kpop,4,https://img.youtube.com/vi/iGu9aTWZGiA/mqdefault.jpg,https://youtube.com/video/iGu9aTWZGiA?channelId=UCeLPm9yH_a_QH8n6445G-Ow
https://i.playboard.app/p/42gxi39XmaHVEYxeuzdXitmJ_ig7QGPHczWLt2oPLG0g7AzuIWnNhYzSBXxAaQmPiVSM7Fi6/100x100.jpg,https://youtube.com/channel/UCEf_Bc-KVd7onSeifS3py9g,SMTOWN,5,https://img.youtube.com/vi/JLqXeMabsEQ/mqdefault.jpg,https://youtube.com/video/JLqXeMabsEQ?channelId=UCEf_Bc-KVd7onSeifS3py9g
https://i.playboard.app/p/poAZz54-c0ilYVLXz6gbVR-8Dp-b5_Lho3fVPhJK3dvBLe00157VtaGCTHFkDonUz3IlvaSzL6w/100x100.jpg,https://youtube.com/channel/UCZqY2yIsAM9wh3vvMwKd27g,ASTRO 아스트로,6,https://img.youtube.com/vi/8cQQX7TsInk/mqdefault.jpg,https://youtube.com/video/8cQQX7TsInk?channelId=UCZqY2yIsAM9wh3vvMwKd27g
https://i.playboard.app/p/rK-xW_-ERKaH9is6FSqRE445KKDYHnUNfI3A6XiNtRUyFAFHo10DaFSoK4B5E_emyumXk-ermw/100x100.jpg,https://youtube.com/channel/UCsxbX6QnOLal_qzzMK9AR9g,MBN MUSIC,7,https://img.youtube.com/vi/LALT7AnTMGA/mqdefault.jpg,https://youtube.com/video/LALT7AnTMGA?channelId=UCsxbX6QnOLal_qzzMK9AR9g
https://i.playboard.app/p/BBAmEmSiafuMaHJJk8-eM_fVuBPCN0sVTo-ksmFZGGqb2ctE7YsU1_wSHB-W4ZrFQSK2KBDUP8g/100x100.jpg,https://youtube.com/channel/UColRI12JGEW88EMCXaveQoQ,Beatbox Jackbryan,8,https://img.youtube.com/vi/lcmxEmP6WX8/mqdefault.jpg,https://youtube.com/video/lcmxEmP6WX8?channelId=UColRI12JGEW88EMCXaveQoQ
https://i.playboard.app/p/etD4BgVxDcLuEUs8Mj23hurKblTvL8gW8DEaqaJj7H2zso-cVHRyGsQZRT8DtXuuEqheqWSsJA/100x100.jpg,https://youtube.com/channel/UCs-QBT4qkj_YiQw1ZntDO3g,LE SSERAFIM,9,https://img.youtube.com/vi/uU5ko0BaJsI/mqdefault.jpg,https://youtube.com/video/uU5ko0BaJsI?channelId=UCs-QBT4qkj_YiQw1ZntDO3g
https://i.playboard.app/p/h0dMrJHc1eDorIyCKUuDwbBHyuzQFDgG7rsaU4I9jNIcgrTw3w2vD4IpvegQQ9B4YuSbqMovZg/100x100.jpg,https://youtube.com/channel/UCwgtORdDtUKhpjE1VBv6XfA,NCT,10,https://img.youtube.com/vi/H3NIRGQphoU/mqdefault.jpg,https://youtube.com/video/H3NIRGQphoU?channelId=UCwgtORdDtUKhpjE1VBv6XfA
https://i.playboard.app/p/pbESKAjfNT6bL7WjlWxbyiJ2h8ceCOKYLJwpo2ZM8gCesyGCWZbVtJ8VVuIxhRk-QOwU64ou/100x100.jpg,https://youtube.com/channel/UCLkAepWjdylmXSltofFvsYQ,BANGTANTV,11,https://img.youtube.com/vi/PXPkCyrDj_k/mqdefault.jpg,https://youtube.com/video/PXPkCyrDj_k?channelId=UCLkAepWjdylmXSltofFvsYQ
https://i.playboard.app/p/rH8WZD6FYM5OxsHlILsUkFGJ46rTX7Fi37MvCqUuIGtZejykycd9oGevoxviES7HbwSQ5_pxhg/100x100.jpg,https://youtube.com/channel/UCYJWOhygPKYcjDc2miCCGpQ,Blink_Monstiez,12,https://img.youtube.com/vi/I6LgSNalkoQ/mqdefault.jpg,https://youtube.com/video/I6LgSNalkoQ?channelId=UCYJWOhygPKYcjDc2miCCGpQ
https://i.playboard.app/p/AIdro_kO9bdCxH7ep1WFWurOTDJooaQqJAoimHZ_iDpfZ0x_PPM/100x100.jpg,https://youtube.com/channel/UC36pAgTYO6M-xFXVhp5paPA,TOP MEDIA,13,https://img.youtube.com/vi/Oqv0iR6xn0Y/mqdefault.jpg,https://youtube.com/video/Oqv0iR6xn0Y?channelId=UC36pAgTYO6M-xFXVhp5paPA
https://i.playboard.app/p/hwAEVwSSHGU8DdJs9U5IEiY66jmMKr2h42ZaxPra4ndT4_qEiLnmlcZJSA1pUVAb-tKXPZYaLfE/100x100.jpg,https://youtube.com/channel/UCtiObj3CsEAdNU6ZPWDsddQ,TOMORROW X TOGETHER OFFICIAL,14,https://img.youtube.com/vi/b2488tzY2gY/mqdefault.jpg,https://youtube.com/video/b2488tzY2gY?channelId=UCtiObj3CsEAdNU6ZPWDsddQ
https://i.playboard.app/p/LliihME021bfShCc-SYgjCNj2qsSYmFoe4PuVx9rTMFX5qTkKHLQgDGvthxH6SZ5LSPXoYAojdk/100x100.jpg,https://youtube.com/channel/UCnQYICvKA6gM5ZwRPEcANhA,우타우이누,15,https://img.youtube.com/vi/wtobJIzaVUM/mqdefault.jpg,https://youtube.com/video/wtobJIzaVUM?channelId=UCnQYICvKA6gM5ZwRPEcANhA
https://i.playboard.app/p/kJ8zwS_VhJ0TE-XDumnshGQ86hazfhHjjU4xn80Dc8xmSghA_2xw4OJTHaGreyeoro6q_vcT/100x100.jpg,https://youtube.com/channel/UCrDkAvwZum-UTjHmzDI2iIw,officialpsy,16,https://img.youtube.com/vi/6ozqnK1V-m4/mqdefault.jpg,https://youtube.com/video/6ozqnK1V-m4?channelId=UCrDkAvwZum-UTjHmzDI2iIw
https://i.playboard.app/p/yi9ifyyEhzsHcflVitL4A5MBdvaT3KAcBAn6L8-8HxMgNTq-UiXHrWrvsVGMhCnT40wS0SZqSQ/100x100.jpg,https://youtube.com/channel/UChhKBlh_wvspTh5n4mL0b5g,BOYNEXTDOOR,17,https://img.youtube.com/vi/hCeh8yR7t1A/mqdefault.jpg,https://youtube.com/video/hCeh8yR7t1A?channelId=UChhKBlh_wvspTh5n4mL0b5g
https://i.playboard.app/p/vzU-NGeccyobTY5DvnYnfOUhwqPB66hL3rjY9QEjHNreptQlAe5QezCiJcXvs33kBJ27NxuA/100x100.jpg,https://youtube.com/channel/UC3WZlO2Zl8NE1yIUgtwUtQw,임영웅,18,https://img.youtube.com/vi/vWSmpVTS-Mg/mqdefault.jpg,https://youtube.com/video/vWSmpVTS-Mg?channelId=UC3WZlO2Zl8NE1yIUgtwUtQw
https://i.playboard.app/p/4b49c31487fcc334a44a001b3f12efbb/100x100.jpg,https://youtube.com/channel/UCe52oeb7Xv_KaJsEzcKXJJg,MBCkpop,19,https://img.youtube.com/vi/ZRFgEN1lFWM/mqdefault.jpg,https://youtube.com/video/ZRFgEN1lFWM?channelId=UCe52oeb7Xv_KaJsEzcKXJJg
https://i.playboard.app/p/uuOajrqDS5Umci51wGC9LfxiWFxJrrOcs5eUNbBVW-zAEEw8r5_MzFzP8qn84Ewq108CKh8lEK0/100x100.jpg,https://youtube.com/channel/UC_xAk15E4QZDz0WEQ6GIYeg,노래하는배그나,20,https://img.youtube.com/vi/c2qxveV5zfA/mqdefault.jpg,https://youtube.com/video/c2qxveV5zfA?channelId=UC_xAk15E4QZDz0WEQ6GIYeg
