comment_author,comment_likes,comment_text,video_id
@삽질-y7s,89,"오늘도 출근하는 지하철에서 듣습니다.
아름다운 목소리를 듣는 아침...임영웅님과 영웅시대 여러분 오늘하루도 건행입니다.^^",W-1DWS-lZ9c
@LOHAS-p1f,70,"임영웅
임영웅 은 노래를 너무 잘한다 
임영웅 은 노래를 최고로 잘한다
그런데 더 잘하려고 끊임없이 노력한다
임영웅 은 그것이 팬들을 가장 사랑하는 법이란 걸 안다
그래서 이 곡이 미치게 좋은가 보다",W-1DWS-lZ9c
@정진연-s7l,65,"아침루틴으로 들어용
영웅님 팬들 즐거운 하루되세요",W-1DWS-lZ9c
@mulmangchobb,64,"임영웅 🩵 홈 Live Clip 
932만뷰/95번째 천만뷰 응원해요 
촉촉하게 빛나는 눈동자에 담긴
섹시 카리스마 ""비를 좋아한다""
흠뻑 내리는 비도 열정 카리스마
열정 임영웅 을 절대 막을 수 없지 
영웅시대 신나게 멋지게 소리질러
하늘을 찌르는 섹시함과 요염함
다양한 매력으로 우리들 시선을 
사로 잡는 매력남 우리 섹시가이",W-1DWS-lZ9c
@mulmangchobb,63,"🔈임영웅 95번째 천만뷰 응원합니다 
0) 천국보다 아름다운 (음원/M Clip)
0) 홈               (Live Clip) 932만뷰
3) 가슴은알죠      (미스터) 938만뷰
4) l'm not the only one  910만뷰
5) 폴라로이드            (음)  887만뷰
6) 보라빛 엽서        (미트) 882만뷰
7) 히어로               (EDM) 858만뷰
8) 미워요                    (음) 840만뷰
조회수 많은 순서대로 적었습니다
임영웅 님 원곡들을 먼저 응원 하는게
기본 상식 이고 당연한 일 입니다
* 저도 스밍 외에 사진 올리기 기사 공감 
  뮤 빗 차트 순위 올리기 블로그 댓글
  쓰기 등 하고 있으니 진빠지게 시비걸지 
  말고 시비 걸 시간에 님들도 홍보 글 
  한줄 이라도 올리기를 부탁드립니다
임영웅 응원합니다 건행ㄱ",W-1DWS-lZ9c
@beautifulday5569,63,"목소리가 악기다 
천상은 보이스 임영웅 
천국보다 아름다운 
300만 찍고 
500, 1000만 뷰 가즈아",W-1DWS-lZ9c
@갑순이-f1n,61,임영웅 님 천국보다 아름다운 마구마구 빠져든다,W-1DWS-lZ9c
@레진삼,61,임영웅  저에겐  최고의 힐링송 선물같은 천국보다아름다운  오늘도 빠져드네요,W-1DWS-lZ9c
@홍금순1,60,임영웅 님 천국보다 아름다운드라마ost            노래로하루가 시작됩니다들을때마다 감동입니다임영웅 님 노래마다감동을주고      참으로최고!아티스트 님!최고노래기술자 십니다👍👏💙🎉             영원도록응원하고 사랑할밖에 없는가수님이십니다 많은원곡노래들 영원도록찬란하게 빛날것입니다감동의 노래선물들 늘감사합니다                          임영웅국민아들님!               죽는날까지너무나      소중한나의원픽가수 아들님!         엄청사랑합니다💙🎉                   언제나건강관리잘하기 바랍니다.건행,W-1DWS-lZ9c
@babyblue4298,60,"임영웅 천국보다아름다운
꿈결에 듣는 듯
목소리가 너무 감미로워요 
오늘도  건행하세요 💙",W-1DWS-lZ9c
@엄지현-e2x,60,"임영웅  천국보다아름다워      94,번째천만축하합니다영원히응원합니다",W-1DWS-lZ9c
@ECED-zy3it,60,목소리안에 드라마  서사를 따듯하게 담았네요,W-1DWS-lZ9c
@해바라기-m3m,59,임영웅 감성에 감동먹었네요~,W-1DWS-lZ9c
@박민자-i7r,59,눈물나도록 가슴속에 영원히 기억되는목소리.,W-1DWS-lZ9c
@박민자-i7r,59,천국보다 아름다운 목소리.그자체입니다.사랑합니다,W-1DWS-lZ9c
@저감-p8b,59,임영웅 천국보다 아름다운  아침을 열어주는 목소리 너무 좋네요,W-1DWS-lZ9c
@김노영-r1o,59,임영웅 독보적 팔색조음색 언제들어도 감동입니다 신곡 화이팅,W-1DWS-lZ9c
@정옥여-f4g,59,"임영웅 
천국보다 아름다운 
맑고 청아한 보이스 
너무 좋아요 늘 응원합니다 사랑합니다 건행ㄱ",W-1DWS-lZ9c
@김노영-r1o,59,임영웅 감성천재 노래천재 독보적 음색 넘사벽 비교불가입니다,W-1DWS-lZ9c
@이연자-s3j,58,어쩜 이리도감동 일까요❤,W-1DWS-lZ9c
@YHJ-d3m,16,"투어스 노래는 공감을 할 수 있어서 좋음 평범한 인생을 살아가는 사람들에게 내 추억 내 일상, 그리고 그 시절의 내 마음을 돌아보게 해주는 노래들은 오래 사랑 받을 수 밖에 없는듯",Csaj3X6PKxY
@kiiiyuuu3865,12,"I just like it when I hear a sound/ melody like this, the first thing that will come into your mind is tws. They own up this kind of music and I'm srsly loving it.",Csaj3X6PKxY
@TWS내모든것,11,난 너네가 내 첫번째 아이돌인게 너무 자랑스러워 사랑해 벌써 1년이 넘었어,Csaj3X6PKxY
@devitapoppy7803,7,enak banget lagunya repeat terus,Csaj3X6PKxY
@user-pm7wy2vg7t,7,컴백 대박,Csaj3X6PKxY
@my_lifedesign,7,"최고다！！！！
TWS 파이팅👊🏼🥇🌟",Csaj3X6PKxY
@kazootora,7,their style is so refreshing and youthful i love it so much. it makes me so happy to live in this moment,Csaj3X6PKxY
@CathyTrisdiana,7,"Even if i already pass my twenties. This song give me that nostalgic feeling 🥹 let's just enjoy our youth, we don't have to be perfect at everything",Csaj3X6PKxY
@yakosei.,6,今日もТWSの曲を聴いて、頑張れているし、失敗もあるけど挑戦してみよう！！って思える。ありがとう！！！,Csaj3X6PKxY
@joshuahong5444,6,Pagiii Saideul~~ tetep semangat swimmingnya!!,Csaj3X6PKxY
@만두-i7d3p,6,2:58 부터 너무 좋은데 음원에 없어서 아쉬워요😢,Csaj3X6PKxY
@Huntradersss,5,"UNIS 🤝 TWS
Swicy 🎉 Countdown",Csaj3X6PKxY
@searanettes,5,"500k more to 8M, fighting SAIs 💙💙‼️",Csaj3X6PKxY
@timsvt4309,5,countdown is the best,Csaj3X6PKxY
@plushiejeong._.,5,"pagii, jangan lupa tetap ikuti kata hatimu karna itu keren!",Csaj3X6PKxY
@muhammadbalyan3511,5,Awali hari dengan coutdown biar tambah semangat,Csaj3X6PKxY
@어쩌라고,5,"즞같은 사랑타령 안하니 얼마나 좋아!
나같은 틀딱도 가슴이 뛰게 만드는 이런 노래 진짜 좋다야!

얘들아 이거야! 축제에 함 뛰라고!",Csaj3X6PKxY
@hibiki5223,4,勢いいいよー！！このままかじゃ！,Csaj3X6PKxY
@lIIlllllIlllI,4,청량 레전드 그룹,Csaj3X6PKxY
@kidkid5913,4,youngjae in the intro literally has me levitating frrrr,Csaj3X6PKxY
@이채은-l2j8q,6,오래오래 기억하고싶은사람은 바로 아스트로 맴버분들이구요 빈오빠 ❤❤❤진심으로 보고싶어요,UUFJlUy5aA4
@elidalima6774,5,정말 아름다운 추모사네요! 이 노래를 통해 문빈에 대한 사랑을 많이 느낄 수 있었습니다. 당신의 부재는 결코 채워지지 않을 것입니다. 강하고 행복하세요. 그게 그가 원했던 전부일 거예요.💜,UUFJlUy5aA4
@leeknowsyu,4,I'll always miss Bin's sweet smile and his beautiful voice ❤,UUFJlUy5aA4
@catblackzs,4,"See? My Moonbin, there are still so many people who love you. We really miss your warm smile. In another life, please be happy, live peacefully with us. We’ll always remember your name and our love for you will always flow, my moon❤",UUFJlUy5aA4
@nbassir2955,3,"Big hug for Cha Eun Woo ... please don't worry,  we are beside you ❤️",UUFJlUy5aA4
@notclg,3,"Your friends, family, and Aroha always remember you, Bin. Every single day. But I'm glad that this kind of musical collaboration opens an opportunity for those who may not have known you that well to also think of you these days, or get curious and discover why you were so loved. Look at all these amazing artists singing a song just for you!! and they were all your friends, your family. Can you believe it? It makes me a little envious😂

But to be honest, who could have refused to participate in this project, if just remembering your bright smile is enough to make everyone want to dedicate a thousand songs to you? Special treatment is what special people deserve.

I'm not going to lie, the first few days this song made me cry a lot, but now it's starting to comfort me somehow. The guys did an amazing job. And there's something beautiful and comforting about hearing all your loved ones sing for you, and seeing them being there for each other. Almost everyone was already close but you unintentionally made everyone even closer. Now it truly is an unbreakable bond. You even made it possible for Astro to defy the industry rules and prepare a concert with Rocky! Because who cares who's officially an ex-member? You're brothers, formalities aside, and absolutely no one can break that. I'm more than sure you would have said something like that. After all, that's why they're doing this concert. Because that's what you wanted. And of course your friends had to make it possible just for you. The power you have up there is enormous, Binnie😂You're simply amazing.

People exist as long as they're not forgotten. So rest assured that no one will ever let your time in this world fade from our memories. At least not until we all meet again 💜🌙Smile a lot from up there, Moonbinnie. Love you and thank you~",UUFJlUy5aA4
@mahyih,2,"Rest in peace little angel 🕊️, just know that no matter how much time passes we will never forget you ❤️‍🩹",UUFJlUy5aA4
@aroha4358,2,I like part 1:17 the best 😭 I swear it sounded like Binnie 😭,UUFJlUy5aA4
@Hellonuky,2,"These people manage to heal the lost of friend/brother. Seeing them sing together like this warms my heart my heart. Hope Moon Bin rest in peace, and the friends and family left behind could live their lives while keeping him in their heart and memories. ❤",UUFJlUy5aA4
@이채은-l2j8q,2,옛날 초학교때 아스트로 팬 이였는데 제대로 보지도 못한 빈오빠 진심으로좋은사람이고 팬분들 사랑을 주는게 너무 좋고 못 잊을 것 같아요.. 빈오빠 하늘에서도 푹 쉬면서 팬분들흔테한테 꼭 노래 한 번 불러주세요 ❤❤❤❤많이 사랑해요 빈오빠,UUFJlUy5aA4
@halinawlodarczyk8013,2,"What a beautiful tribute to the young man who left this world much too early. I may have not know you or your music, but I do know that you were a bright loved young man. Rest in peace now.  Your family, friends and fans will hold you in their hearts forever. 💜🌹",UUFJlUy5aA4
@쿠쿠섬-i1h,2,"노래가 넘좋다~~
다함께노래하는 모습을보니 너무좋다~~
비니를 위해 다함께 노래불러주어 너무 감사해요~~",UUFJlUy5aA4
@N-kyeong-j1h2g,1,"고요한 달빛 아래서
가만히 눈을 감으면 Yeah yeah
그 시간 그 자리에

내일을 같이 꿈꾸며
달려온 우리의 길을
계속 걷고 있어

잘하고 있다고 아마
얘기해 줬겠지 난 알아
부끄럽지 않게 남부럽지 않게만
떳떳하게 네 몫까지 우린 함께 살아

그리움은 깊어져 가

달의 문이 열리면 네가 서 있을까
환히 웃으며 나를 반기는
행복 가득한 미소를 품은

너와 함께했던 지난날의 기억이
그리워질 때면
밤마다 두드릴게 꿈속의 문

어딜 가도 네가 있는 거 같아
미안해하지 마
이게 마지막이 아니잖아
머지않아서 만날 거니까

그리움은 깊어져 가

달의 문이 열리면 네가 서 있을까
환히 웃으며 나를 반기는
행복 가득한 미소를 품은

너와 함께했던 지난날의 기억이
그리워질 때면 달려갈게

떠나가지 마라 멀어지지 말아
목이 쉬도록 소리쳐
밤하늘 바라보면 잘 살고 있다고 해줘
조금 더 잘해줄걸
후회가 안 남게 말해줄걸
너무 사랑한다
또 미안하다
꼭 다시 만나자 외쳐

어두운 밤하늘의 달 한 줄기의 빛
가장 빛나는 네게 말할게

달의 문이 열리면 우리 서 있을게 (우리가 있을게)
다시 만날 그날을 꿈꾸며
우린 잊지 않고 널 기다려
아무 걱정 없던 어릴 적 그때처럼
웃으며 반겨줘 꿈속의 문 앞에서

달빛 아래 너와 나 다신 못 보지만 (다시 만나자)
다시 만날 그날을 꿈꾸며
다른 공간의 서로를 그리며
언젠가는 우리 같은 곳에서 만나

웃으며 들려줘 우릴 위해 열어둔 문 속의 꿈  접기",UUFJlUy5aA4
@DemiXDtiXStraykids,1,"STAY HERE!!!! 

I jst want to say i hope Moonbin restes in peace. I don't know much about him nor his group but i cried when i heard this song I can't imagine the pain his friends, family, and etc feel right now. I can imagine the amount the tears they shed while making this song.. HUGS AND PRAYERS TO FANS, FRIENDS, AND FAMILY YOU CAN COUNT ON US, STAYS TOO🤍 rip Moonbin",UUFJlUy5aA4
@yennygonzalez3021,1,"Beautiful song, perfect harmony. ✨ I love you Bin-ah, always! I love and support you always ASTRO. NUNU AROHA LATAM loves and supports you always 💜",UUFJlUy5aA4
@love_moon950,1,que bonita canción me hizo llorar 🥺💜✨,UUFJlUy5aA4
@feravila1049,1,"Thank you for what you've done, you really are the best, astro for ♾️💜💜💜💜💜💜",UUFJlUy5aA4
@sakkusakku,1,"素敵な温かく、悲しく、切なく、
愛溢れた歌🌕
その あなた達から貰っていた
一筋の光を ひとつ、理解 出来ないまま 失う日が近づく知らせの悲しさに 泣いてる日本人達が います……。
アストロの扉。",UUFJlUy5aA4
@nallelylopezhernandez1263,1,Gracias por este bello regalo para nuestro amado Bin. 😢 Con el corazón sabemos lo que lo amaron y no saben cómo quisiéramos que esto no fuera real y que Bin estuviera aquí con ustedes y con nosotros 😢,UUFJlUy5aA4
@lemonlemon8242,1,"ムンビンが月に行ってから会いたと言うのも淋しくて涙を流すのもムンビンが見てたら苦しむんじゃないかと思ってしまって…心だけが時間が止まったような2年でした。ASTROの歌も面白いところも全て好きだけど…関わるのが辛いと感じる日も正直ありました。この曲を聴いて皆の想いを聞いて、今までとは違う涙が出てきました。ようやく前に進める、心の整理がいい意味で出来た気がしす。この先ASTROとAROHAが望んでる方向に進むことを願います。
素敵なプレゼントをありがとう！これからもずっと大好きです。",UUFJlUy5aA4
@김별빛-s3m,48,"보이스가 왤케 아련하지?
뭉클하다",95gKcG80rhI
@슈퍼맨-z6h,45,임영웅 너의 노래가 멈추지 않는다면 우린 언제든 네 곁에 있을 거야 네가 있기에 내 삶이 별처럼 빛나 고맙고 또 고마워 찬란한 순간이여 영원하라,95gKcG80rhI
@백명자-r4y,43,오늘도 기대됩니다 천국보다 아름다운 본방사수 합니다 ㅎㅎ 임영웅 사랑합니다,95gKcG80rhI
@user-kh2pm3vo4x,42,임영웅 🩵 천국보다 아름다운,95gKcG80rhI
@joy8574,41,천국보다아름다운 드라마 오늘도 본방 사수합니다 임영웅 노래랑 너무나 잘 어울리네요,95gKcG80rhI
@행복힐링맘,40,"와 우넘좋아
맘을끌어들이
는  천국보다 아름다운 가수 노래드
랑마초대박나세요드라마기다리고있어요👍💙🙏",95gKcG80rhI
@백명자-r4y,37,뽐내고 싶어요 내가 울영웅님 팬이란것을요 ㅎㅎ 천국보다 아름다운 대박입니다 임영웅 세계로 세계로...😊,95gKcG80rhI
@mulmangchobb,37,"임영웅 🩵 천국보다 아름다운 
임영웅 그가 머무는 자리가 천국
그가 부르는 노래는 천사의 미소
노래하는 음유시인이 만들어 내는 
다른 감성의 바다는 황홀 그 자체
임영웅 따뜻하고 맑은 목소리는 
헤아릴 수 없는 깊은 감성의 늪
심연으로 빨려가고 있는 마음들

임영웅 함께가는 영웅시대",95gKcG80rhI
@행복힐링맘,36,"임영웅 조용한카리스마 아름다운 
음색 천재
천국보다 아
름다운드라마
같이대박이여
라  라이브황제 
임영웅 영",95gKcG80rhI
@난이-u5h,36,"드라마 ""천국보다 아름다운""과 임영웅 님의 따뜻한 목소리가 찰떡이어서 드라마에 더 집중되는 것 같아요!!",95gKcG80rhI
@mulmangchobb,35,"Jtbc 드라마 천국보다 아름다운 
임영웅 🩵 천국보다 아름다운 (싱글앨범)
비를 따라 흐르는 촉촉하고 달콤한  
임영웅 감성에 젖어드는 마음들
비는 추억과 감성을 부르나보다
비단결보다 부드럽고 포근한 음색을
그 어떤 감성에 비교를 할까요
노력하며 즐기는 천재 아티스트의
아름답고 깊은 감성에 마음을 맡기고
나의 마음도 별이 되어 따라 갑니다",95gKcG80rhI
@행복힐링맘,35,"임영웅 목솔
천국보다 아름다운 대박대박예요
어쩜찰떡 같이어울리는
지안성맞춤👍👍",95gKcG80rhI
@행복힐링맘,35,"임영웅 천국보다 아름다운 드라마와 찰떡같이 어울리는명품 명곡 드라마
울다웃다넘
재미있게봤어요대대박나세요오늘저녁기다립니다🙏",95gKcG80rhI
@staryl9140,35,천국보다 아름다운 임영웅 목소리는 마음을 숨쉬게해요,95gKcG80rhI
@동백꽃-l1y,34,임영웅 천국보다 아름다운 노래듣고 천국이 얼마나 좋은곳일까 궁금 이노래에 행복해지고 목소리가 천국인데,95gKcG80rhI
@김민아-z5j,34,"눈물이 나요
계속 눈물이 흐르네요",95gKcG80rhI
@행복힐링맘,34,"임영웅 천국보다 아름다운 가수 드라마
넘재미있게잘봤어요 근데
시간대가넘늦
어서 초저녁
잠많은분들못
봤을듯합니다
🙏🙆‍♂️",95gKcG80rhI
@보리-o5n,34,임영웅 천국보다 아름다운 최고,95gKcG80rhI
@김하나-p8s,34,임영웅 천국보다 아름다운 오늘 본방사수 빨리 보고싶어요 사랑합니다,95gKcG80rhI
@김지은-c9e3v,33,임영웅 짜란다 넘좋아,95gKcG80rhI
@illiill344,5,"우리 가람님 열열히
응원합니다 
부산에   기운을  모아 모아서 보냅니다❤",MezvFK_r-MI
@호날두-z3i9l,4,황가람 님! 응원합니다~ 사랑 넘치도록 받을수있게 두손모아 기도할게요~^^ㆍ황가람 파이팅!!!ㆍ❤❤❤,MezvFK_r-MI
@ekr860,4,"나는반딧불
노래 넘좋아요
^^*",MezvFK_r-MI
@유연순-v9i,4,응원합니다~,MezvFK_r-MI
@곽금란-l7g,4,❤❤❤❤❤❤❤❤❤❤,MezvFK_r-MI
@전정미-g4s,4,정말 잘하십니다❤,MezvFK_r-MI
@user-gl6hd4ug7x,4,눈물 엄청 쏟았어요..황가람 응원합니다...그래도 난 눈부시니깐😁❤️,MezvFK_r-MI
@rikerw7096,4,Heard this song by chance on Korean radio last week and immediately fell in love with it. What a moving voice 🥹,MezvFK_r-MI
@장달콤,4,너는 별이야 내가알아,MezvFK_r-MI
@상록수-g4p,4,노래가  좋아서  구독  좋아요  누르고 갑니다.  화이팅입니다,MezvFK_r-MI
@아침햇살-x2u,4,가사가 너무 좋아요,MezvFK_r-MI
@강희웅-d3w,3,노래가 참 슬퍼요ㅠㅠ😢,MezvFK_r-MI
@고려은-z9h,3,"대기만성 입니다
응원합니다 
노래 목소리 탁월합니다",MezvFK_r-MI
@piona1008,3,"사랑하는 사람이 이 노래를 즐겨부르곤 했는데..  지금 몸이 아파 병원에 있어요  찾아가 볼 수 없는 상황에 눈물만 나네요 
빨리 건강한 몸으로 활짝 웃으며 돌아오기를 간절히  기도합니다",MezvFK_r-MI
@1104김민균,3,노래가 너무 좋아요!😊😊,MezvFK_r-MI
@seniordrum0214,3,가슴뭉쿨     마음적셔주는 목소리  최고입니다❤❤😂😂   멋진영상감사합니다😂😂😂🎉🎉화이팅하세요    대박도나시고요항상 응원하겠습니다 ❤❤❤❤❤,MezvFK_r-MI
@나범균-g8p,3,들어도 들어도.. 나는 별인마냥 밝은 에너지를 얻고 갑니다.,MezvFK_r-MI
@jkim404,3,👍👍👍👍👍👍👍👍👍👍👍👍👍👍👍,MezvFK_r-MI
@권은미-h9e,3,응원합니다 ~~,MezvFK_r-MI
@이선영-c6z,3,노래가 너무 좋아요❤❤❤,MezvFK_r-MI
@헤네제,13,자막 켜고 봐라. 자막까지 포함해서 하나의 곡이네,N_vYUNEktsA
@ぬぬぬ-p4y,11,この感じ、雰囲気、すごく好き。,N_vYUNEktsA
@컨믹,9,계속 듣는데도 질리지가 않네,N_vYUNEktsA
@user-laydism2133,8,"개레전드 ㄹㅇ
보컬이 노래에 개 찰떡인데 다른 보컬이었으면 솔직히 이 정도로 찰떡이지 못했을 듯
보컬이랑 노래랑 한몸인 수준임 ㄹㅇ",N_vYUNEktsA
@かるめia,8,かわいい！,N_vYUNEktsA
@유동현-r6f,7,"자막에 엄청 정성쏟으셨네 ㄷㄷ
다들 자막 켜놓고 한번 봐보세용",N_vYUNEktsA
@Si_KiTIME,7,"저는 일본인 팬입니다. 이 악곡이 투고된 이래, 대학 강의중에 제 귀에 들어오는 TAK씨의 신곡입니다. 졸업하십시오 (; ; )",N_vYUNEktsA
@user-likeanimesityds,5,인급동 조회수 구독자수가 계속 올라간다. 인급동 10위 가보자,N_vYUNEktsA
@I_m_a_kiwi,5,이건 유행한다고! 내가 예상한다!,N_vYUNEktsA
@seisouyong,4,진짜 뭐임? 우리나라 사람이 이 곡을 만들었다고? 일본어가 안들리길레 나 진짜 뇌가 잘못되었나 의심했자나,N_vYUNEktsA
@lildamario5518,4,Subarashii,N_vYUNEktsA
@채소-o6j,4,와 대박 국악과 EDM? 역시 퓨전은 맛있다...,N_vYUNEktsA
@losu8602,4,조오오올라 귀엽다 진짜 ㅋㅋ,N_vYUNEktsA
@SANABI-01,4,디맥에 있는 TAK님이랑 같은분이신가요?,N_vYUNEktsA
@沼田やタナあ,3,ぐの等何はド叶.....,N_vYUNEktsA
@앜희,3,"해외스트리머 토마님이 이 곡 되게 좋아하신다네요
트위치 4월 22일 다시보기 3시간05분 쯤?에 보셨어요",N_vYUNEktsA
@user-paerok,3,진짜 진짜 조회수랑 인지도 떡상 기원.. 천만 조회수.. 그 이상ㅎ,N_vYUNEktsA
@HyePak,3,모비노기에서 도깨비꽃 노래 자주들림ㅋㅋ 대박박,N_vYUNEktsA
@Jururu_lover,3,부키 넘 귀엽다,N_vYUNEktsA
@pray7331,3,스테이션 돌리다가 부키 같다고 생각했는데 ㄹㅇ 시부키였다고?,N_vYUNEktsA
@뷰티풀너드,706,"우리가 느꼈던 그 벅찬 감정들이 더 많은 사람들의 마음에 닿을 수 있도록,
여러분의 작은 행동이 모여 '작은봄'이 더 크게 피어날 수 있게 해주세요.

멜론
‘고추잠자리 작은봄’ 검색
→ 재생, 좋아요(♡) 누르기
→ 다운로드 or 반복재생(1시간에 1회만 측정에 반영)

유튜브 뮤직
→ ‘고추잠자리 작은봄’ 검색
→ 재생, 좋아요(♡) 누르기 + 재생목록 등록
→ 많이 들었던 다른 곡들처럼 자연스럽게 플레이리스트에 함께 넣어주세요!

스포티파이
→ ‘작은봄’ 혹은 ‘고추잠자리’ 검색
→ 재생, 플러스(+) 누르기",HIeZ8W0zLMA
@canyone358,63,들을수록 더 조으당 ㅎㅎㅎ ❤,HIeZ8W0zLMA
@roz-pm61317,33,200이라니 ㄹㅇ 미쳤다... '너는 내 안에' 가사처럼 수빈이가 시온 자리에 있네!ㄷㄷ,HIeZ8W0zLMA
@hsmoon329,5,"1:20 : 수빈이 립싱크로 노래를 부르는 장면은 아직 수빈 안에 시온이 남아있다는 것을 뜻함.
1:50 : 수빈이 달려간 곳에는 고추잠자리 멤버들이 자신의 악기를 들고 있음. 여기서 시온만 없는 이유는 시온 안에도 수빈이 남아있다는 것을 뜻함. (가사 : 가을 지나 겨울이 와도 너는 내 안에)
2:37 : 수빈이 시온에게 안기려 달려가고 고추잠자리가 공연하는 모습이 펼쳐짐.
3:20 : 시온은 팔을 벌려 2:37에 안기려 달려오는 수빈을 받아주려 하지만 그건 그저 수빈을 기다리고 있는 시온 혼자의 망상이었다는 안쓰러운 장면이 연출됨. (겨울의 끝자락에서 널 기다리고 있을 테니까)",HIeZ8W0zLMA
@de-ad980,3,진짜 너라는별 노래도 좋았는데 이노래만 기달리다가 듣는데 진짜 힐링된다 진짜 이노래 만들어주신 고추잠자리 분들 감사합니다,HIeZ8W0zLMA
@김준호-z9t,3,다음은 예빈이도 챙겨줘,HIeZ8W0zLMA
@김기훈-i9x,3,수아도 데리고 가줘라,HIeZ8W0zLMA
@최용진-c6h,2,아토피 폼 미쳤다,HIeZ8W0zLMA
@dvonk46,2,B급인척하는 SS급들,HIeZ8W0zLMA
@요호-p4w,2,1:44,HIeZ8W0zLMA
@MORHAND_BS..N,2,언더그라운드 가나?,HIeZ8W0zLMA
@이상은-c3d,2,케이셉 성공 했네,HIeZ8W0zLMA
@DAGUTV,2,2:15,HIeZ8W0zLMA
@감자새싹-u8q,1,1.1배로 보먼 ㄹㅇ 미침,HIeZ8W0zLMA
@btob_lovely,1,전남친이 너라는 별 이어서 작은 봄 들으러 왔는데 넘나 좋아용…❤️,HIeZ8W0zLMA
@빡종러,1,1:06 이랑 3:00 부분에 너는 내 안에 할 때 마지막에 여목 누구예요?,HIeZ8W0zLMA
@류강민-s2z,1,개추,HIeZ8W0zLMA
@ggayz,1,진짜 가수 가 되었네..ㅋㅋㅋㅋㅋㅋ 장난으로 시작된 콘텐츠 인줄 알았는데 장기프로젝트엿음ㅋㅋㅋ,HIeZ8W0zLMA
@요호-p4w,1,1:42,HIeZ8W0zLMA
@laurasplaylist816,1,고추잠자리에게 내 하트를 바친다,HIeZ8W0zLMA
@marchqpxxx,5,❤유연석❤,4WfStc6FMaI
@YeonwooPark-f5z,4,미도와 파라솔 앨범 진짜 너무 좋아요 ❤ 낭닥 때 돌담즈도 그렇고 이런 멤버들 우정 의리는 정말 무시 못 함 💪💪,4WfStc6FMaI
@안녕-동현,4,2:42 김대명 찢었다 ...,4WfStc6FMaI
@johnmarkcastillo3327,3,Season 3 of Hospital Playlist please 🥺🙏🏼,4WfStc6FMaI
@AkiSwu,3,"Hospital playlist is my comfort drama and these people has my heart. Listening to this song makes me miss them sm and making my heart ache like crazyyyy😭
Praying for S3😭",4WfStc6FMaI
@SaiwonLyant219,3,"Who is waiting for this song 💗? And missing our professors , I'm so in love with this song 😍",4WfStc6FMaI
@ceeessmndz,2,"""Hospital Playlist"" is one of my favorite dramas, and I'm still hoping for Season 3! I missed listening to their band's music every episode! Thank you for letting them sing together again! 🤍☁️",4WfStc6FMaI
@gniliaoaix646,2,"I got comforted a lot by ""superstar"" when I was still in med school. Now, I'm an intern doctor preparing to be a 'doctor'. There's so much things that I don't know as a doctor and sometimes I feel burdened by the expectation from those around me. But this song give me a lot of comfort. Thankyou Shin PD and the whole crew of Hospital Playlist and Resident Playbook! Thanks for the company for these past 5 years! Lets have season 3 and more!",4WfStc6FMaI
@mykngilstory,2,IM FRICKING CRYING WHILE I TYPE THIS 😭😭😭😭😭 PLS GIVE US SEASON 3 😭😭😭😭,4WfStc6FMaI
@오렌지호_2,1,새 출발하고 있는 전공의가 치브로 가면서 슬의생3로 합류 하는 것도 재미있겠네요😊❤,4WfStc6FMaI
@xfmelody,1,"Nana nana nana nannanana

Salmyeo saraganeun haengbok
Nuneul tteuneun geotdo sumi beokchan geotdo
Godoen haruga itdaneun haengbogeul
Naneun wae mollasseulkka

Ajik moreuneun ge mana
Naeseul geot eomneun silsutuseongi
Ajik neomeoya hal saneun manchiman
Geunyang jeulgineun geoya

Amudo gareuchyeo juji ankie
Moduga cheoeum seo bogi ttaemune
Urineun sesangiran mudaeeseon
Modu da gateun amachueoya

Jichyeo georeogal su itgo
Ai nuneul bomyeo useul su itgo
Jogeum neujeojyeodo sanggwaneopjana
Geunyang jeulgineun geoya

Amudo gareuchyeo juji ankie
Moduga cheoeum seo bogi ttaemune
Urineun sesangiran mudaeeseon
Modu da gateun amachueoya

Eodiro gaya halji mollaseo
Gireul chaja nae kkumeul chajaseo
Naui gireul gamyeon eonjenga
Kkumi nareul gidarigetji

Amudo gareuchyeo juji ankie
Moduga cheoeum seo bogi ttaemune
Urineun sesangiran mudaeeseon
Modu da gateun amachueoya

Amudo gareuchyeo juji ankie
Moduga cheoeum seo bogi ttaemune
Urineun sesangiran mudaeeseon
Modu da gateun amachueoya

Nana nana
Nanana
Nanananana

Nana nana
Nanana
Nanananana",4WfStc6FMaI
@Tmong8282,1,4년만에 컴백인데인급동이라닟 ㅎㄷㄷ,4WfStc6FMaI
@tigerjeong9547,1,"채송화, 이익준, 양석형, 김준완, 안정원 99즈 교수 영원하라~",4WfStc6FMaI
@hedaayuni-ip7cl,1,Im lowkey obsessed  with the song🤓,4WfStc6FMaI
@lycoj17,1,Its been 4 yrs and we will still waiting for season 3 pls,4WfStc6FMaI
@carmilmil,1,hospital playlist season 3 PLEASEEEEEEEEEEEEEEE😢😢🙏🏼🙏🏼,4WfStc6FMaI
@Zxcvbnm-j5n,1,슬의생3 해주세요 제발🥲,4WfStc6FMaI
@sogeumbbangie,1,미도와 파라솔 영원하세요!!!!! (콘서트를 하면 좋겠음...),4WfStc6FMaI
@__bijouu,1,1:58 기다리고 있어요 양석형 교수님..,4WfStc6FMaI
@Anghieneer07,1,Still waiting for Season 3 of Hospital Playlist! 😢❤,4WfStc6FMaI
@canyone358,120,지금 보고 있는사람,nh4e3_v21bc
@똔개-w3w,76,이정도면 김운학 생기부에 콩그레츄레이션 커버 들어가야된다고본다,nh4e3_v21bc
@ikeuroll,29,it’s not easy to cover day6 song but they did so well,nh4e3_v21bc
@evnnebasedoor,20,The fact that it's still trending is crazy,nh4e3_v21bc
@케케-g6f,17,김운학 울락말락한 표정연기 진짜 미친거같음 너무 좋다 진짜…,nh4e3_v21bc
@seulx2,16,타팬인데 이거 맨날 반복해서 듣는중이에요.보넥도는 진짜 커버 하나 하나를 잘 하시네요👍,nh4e3_v21bc
@HANTATPUNG-n8w,14,200만 축하해 🎉🎉🎉❤❤❤,nh4e3_v21bc
@Jinriji66,14,새삼 운학이 노래 진짜 잘부른다,nh4e3_v21bc
@armykpopmultistan4e127,10,The vocals!!! Boynextdoor the best,nh4e3_v21bc
@nahyun_1026,10,운학이 감정이 엄청 풍부하당,nh4e3_v21bc
@atag7rzmx35lu,10,영상도 너무 좋은데 눈보다 귀가 정말 즐겁다 진심으로 감동..❤,nh4e3_v21bc
@yesuje,9,"can we get actor Woonhak more, pleaseeeeee",nh4e3_v21bc
@kraeshu,9,"I'm so late!! I really really love Woonhak's voice, my babie ㅠㅠㅠㅠㅠㅠ",nh4e3_v21bc
@I.yoon1,8,2:08 김운학 미친,nh4e3_v21bc
@ehd2b,8,0:22 운학이 역사에 남을 등장씬이다 ㄹㅇ 미성년자 티가 어케 이렇게 싹 없어져버려..,nh4e3_v21bc
@ku_ukiii,8,My boynextdoor singing one my favorite song of my day6 😭😭😭❤️,nh4e3_v21bc
@ysj9767,8,2:04 운학이 표정 연기 미쳤다..🥹❤️,nh4e3_v21bc
@djdio07,8,너무 잘생겼어요ㅠㅠㅠ❤❤❤,nh4e3_v21bc
@__zkmta,8,"no matter what version, this song still hurts.",nh4e3_v21bc
@tsheringlhamo4323,7,Taesan 🫶🫶🫶,nh4e3_v21bc
