category,categoryId,channelTitle,commentCount,country,description,id,likeCount,publishedAt,tags,title,url,viewCount
news,25,어준이뉴스,112,KR,"#mbc뉴스 #뉴스데스크 

@어준이뉴스 https://www.youtube.com/channel/UCl_YDj8DFZSqESwDmmsHrqw?sub_confirmation=1",UixqFBz9dmU,15111,2025-04-22T05:30:16.000Z,"[정치뉴스, 국제정치, 국내정치, 시사분석, 정치토론, 정부정책, 선거, 정치인인터뷰, 정치시사해설, 정치이슈, 정당, 언론과정치, 국회뉴스]",윤석열이 검찰에게 훈계하자.. 닥치고 들으라는 지귀연? #mbc뉴스 #뉴스데스크,https://www.youtube.com/watch?v=UixqFBz9dmU,486922
news,25,숏츠파이프,1473,KR,"출처 MBCNEWS

#문형배 #헌법재판관 #윤석열파면 #김장하 #김장하선생",_C_xG10JwXs,95870,2025-04-15T15:17:28.000Z,,"문형배 헌법재판관을 이끈 진정한 어른, 김장하 선생",https://www.youtube.com/watch?v=_C_xG10JwXs,2206954
news,22,우령의 유디오,1144,KR,#shorts #아나운서 #안내견,pNdrToGWBUU,64856,2025-04-17T06:59:28.000Z,"[앵커, 아나운서, 뉴스, 생활뉴스, 뉴스클로징, 퇴사, 허우령, 시각장애인, 안내견, 리트리버, 강아지, 보도국, 아준생, 도전, 취업, KBS, shorts, 생방송, 감동, 동기부여, 발성, 발음, 목소리, 정은혜, 뉴스12, 여자아나운서, 앵커멘트, 성공, 우령의유디오]",시각장애 앵커가 뉴스를 떠나기 전 남긴 클로징 멘트,https://www.youtube.com/watch?v=pNdrToGWBUU,1418878
news,25,짧뉴(짧은뉴스),3248,KR,"#짧은뉴스 #짧뉴 
여러분의 '좋아요' 클릭 자체가 큰 후원입니다

'짧은뉴스'는 바쁜 사회 속 짧고 정확하게 정치의
이점과 오점을 알리는 게 목적입니다
주 영상은 '쇼츠'로 구성 됩니다

다만, 쇼츠 내용에 명확성이 필요한 경우
필요 영상 구간 내용을 최단 압축하여 업로드 합니다

문의 : the.shots.news@gmail.com

시청자 분들의 성원과 관심에 항상 감사합니다
 '슈퍼 땡스'도 너무 감사합니다!",fUHwiN3PtXw,79449,2025-04-16T11:52:32.000Z,"[짧뉴, 짧은뉴스, 더불어민주당, 조국혁신당, 정치, 국회, 뉴스, MBC, JTBC]",뱀장어 대가리에 참기름 바르는 소리 [짧뉴] 박지원 이완규 법사위 #짧은뉴스,https://www.youtube.com/watch?v=fUHwiN3PtXw,1214697
news,25,[팟빵] 매불쇼,1761,KR,"#최욱 #매불쇼 #팟빵

0:00 - 대기 시간
11:20 - 방송 시작
19:06 - 사이다 헤드라인 : 곽수산 X 노영희 X 김용민 X 이용우 X 박지원 X 이명수 X 장인수
1:52:09 언론 특집 : 홍여진 X 이명주
2:32:50 한낮의 매불 초대석 : 김동기
---------------------------------------------------------
● 세상 모든 축하, 사랑, 위로, 감사가 필요한 순간 ""꽃반장""
APP 설치시 즉시 사용 가능한 만원 적립
➜ https://tvw0a.app.link

● 카페 사장님들을 위한 오미자 메뉴 레시피 문의 070-4307-3456
스토어 알림받기 누르고, 오미베리 2병 구매 시 에코텀블러 1개 무료 증정!
➜ https://smartstore.naver.com/omiberry/products/9280502774

● 대한민국 상위 1% 맛집만 모은 해와바다
소시지형 모듬순대 4종 (고기, 찹쌀, 김치, 야채)  7,900원!!
➜ https://smartstore.naver.com/sunandsea1/products/11483928667

● 허리 어깨 무릎 뻐근할 땐 [효자손큐 초록입홍합크림]
➜ https://bit.ly/3xDenUz
---------------------------------------------------------
광고 문의 : ad@podbbang.com
출연, 사연 등 기타 문의 : mbshow@podbbang.com
또는 인스타그램 @maebulshow 메시지 주세요 :)",lSdm2cxOg78,101782,2025-04-22T08:06:01.000Z,,김건희 가족의 요양원에서 벌어지고 있는 끔찍한 일! | 풀버전,https://www.youtube.com/watch?v=lSdm2cxOg78,1531086
news,25,김어준의 겸손은힘들다 뉴스공장,1469,KR,"#김어준 #겸손은힘들다 #뉴스공장  #명랑사회 


00:00:00  겸손pick 하이라이트 
00:10:30  김어준 생각
00:11:16  겸손브리핑 
00:39:09  박범계 / 더불어민주당 의원
                  양부남 / 더불어민주당 의원
                  신장식 / 조국혁신당 의원
01:12:10  박지원 / 더불어민주당 의원
                 김병기 / 더불어민주당 의원
                  박선원 / 더불어민주당 의원
01:52:27  봉지욱 / 뉴스타파 기자
02:14:15  최종건 / 전 외교부 차관 · 연세대 정치외교학과 교수
02:27:16  이수정 / H2C Design 본부장



◎ [겸손브리핑]
▷ 김묘성 / 기자

[인터뷰 제1공장]
- 피고인석에 앉은 尹 공개에도 계속된 특혜 의혹... 이유는? 
- 지난 재판과 달리 눈과 입 닫은 윤석열, 상반된 자세 전략은?
- “사람에 충성하지 않는다” 계엄군 현장 지휘관들의 주장은? 
- 계엄군 “질서 유지에 총 왜 가져가나” VS 尹 “칼 썼다고 살인 아냐” 공방
- 지귀연 재판부, 월 3~4회 공판 예고... 내랜 재판에 미치는 영향은?
▷ 박범계 / 더불어민주당 의원
▷ 양부남 / 더불어민주당 의원
▷ 신장식 / 조국혁신당 의원

[12.3 그날 국회]
- 정보위 의원들이 기억하는 내란의 밤... ""윤핵관도 몰랐다""
- 중대 발표한다더니 '계엄'... 허술하지 않았던 윤석열
- 내란 증거인멸•계엄 축소 중... 종사자 단죄 문제는?
▷ 박지원 / 더불어민주당 의원
▷ 김병기 / 더불어민주당 의원
▷ 박선원 / 더불어민주당 의원

[인터뷰 제2공장]
- 건진법사 '공천 청탁'의 종착점은 권성동... 정황은?
- 취재 중인 기자 손틀막한 권성동 원내대표... 이유는?
- 홍준표-이준석-명태균 함께 3자 회동... 내용은?
- 윤석열 ‘직권남용’의 최대 수혜자는 한동훈... 의미는?
▷ 봉지욱 / 뉴스타파 기자

[인터뷰 제3공장]
- 한덕수 대행 정부, 한미 2+2 통상협의 개최... 우려와 전망은?
- 2017년 ‘사드 배치’도 대행 정부... 반면교사 삼아야
- 한덕수, ‘방위비 협상 가능성’ 시사... 자격 여부는?
- “트럼프와 맞서지 않겠다“ 는 한덕수 전략... 전 외교부 차관의 평가는?
▷ 최종건 / 전 외교부 차관 · 연세대 정치외교학과 교수

[패션공장]
- 얼굴 디테일을 살리는 독보적 디자인 ‘겸손 안경’
- 겸공 ‘티타늄 안경’ 컴백... 업그레이드된 컬러와 디자인
▷ 이수정 / H2C Design 본부장


제보 메일 : yp01@hahasociety.com
구글폼으로 제보 : https://forms.gle/A2rijVdt2t2dSfrMA


겸손멤버십 안내 : https://humblefactory.co.kr/%ea%b2%b8%ec%86%90%eb%a9%a4%eb%b2%84%ec%8b%ad/
인터뷰 전문과 방송내용 확인: https://humblefactory.co.kr
제보와 문의 : newsfactory2023@gmail.com
겸손몰 바로가기 : https://nonohumble.com/
겸손공장 구독하기 : https://www.youtube.com/channel/UCAAvO0ehWox1bbym3rXKBZw?sub_confirmation=1

[겸손방송국 SNS]
인스타그램 : https://www.instagram.com/gyeomson_is_nothing/
공식 트위터 : https://twitter.com/Gyeomsonfactory
겸손공장 페이스북 : https://www.facebook.com/profile.php?id=100089440778302

영상의 무단 사용을 금지합니다.
인용 보도 시 [김어준의 겸손은힘들다 뉴스공장] 출처를 표기해주세요.
인용 보도를 제외한 겸손방송국의 모든 콘텐츠 사용은 공정사용에 해당하지 않습니다.

겸손 멤버십 관련 문의 : 02-6953-1904 / 이메일: info@humblefactory.co.kr",w0KFoiQe6Hc,105786,2025-04-22T00:55:34.000Z,,"김어준의 겸손은힘들다 뉴스공장 2025년 4월 22일 화요일 [박범계, 양부남, 신장식, 박지원, 김병기, 박선원, 봉지욱, 최종건, 패션공장]",https://www.youtube.com/watch?v=w0KFoiQe6Hc,1655419
news,25,MBCNEWS,6088,KR,"00:00 尹측, 절차 문제 시비‥재판부도 '한마디' (2025.04.21/뉴스데스크/MBC)
02:16 피고인석 앉은 윤석열 전 대통령 첫 공개‥주로 눈 감고 듣기만 (2025.04.21/뉴스데스크/MBC)
04:15 [오늘 이 뉴스] ""기억은 희미해지던데"" 잽에..""특정 기억은 도드라져"" 어퍼컷 (2025.04.21/MBC뉴스)

#윤석열 #증인신문 #서울중앙지법 #검찰 
#MBC #뉴스 #뉴스데스크 #MBC뉴스 #뉴스투데이 #뉴스ZIP #뉴스꾹 #오늘이뉴스 #자막뉴스
ㅤ
ⓒ MBC & iMBC 무단 전재, 재배포 및 이용(AI학습 포함)금지",9ShD-n4cCRM,40668,2025-04-22T00:13:27.000Z,"[MBC, MBC뉴스, 뉴스데스크, newsdesk, 뉴스투데이, newstoday, 8시뉴스, 아침뉴스, 뉴스, 정오뉴스, news, 실시간, 실시간 뉴스, 엠비씨 뉴스, 엠비씨, 뉴스 실시간, 뉴스속보, genre:정치, format:리포트, type:디지털, source:영상, series:뉴스.zip, topic:윤석열 훈계, person:윤석열, person:지귀연, location:서울mbc, language:한국어, custom:2차가공, custom:일반]","尹 훈계에 '선 넘네' 불쾌감?..""아시겠나"" 직격한 지귀연 [뉴스.zip/MBC뉴스]",https://www.youtube.com/watch?v=9ShD-n4cCRM,2111708
news,25,뉴스TVCHOSUN,316,KR,"[TV조선 뉴스·시사 프로그램｜유튜브 라이브 방송시간]

📡 월~금 06:50 강스라이팅 (유튜브)
📡 월~금 07:30 뉴스퍼레이드
📡 월        08:40 네트워크 매거진
📡 월~금 09:00 신통방통 
📡 월~금 10:20 류병수의 강펀치 (유튜브)
📡 월~금 13:00 보도본부 핫라인
📡 월~금 14:30 사건파일 24
📡 월~금 17:20 시사쇼 정치다
📡 월~금 21:00 뉴스9
📡 토~일 14:00 뉴스현장
📡 토~일 17:40 시사쇼 정치다
📡 토~일 19:00 뉴스7

[Ch.19]  사실을 보고 진실을 말합니다.

👍🏻 공식 홈페이지 http://news.tvchosun.com/
👍🏻 공식  페이스북 https://www.facebook.com/tvchosunnews/
👍🏻 공식 트위터 https://twitter.com/TVChosunNews

* 뉴스제보 : 이메일(tvchosun@chosun.com), 카카오톡(tv조선제보), 전화(1661-0190)",2t-NiEm9vUY,10978,2025-04-21T00:22:21.000Z,"[TV조선, 티비조선, 조선일보, 종편, 종합편성, TV조선뉴스, 뉴스, 뉴스프로그램, NEWS, 채널19, CH19, 뉴스9, 뉴스7, 윤정호, 포커스, 윤우리, 강펀치, TVCHOSUN, LIVE, 티비조선라이브, TV조선라이브, 국회, 경선, 대선, 조기대선, 국힘, 국민의힘, 홍준표, 나경원, 이철우, 한동훈, 배신자프레임, 윤석열, 윤석열 탄핵, 탄핵, 계엄, 국힘 B조, 임기단축]","국힘, 경선 토론회서 尹 탄핵 공방 [티조Clip] #shorts",https://www.youtube.com/watch?v=2t-NiEm9vUY,358866
news,25,이슈카톡,1440,KR,"윤석열을 법원에서 혼내준 진정한 군인 조성현 단장의 뉴스입니다. 서강대교를 절대 넘지마라고 했던 진정한 군인, 이런 군인이 있어 자랑스럽습니다. 교과서에 남겨 후세에 이를 알려야 합니다

#조성현 #윤석열 #수방사 #단장 #법원 #지귀연 #판사 #김건희 #이재명 #군인 #명예 #재판 #대선 #지지율",VNO7AQmI_QQ,32866,2025-04-21T15:26:55.000Z,,"윤석열을 법원에서 밟아버린 진정한 군인 조성현 단장, 서강대교 넘지마라~ 김용현 용산 칠까봐 계엄 포기",https://www.youtube.com/watch?v=VNO7AQmI_QQ,335709
news,25,배승희 변호사,4504,KR,"[제보 및 비지니스 문의]
tatajebo@gmail.com

[변호사세요? 유튜버세요? - 도서 구입] 
교보문고 :  http://me2.do/5eOL4qR5
예스 24 :   http://me2.do/F2r4RJl1

[채널 가입]
https://www.youtube.com/channel/UC8SZ88GQa9XWwZxLNibO3ug/join",G_SySnZVM_g,75787,2025-04-22T02:00:35.000Z,,이재명 일정 전면 취소! 왜? [배승희 뉴스배송],https://www.youtube.com/watch?v=G_SySnZVM_g,620986
news,25,MBC 라디오 시사,1268,KR,"2025년 4월 22일 [권순표의 뉴스 하이킥]

[정치맛집]
오늘 국힘 ‘1차 컷오프’ 발표… 향후 경선 전망은?

| 출연 : 이재영 전 국민의힘 의원, 김종대 전 정의당 의원, 김용남 전 개혁신당 의원

| 권순표의 뉴스 하이킥 |

◇ 홈페이지: https://www.imbc.com/broad/radio/fm/newshigh/
◇ 네이버TV: https://tv.naver.com/mbc.mbcradionewsntalk

#MBC라디오 #권순표의뉴스하이킥 #뉴스하이킥 #시사라디오 #권순표",Vl8s_RXv_fs,10563,2025-04-22T11:30:22.000Z,"[MBC, MBC라디오, 라디오, AM, FM, 95.9, 시사, 정치, 사회, 이슈, 마봉춘, RADIO, MBC RADIO, 표준FM, 뉴스, 선거, 라디오시사, mbc라디오시사, 엠비씨라디오]","'탄찬' 안철수, '탄반' 나경원 꺾고 국힘 '1차 컷오프' 통과...국민의힘, '尹 절연' 시동거나? - 이재영&김종대&김용남, [권순표의 뉴스하이킥], MBC 250422 방송",https://www.youtube.com/watch?v=Vl8s_RXv_fs,586808
news,25,무적소년공,2064,KR,,RtO8o-rEPGc,66145,2025-04-19T03:05:15.000Z,,"""일본은 쌀 파동"" 2년전 이재명 발언 ! #이재명 #대선 #대통령",https://www.youtube.com/watch?v=RtO8o-rEPGc,740002
news,22,세상만사,1633,KR,,mEP-h4LVah0,65468,2025-04-17T10:50:00.000Z,,뉴스타파 여기자폭행한 권성동에 빡친 봉지욱 뚜껑열렸다 #봉지우,https://www.youtube.com/watch?v=mEP-h4LVah0,697068
news,25,비디오머그 - VIDEOMUG,2043,KR,"👀 교양이를 부탁해, 4월 '오픈클래스' 신청 오픈! 👀 
◆ 주제: 트럼프와 달러 패권, 그리고 금 (오건영 단장)
◆ 대상: '교양이를 부탁해' 유튜브 채널 구독자
◆ 방청 일시: 4월 29일 화요일 오후 5시 
◆ 신청 방법: 아래 구글폼 작성 🔽🔽🔽🔽🔽
https://forms.gle/99k3c3Tm591Da8Yh7


03:17 트럼프 관세폭탄에도 중국이 버티는 이유 
05:30 중국이 잡은 미국의 네 가지 인질
09:22 ‘고통의 내구력 강해’ 중국의 사회주의 생존법
10:58 위태로운 중국 경제 어디까지 견딜까
16:52 ‘장사꾼’ 트럼프 VS ‘정치꾼’ 시진핑의 협상 타이밍
19:29 시진핑의 마지막 반격은 '이것'
27:03 트럼프와 시진핑이 진짜 겁내는 것은?

*이 콘텐츠는 전문가의 개인적 견해가 포함되어 있으며, 특정 입장을 대변하지 않습니다.
""사실은 가장 중요한 현실성 있는 게 뭔지 아세요? 자본 시장을 조금 열어주는 거죠. 왜냐하면 중국이 지금 문제가 부채가 많다는 게 중국의 가장 큰 문제고 지방 정부가 부채가 많고 기업이 부채가 많고 다 부채가 많은 금융 문제인데 중국 어떻게 해결하면 되냐. 그게 이제 미국이 답을 가르쳐 준 것이 2008년에 이제 금융위기 때 미국이 부도가 났어요. 그 때 전 세계에는 IMF가 다 알짜 자산 팔아서 부채 갚아서 축소 경영하라고 그래놓고 자기네들은 어떻게 했냐 하면 하나도 안 팔고 공적 자금 왕창 집어넣어서 주가 올려서 부채 비율 낮추고 주식 팔아가지고 이제 끝을 낸 거죠. 그래서 중국이 지금 생각하는 것은 “아 저게 답이구나” 그래서 지금 부채 많다고 얘기를 하지만 이 부채를 다 주식으로 바꿔버리면 부도 위험, 금융 위기는 없어지는 거죠. 그렇게 되면 미국이 무역수지 흑자 2,000억 달러(약 300조 원) 이거를 줄이려고 하는 것은 싸움을 해야 되지만 자본시장에 들어가서 미국의 기관투자가들이 헤지펀드들이 주식 사서 시세 차익을 팔아서 2,000억 달러(약 300조 원) 가는 것은 쉽습니다."" -전병서 중국경제금융연구소 소장



[제작진]
기획•연출: 한동훈 / 영상취재: 강동철 / 작가: 윤단비 / 편집: 현승호•김남우 / 콘텐츠디자인: 옥지수•정유민 / 인턴: 강다현

[비즈니스 문의]
교양이를 부탁해, 출연•협찬•콘텐츠 문의: davidhan@sbs.co.kr





✔신뢰할 수 있는 재미, 비디오머그 VIDEOMUG

#비디오머그 #트럼프관세폭탄 #시진핑관세보복 #애플 #테슬라 #희토류 #환율 #위안화 #교양이를부탁해 #VMG

♨지금 뜨거운 이슈, 함께 토론하기(스프 구독) : https://premium.sbs.co.kr

▶비디오머그 채널 구독하기 : https://n.sbs.co.kr/mugTube
▶Homepage : https://videomug.co.kr
▶Facebook : https://www.facebook.com/videomug
▶Twitter : https://twitter.com/videomug_sbs

Copyright Ⓒ SBS. All rights reserved. 무단 전재, 재배포 및 AI학습 이용 금지",__LcIMYY8jA,15222,2025-04-18T17:25:02.000Z,"[SBS VIDEOMUG, VIDEOMUG, format:해설, location:서울, series:비디오머그, source:영상, type:디지털, 비디오 MUG, 퍙대ㅡㅕㅎ]","[지식뉴스] 🇺🇸🇨🇳 때렸다 달랬다, 다급해진 트럼프...시진핑이 노리는 마지막 반격 카드는 '이것' (ft.전병서 중국경제금융연구소 소장) / 교양이를 부탁해 / 비디오머그",https://www.youtube.com/watch?v=__LcIMYY8jA,1216557
news,25,한국경제TV,1000,KR,"성공투자 오후증시 2부
25년 4월 10일자 방송

전병서 중국경제금융연구소장

#한국경제TV #와우넷 #와우파 #주식창  #파트너 #경제 #증권 #와우 #WOWTV
-------------------------------------------------
△대한민국의 경제를 보세요!
△빠르고 정확한 경제·증권 뉴스를 24시간 전해드립니다. 
△구독+좋아요!
-------------------------------------------------
◇ 한국경제TV 유튜브 구독
https://bit.ly/45pz6GK

◇ 한국경제TV 유튜브 LIVE
https://www.youtube.com/watch?v=NJUjU9ALj4A

◇ 협업 및 비즈니스 문의
hkwowtv@wowtv.co.kr
-------------------------------------------------
🎯 투자 판단, 정보가 승부다.
한국경제TV 공식 텔레그램에서
빠르고 정확한 핵심 정보를 지금 확인하세요. 
🎁무료 구독 👉 https://t.me/wowtv_official
----------------------------------------------------------------------
◇ 한국경제TV
-홈페이지 http://www.wowtv.co.kr
-플러스친구 https://pf.kakao.com/_xbcxlxgd
-트위터 http://www.twitter.com/hkwowtv
-페이스북 http://www.facebook.com/hkwowtv

-편성정보: https://bit.ly/47q2caY
-------------------------------------------------
◆ 한국경제TV 패밀리 채널을 구독하세요!
-뉴스는 [한경TV 뉴스] https://youtube.com/한국경제TV뉴스
-주식은 [와우넷] https://youtube.com/와우넷w
-주식앱 [주식창] https://youtube.com/stockw
-교육은 [와우아카데미]
-------------------------------------------------",y8YFzopyPTk,20005,2025-04-14T04:43:24.000Z,"[#한국경제TV, 한국경제, 주식, 투자, 증시, 미국주식, 한국주식, 경제, 나스닥, 코스피, 성투1부, 성투, 성공투자오후증시, 중국, 관세전쟁, 미중전쟁, 미국, 관세, 전병서소장, 전병서, 시진핑, 트럼프, 애플, 테슬라, 월마트]",미국은 중국을 이길 수 없다┃전병서 중국경제금융연구소장,https://www.youtube.com/watch?v=y8YFzopyPTk,1286542
news,25,뉴스토마토,2763,KR,"✨(뉴스인싸프라임) 세계와k - 문희정, 일리야, 알파고

더 디플로맷 ""한국, 이재명의 순간이 왔는가""…李 4월호 표지 장식
더 디플로맷, 이재명의 전략에 대해서도 정확히 알고 있어
더 디플로맷, 전세계에 오피니언 리더급이라면 다 봐 
美 타임지 실린 李, 이렇게 한 단락으로 다 설명할 수 있나
美 타임지, 역정의 마무리는 결국 차기 대통령이 될 것으로 보인다 표현
전 세계 사람들이 타임지 한 줄만 읽어도 李가 어떤 사람인지 알겠어
해외 언론, 한국 민주주의 열망을 해결해낸 사람을 李라고 설명
더 디플로맷 ""국힘, 이대로라면 극우집단으로 전락""
유럽 극우정당 확장, 중도층 끌어들일 의제 꺼내들었어…한국은 정반대
국내 언론, 의제 설정 기능 스스로 다운시켜버렸어
日, 美에 한반도 대만묶어 전쟁구역 제안…3월 30일에 했는데 이제 안 한국
日, 트럼프 1기 때 한미일서 소외됐던 트라우마 있어
한국, 일본의 자위대 명령받는 부속으로 들어갈 가능성 높아졌어
전쟁구역 제안, 美 입장선 유사시에 일본이 주도적으로 역할하겠단 것
외교는 상대가 있는 것…되돌리기 힘들어
외교 참사, 처음보다 10배 이상의 노력과 힘 들어가
한국이 할 수 있는 건 차기 리더십에 국민적 엄청난 지지 보내기
트럼프, 관세 수단으로 사용…트럼프가 원하는 걸 얻기 위한 것
트럼프 관세 유예, 내부적 이유와 필요 때문
미국 기업이 中에 공장 설립한 이유 있어…관세 있어도 美가 훨씬 비싸
미국과 중국의 역할 정반대됐어…기업 입장선 美 택할 이유 없어졌어
더 디플로맷, 李가 어떤 가치관 갖고 있고 어떻게 여기까지 왔는지 담아
美에서도 李가 당선될 확률이 높다고 보고 있어
李, 타임지 실릴 수 있었던 가장 큰 이유는 계엄날 킨 라이브
해외 언론선 李가 킨 라이브가 비상계엄 실패 원인으로 분석
우파가 전세계 집권? 극우에서 중도층으로 많이 내려왔기 때문
중도보수에 있던 한국의 국힘, 더 극우로 가고 있어
尹 정부의 대일외교, 완전실패였어…모든걸 日에 바치는 형국됐어
日이 '전쟁' '전구' 발언하는 것 경계해야…이동네서 전쟁 일으킬 수 있는 건 日
트럼프, 전세계에 혼란 주는 일에 있어서 굉장히 잘해
中은 전략있어서 트럼프 관세에 잘 버티는 편…시간은 중국 편
트럼프의 18~19세기식 관세, 美 내에서 생산 있어야 가능한 것
미국 내에서 생산되고 있는 것 없어…아이폰도 'Made in China'
중국, 충분히 버틸 저력과 여유있어…그냥 기다리기만 하면 돼

🔥🔥구독자 이벤트 참여 🔥🔥
 - 실시간 채팅, 댓글 참여하고, 매일 최대 7000TTCO(7000원) 쿠폰 받자 🍅🍅 
 - https://www.tongtongmall.net/membership_num
 - 실시간 채팅: 하루 1번 참여, 2,000TTCO 지급
 - 댓글: 하루 5번 참여 1,000TTCO 지급 (하루 최대 5,000TTCO)

💘💘 뉴스인싸 프라임(채널 멤버십) 가입하기
- https://www.youtube.com/channel/UCYUGo6ZfQZCTMrK9rMDijNQ/join

💌💌 뉴스토마토 무료 구독신청: 뉴스인싸 프라임 가입자 특별혜택 추가(문의 전화 : 02-2128-3874)
 - https://www.tomatoprime.com:446/newinsa/sub.aspx

💘 더 착한 보험(생명보험, 자동차 보험)
 - 문의 전화: 1644-1236, 010-7612-3303(카톡/문자 상담예약 24시간 가능)

영상이 마음에 드셨다면 '구독'과 '좋아요'  버튼 눌러주세요!
감사합니다.

🖥 뉴스토마토
- http://newstomato.com

🎯 뉴스포털 ｜ 뉴스통
- https://www.newstong.co.kr/

🎁 통통몰
- https://www.tongtongmall.net/main

📊 뉴스토마토 정기 여론조사
- https://www.newstomato.com/OpinionList.aspx",y4MLNZJp4Ao,46641,2025-04-18T06:55:31.000Z,"[뉴스토마토, 핵사이다, 대담, 윤석열정부, 윤석열 대통령, 검찰, 윤석열, 이재명, 국민의힘, 민주당, 대통령실, 뉴라이트, 문재인, 문재인 윤석열, 검찰 인사, 검찰공화국, 한동훈, 국정감사, 용산책임론, 김건희, 방통위, 조국혁신당, 윤석열 지지율, 윤석열 탄핵, 탄핵, 뉴스인사이다, 검언유착, 항소심, 불송치, 23억, 특검법, 윤석열지지율, 용산, 여론조사, 국무총리, 박지훈, 박지훈뉴스인사이다, 박지훈의뉴스인사이다, 보수, 중도, 원구성, 한동훈 당대표, 법사위, 국회의장, 광복절, 국회, 총선개입, 김영선, 지지율, 한일정상회담, 디올백, 김건희 공천개입, 공천개입, 명태균, 총선, 압수수색, 여론조작, 이준석, 공천, 명태균게이트, 윤석열대선, 면담, 국정개입, 김건희_국정개입, 강혜경, 국정운영지지율, 윤석열_명태균, 계엄, 안산보살, 한덕수, 계엄군, 김용현, 최상목, 김건희논문, 체포영장, 공수처, 김태효, 박정훈, 박종준, 김성훈, 윤체포, 윤석열체포, 서울구치소, 한남동, 경호처, 트럼프, 포고령, 서부지법, 박주민, 김성민, 검사, 단독]","모두가 놀란 외신의 극찬 “한국, 이재명 시대가 왔는가? 이재명은 xxx할 것” 전세계가 이재명을 주목한 이유는?  #뉴스인사이다  (문희정, 일리야)",https://www.youtube.com/watch?v=y4MLNZJp4Ao,784674
news,25,MBN News,7102,KR,"뉴스와이드
월~금 오후 5시 20분 본방송

더불어민주당 이재명 대선 경선 후보 선거대책위원회는 17일 일명 '도봉역 벤츠 난동 사건'과 이 후보의 가족이 연루됐다는 소문에 대해 ""불법적인 음해""라며 법적 대응을 예고했다. 선대위는 허위정보 유포 의혹을 받는 이들 6명을 특정하고 경찰에 공직선거법상 허위사실공표와 후보자비방 혐의로 고발할 방침이다.

#이슈직진 #도봉역 #벤츠난동 #이재명아들 #루머 #허위사실 #공직선거법 #고발 #경찰 #중년여성 #진실 #아찔한순간 #허위유포자 #뉴스와이드 #MBN

☞ MBN 유튜브 구독하기  ☞ https://goo.gl/6ZsJGT
📢 MBN 유튜브 커뮤니티 https://www.youtube.com/user/mbn/community?disable_polymer=1

MBN 페이스북 http://www.facebook.com/mbntv
MBN 인스타그램 https://www.instagram.com/mbn_news/",SJVzzlE5KGw,20758,2025-04-19T04:20:01.000Z,,"[이슈 직진] 루머는 어떻게 퍼졌나?...경찰 ""도봉역 차량 난동 사건 당사자는 중년 여성"" | MBN 250418 방송",https://www.youtube.com/watch?v=SJVzzlE5KGw,1043943
news,25,MBC PD수첩,3875,KR,"#MBC #PD수첩

📌PD수첩.Zip
00:00 탄핵 심판 선고 - 불복전야 - 25년 3월 11일 방송
07:42 광장의 음모론 1부 - 태극기를 든 '애국청년' - 25년 2월 18일 방송
22:32 광장의 음모론 2부 - 대통령과 부정선거 - 25년 3월 4일 방송
32:30 순교의 이름으로 - 목사님의 극우 비즈니스 - 25년 3월 18일 방송
01:00:40 다시, 서울의 봄 - 윤석열 파면의 날 - 25년 4월 8일 방송  

제작 : MBC 시사교양국
진행 : 오승훈 아나운서

✔시대의 정직한 목격자, MBC PD수첩 (화요일 밤9시)
✔PD수첩 본방을 놓쳤다면? 유튜브로 핵심을!
✔PD수첩 유튜브 공식계정 https://goo.gl/9tgdwM
✔PD수첩 본방을 다시보고 싶다면?
   iMBC : https://bit.ly/2ELLAyh
   WAVVE : https://bit.ly/2EXiZq5

ⓒ MBC&iMBC 무단 전재, 재배포 및 이용(AI학습 포함) 금지",_23pnnnJQX4,12409,2025-04-18T08:30:18.000Z,"[PD수첩, 시사교양, 시사, 고발, MBC, 뉴스, 이슈, 사회문제, 피디수첩, 경제, 정치]",[PD수첩.Zip] 그들은 왜 '계몽' 되었나 - 윤석열 전 대통령 취임부터 파면까지 PD수첩 몰아보기 3탄,https://www.youtube.com/watch?v=_23pnnnJQX4,613134
news,25,KNN NEWS,198,KR,"#knn뉴스 #고속도로 #트럭 #사각지대 



제보
카톡 : 'KNN' 친구추가
메일 : adknn@knn.co.kr

홈페이지 www.knn.co.kr
검색 : KNN",3TMRJruK_kE,3073,2025-04-17T11:36:40.000Z,"[knn뉴스, e뉴스, 고속도로, 경차, 트럭, 추돌]",차선 변경 시도하다 경차 들이받은 대형 트럭/ KNN,https://www.youtube.com/watch?v=3TMRJruK_kE,459956
news,25,JTBC News,1995,KR,"윤 ""칼 썼다고 무조건 살인 아냐…계엄은 법적 수단"" 6분간 직접 발언 (4.21 뉴스룸)
피고인석 앉은' 윤 모습 첫 공개…눈 감은 채 증인석 외면 (4.21 뉴스룸)

※ JTBC News '뉴스다'는 '다' 모은 뉴스의 의미로, 정치·경제·사회·국제 등 시청자들의 다양한 관심사를 모아 전달하는 큐레이션 콘텐트입니다.

📌 시리즈 더 보기 https://youtube.com/playlist?list=PL3Eb1N33oAXhsGVRH6QUWoGk3q7PnhjtT

#윤석열 #계엄 #재판 #지귀연 
📢 지금, 이슈의 현장을 실시간으로!
☞JTBC 모바일라이브 시청하기 https://www.youtube.com/@jtbc_news/streams

☞JTBC유튜브 구독하기 (https://www.youtube.com/user/JTBC10news)
☞JTBC유튜브 커뮤니티 (https://www.youtube.com/user/JTBC10news/community)

#JTBC뉴스 공식 페이지 https://news.jtbc.co.kr

페이스북 https://www.facebook.com/jtbcnews
X(트위터) https://twitter.com/JTBC_news
인스타그램 https://www.instagram.com/jtbcnews

☏ 제보하기 https://news.jtbc.co.kr/report
방송사 : JTBC (https://jtbc.co.kr)",NPR2PnAbtn8,8717,2025-04-22T00:30:29.000Z,,"'선 넘은' 윤에..""그걸 의심하면"" 지귀연 일침 날렸다 #뉴스다 / JTBC News",https://www.youtube.com/watch?v=NPR2PnAbtn8,545588
news,25,SBS 뉴스,144,KR,"더 자세한 정보 보기 
https://news.sbs.co.kr/y/?id=N1008069091

[뉴스영상] 기사 더보기 
https://news.sbs.co.kr/y/t/?id=10000000121
 

#SBS뉴스 #뉴스영상 #올림픽
#Shorts

▶SBS 뉴스 채널 구독하기 : https://n.sbs.co.kr/youtube 
▶SBS 뉴스 라이브 : https://n.sbs.co.kr/youtubeLive , https://n.sbs.co.kr/live 
▶SBS 뉴스 제보하기
홈페이지: https://n.sbs.co.kr/inform 
애플리케이션: 'SBS뉴스' 앱 설치하고 제보 - https://n.sbs.co.kr/App 
카카오톡: 'SBS뉴스'와 친구 맺고 채팅 - https://pf.kakao.com/_ewsdq/chat 
페이스북: 'SBS뉴스' 메시지 전송 - https://www.facebook.com/sbs8news 
이메일: sbs8news@sbs.co.kr 
문자: #6000 
전화: 02-2113-6000 

홈페이지: https://news.sbs.co.kr/ 
페이스북: https://www.facebook.com/sbs8news 
X(구:트위터): https://www.twitter.com/sbs8news
카카오톡: https://pf.kakao.com/_ewsdq
인스타그램: https://www.instagram.com/sbsnews

Copyright Ⓒ SBS. All rights reserved. 무단 전재, 재배포 및 AI학습 이용 금지",gzGNrnSuM4E,2421,2025-04-19T05:19:14.000Z,"[SBS NEWS, SBS 뉴스, custom:뉴스넷, dhflavlr, event:olympic, format:리포트, genre:국제, location:서울, person:심우섭, sbs, sbs 실시간, series:뉴스영상, source:영상, type:방송, 뉴스 실시간, 뉸, 베이징, 부상, 시즌, 실시간뉴스, 엄마, 에스비에스, 올림픽, 자메이카, 학교]","""혹시 선출이세요?"" ""아뇨 현역인데요.."" 올림픽 2연패 엄마의 질주 본능 / #shorts",https://www.youtube.com/watch?v=gzGNrnSuM4E,417091
news,25,KBC 뉴스,499,KR,"더불어민주당의 대선 경선에서 가장 앞서나가고 있는 이재명 캠프에 광주의 초선 의원인 박균택 의원과 정준호 의원이 합류했습니다.

두 의원은 이 예비후보 경선과 본선 승리는 물론 호남의 민심을 캠프에 충분히 반영하는 역할을 해내겠다고 밝혔습니다.

이형길 기자입니다.

✔ 더 많은 광주·전남 뉴스를 보고 싶다면 KBC뉴스를 '구독' 해주세요

▶KBC 뉴스 홈페이지
https://news.ikbc.co.kr/news/main

▶KBC 뉴스 제보하기
홈페이지 : https://www.ikbc.co.kr/board/edit/jebo
카카오톡 : https://pf.kakao.com/_tBLUxd/chat
전화 : 062-650-3114
팩스 : 062-653-3327

▶KBC 주요뉴스
네이버 : https://media.naver.com/press/660
다음 : https://v.daum.net/channel/133710/home

▶KBC 뉴스 SNS 공식채널
유튜브 : https://www.youtube.com/c/kbc뉴스
페이스북 : https://www.facebook.com/KBCstory/
트위터 : https://twitter.com/KBC__news
인스타그램 : https://www.instagram.com/kbc__news/
틱톡 : https://www.tiktok.com/@kbc__news

▶KBC 광주방송 콘텐츠 링크 모아보기
https://linktr.ee/kbc__news",4yIgsTFat5k,43522,2025-04-15T00:39:28.000Z,"[kbc, kbc광주방송, 깨비씨, kbc 뉴스]",이재명 캠프 법률지원단에 '호위무사' 박균택·정준호#shorts,https://www.youtube.com/watch?v=4yIgsTFat5k,887280
news,25,채널A News,670,KR,"[뉴스A라이브] 선관위 가 '의문의 행동' 붉은 천 묻고 사라졌다?
#채널A #뉴스A라이브 #선관위 #CCTV",M0p8t0hwTOE,8842,2025-04-20T05:37:09.000Z,,선관위 가 '의문의 행동' 붉은 천 묻고 사라졌다? / #채널A #뉴스A라이브 #shorts,https://www.youtube.com/watch?v=M0p8t0hwTOE,259787
news,25,CBS 김현정의 뉴스쇼,3890,KR,"조태용 ""홍장원 공작"" 말에 언론·유튜브 좌표
정치관여죄 위반? 사법 억압 2025년에도 있나
12/3 돌아가면 尹에 '누구 잡으란 거냐' 물을 듯
尹 첫 인상은 정열과 에너지 강한 사람
122일 소감…'내부자들2' 찍는 줄 알았다
尹 ""대통령 3년 하나 5년 하나?"" 실망감 커
충성심이 내 핵심 가치…尹, 말하던 '충성'은?

■ 방송 : CBS 라디오 [김현정의 뉴스쇼] FM 98.1 (07:10~09:00)
■ 진행 : 김현정 앵커
■ 대담 : 홍장원 (전 국정원 1차장)

▣ 라이브 방송 안내
뉴스쇼 라이브 방송 | 월~금 오전 7시10분~9시
댓꿀쇼 라이브 방송 | 월·화·목·금 주 4회 본방송 이후 9시

▣ 김현정의 뉴스쇼 유튜브 구독하기
https://goo.gl/ApKab6

▣ 제보 및 의견
◇ 문자: #1212
◇ 뉴스쇼 제보 이메일: cbsnewsshow@gmail.com
◇ 댓꿀쇼 관련 이메일: newsshow.cbs@gmail.com

◇ 라디오 채널: 표준FM 98.1MHz
◇ 모바일 레인보우
- 안드로이드 구글플레이: http://goo.gl/0fboZU
- 애플 앱스토어: https://apple.co/2ytJKPW
◇ 뉴스쇼 홈페이지: https://bit.ly/3VNqV5w",YE6QwCp9vaU,19962,2025-04-18T01:26:23.000Z,[김현정의 뉴스쇼],"[인터뷰] 홍장원 ""계엄의 밤으로 돌아간다면? 尹에게 이 말 하고파""   ""난 환갑 지난 블랙요원, 이젠 내 이름으로 신나게…""",https://www.youtube.com/watch?v=YE6QwCp9vaU,658110
news,25,펜앤마이크TV,4742,KR,"펜앤마이크는 사즉생의 마음으로 대한민국 체제 수호에 매진하겠습니다
후원계좌 : 기업은행 02-2138-5881 (주식회사 펜앤마이크)

ARS 후원신청 : 1877-0216

해피나눔 정기후원신청 :  https://www.ihappynanum.com/Nanum/B/0BT4KW55HB

일반후원계좌 : 기업은행 02-2138-5881 (주식회사 펜앤마이크)

정기후원계좌 :  기업은행 024-088734-04-046 (주식회사 펜앤마이크)

페이팔 및  해외송금 :   http://www.pennmike.com/com/spon.html

여러분의 많은 후원 부탁드립니다. 감사합니다.


★펜앤마이크 구독자 그룹 단톡방 개설★

https://open.kakao.com/o/g2Iurtkf

비밀번호 : 1801

자유롭게 구독자분들과 펜앤마이크와 소통할 수 있어요.

🏅 채널에 가입하여 혜택을 누려보세요! 👉 https://bit.ly/3J6jwWD

월~금 오전 9시 - 허현준의 굿모닝 대한민국
월~금 오후 6시 - 최대현의 이것이 뉴스다
월~화 오후 2시 | 수 오후 4시 - 중립MZ

👏 영상이 마음에 드신다면, 영상 아래 메뉴의 'Thanks' 버튼으로 후원해주세요!",BVwxndCgsnQ,31019,2025-04-20T07:20:00.000Z,"[팬앤마이크, 펜앤드마이크, 팬앤마이크TV, 펜앤드마이크TV, 채널A, TV조선, SBS, SBS뉴스, 조선일보, 매일신문, 서울신문, YTN, JTBC, MBN, 이투데이TV, 아투TV, 김진의돌직구쇼, 뉴스, 그라운드C, 시사포커스, 고성국TV, 정법전, 최진녕, 정혁진, 김기흥, 이지애, 선우윤호, 김진기, 대한민국, 이승만, 박정희, 매불쇼, 김어준, 겸손은힘들다, 폭스뉴스, Fox News, #이것이뉴스다, #허현준, #원영섭, 조기대선, 국민의힘후보, 대선후보 더불어 민주당, 민주당, 민주당후보, 경선, 이재명, 개헌, 김문수, 홍준표, 오세훈, 한동훈, 이준석, 원희룡, 나경원, 윤상현, 한덕수, 김동현, 대선, 대통령선거, 유시민, 트럼프, 중앙선관위]","이재명, 대선 패배 자백하다 / 김기흥의 FM뉴스",https://www.youtube.com/watch?v=BVwxndCgsnQ,339597
news,25,열린공감TV,1454,KR,"#윤석열 #김건희 #최은순 #마약 #인천공항 #세관 #한덕수 #마약사건외압 #백해룡  #열공 #열린공감 #한동훈 #검찰 #경찰 
◼열린공감TV 제작 극 영화 [앉은뱅이 주술사 ‘쥴리'](가칭) 를 제작안내 (크라우드펀딩 오마이컴퍼니)로 펀딩해 주세요.
https://www.ohmycompany.com/reward/16118

1.인터넷 검색창에 ’오마이컴퍼니‘ 검색
2. 중간쯤 인기프로젝트 ’쥴리‘ 클릭
3. 마음에 드는 금액 후원펀딩 클릭
4. 카카오톡으로 가입후 완료
https://www.ohmycompany.com/reward/16118

◼열공광고안내
홈페이지: https://www.adcross.co.kr/minishop/openmind
주문전용: 080-707-1110

주)열린공감TV는 유튜브채널 '열린공감TV'를 통해 정치, 시사, 사회, 문화, 국제 이슈 등을 다룹니다.
유튜브채널 '탐사저널ON'을 통해서는 탐사취재를 전문으로 보도합니다.
◼ 후원계좌 : 우리은행 1005-704-387412
◼ 후원계좌 : 국민은행 787201-04-247879
◼ ARS 후원 : 1877-0809 / 1877-9503
◼ 해피나눔 : https://www.ihappynanum.com/Nanum/B/CQ4U04MFOL
◼ 페이팔 : newix@naver.com

◼ 【구독】 과 【좋아요】 【알림설정】 부탁드립니다.
'좋아요' 클릭은 더 많은 시청자분들이 시청하실 수 있게 합니다.
◼ 채널 맴버 가입
https://www.youtube.com/channel/UC4y2Jx26qCb7CrSt_i5bf1A/join
◼ 제보하기 : newix7700@gmail.com
◼ 틱톡 : https://www.tiktok.com/@tv4544?_t=8nSXln4C83d&_r=1
◼ 인스타 : https://www.instagram.com/officialopenmindtv/
◼ 열린공감TV 영상물은 공유 및 소스코드 배포에 한해 허용합니다.",CEIH1kXwwvU,33523,2025-04-17T09:36:06.000Z,"[열린공감, 민주주의, 민주진보, 공정, 정의, 평등, 민주당, 문재인, 조국, 정경심, 노무현, 유시민, 대한민국, 열린, 검찰개혁, 윤석열, 언론개혁, 진실]",경찰청장까지 한패?! 마약시장 독점을 위해!!!,https://www.youtube.com/watch?v=CEIH1kXwwvU,511142
news,25,띨띨이 당,337,KR,#JTBC  #한민용  #안나경  #최재원,L7VD3SuDi_Y,24292,2025-04-12T07:00:19.000Z,,""" 니네가 내실게요~ """,https://www.youtube.com/watch?v=L7VD3SuDi_Y,778335
news,27,오선의 미국 증시 라이브,1,KR,"보다 빠른 속보/정보 그리고 스마트폰 알림까지?!? 멤버십: https://www.youtube.com/channel/UC_JJ_NhRqPKcIOj5Ko3W_3w/join

#미국주식 #비트코인 #해외선물 #테슬라 #엔비디아


[매일 평일 밤 21시~ 05시 실시간 방송중]
블룸버그, CNBC, 로이터, WSJ, FT 등 
주요 해외 뉴스 및 이슈, 속보 관련 라이브 방송 중입니다. 
22시에 만나요~! ^^ 구독, 알림설정!

네이버 밴드: https://band.us/band/95148381

[자주 하는 질문]

화면 상 차트는?
- 나스닥 100 선물 (티커: NQ1!), 달러 인덱스 (DXY), 오일(CL1!), 10년물 국채(US10Y), 2년물 국채 (US02Y), 비트코인(바이낸스)

화면 하단에 바둑판은 무엇인가요?
- Finviz (www.finviz.com); 유료 ;21시부터 동시호가 입니다. 
- 무료는 5분 지연 시세 입니다.

뉴스 소스는?
- 언론사: 블룸버그, CNBC, 로이터, WSJ, Barrons, WP, CNN, Barrons 등
- 암호화폐: Coindesk, Coinness 등
- 속보: Financial Juice, 82알다
- 어닝: 스톡나우
- 블룸버그 터미널


도와주시는분
- 하하, 밍키, Grace.K, Happy 님


각종 문의
- futuresnow3@gmail.com


-----

오선의 미국 증시 라이브는 
평일 밤 10시부터 새벽 06시까지
따끈따끈한 미국주식, 암호화폐, 해외선물 관련 뉴스를 라이브로 전달합니다!


-----

후원 ▶ https://toon.at/donate/636970699264010583


Live NEWS:  @Bloomberg, @CNBC",nAeDrHNbXnk,10061,2025-04-22T23:43:13.000Z,"[bitcoin, blackout, fed, finance, fomc, 경제뉴스, 고용지표, 국제유가, 금리, 금리상승, 금리인상, 금리인하, 금리전망, 금융시장브리핑, 나스닥, 뉴욕증시, 달러, 도지, 머스크, 미국기업, 미국주식, 미국증시, 미의회, 미증시, 바이든, 불라드, 블랫아웃, 빠월, 산타랠리, 실적발표, 애플, 연준, 연준파월, 유럽금리, 인플레, 인플레이션, 일론, 일론머스크, 재테크, 주가전망, 주식, 주식시황, 증시브리핑, 증시전망, 증시폭락, 투자, 투자전략, 파월, 파월의장, 해외증시, 환율]","[25년 4월 22일 화] 백악관, 언론 브리핑｜테슬라 실적발표｜미국 재무장관, ""중국과 합의 가능하다""｜ - 오선의 미국 증시 라이브",https://www.youtube.com/watch?v=nAeDrHNbXnk,741687
news,25,한겨레TV,457,KR,"“이재명의 무죄, 유죄로 뒤집긴
불가능” ‘전원합의체’ 뉴스 해설

#이재명 #윤석열 #전원합의체


책임피디: 김도성
진행: 고현준
기술: 김현수
타이틀 / C.G : 김수경
취재·구성: 이승준
연출: 박승연 이예진 조성욱 (yeoni@hani.co.kr)


▶ 한겨레 누리집: https://www.hani.co.kr/
▶ 한겨레TV 페이스북: https://www.facebook.com/hankyorehtv/",uLQTSU4-Kis,8675,2025-04-22T13:01:37.000Z,"[한겨레, 한겨레TV, 한겨레21, 정치, 시사, 뉴스, 언론, 저널리즘, 유튜브, 경제, 사회, 뉴스다이브, 고현준, 고추자, 김건희, 이재명, 대통령, 윤석열, 내란, 내란수괴, 한덕수, 국민의힘, 국힘, 국힘경선, 한동훈, 나경원, 홍준표, 김문수, 안철수, 지귀연, 내란재판, 박영식, 전예현, 오윤혜, 신인규, 권태호]","“검사들이 얼마나 웃기냐면...” 신인규의 경험담 / “윤석열, KO패 당할 수밖에! 왜냐면...”(권태호,신인규,박영식) | 뉴스 다이브 0422 클립3",https://www.youtube.com/watch?v=uLQTSU4-Kis,187598
news,25,경북일보TV,3985,KR,#안철수 #국힘 #대선,0n7Re38uPXk,3509,2025-04-21T02:35:01.000Z,"[경북일보, 경북, 일보]",[뉴스영상] 안철수 '긴급 기자회견' 한창 경선 중인데 왜?,https://www.youtube.com/watch?v=0n7Re38uPXk,189573
news,27,JTV ON,259,KR,#JTV #전주방송 #JTV전주방송 #2000년대 #00년대 #옛날뉴스 #뉴스앤뉴스 #뉴스 #꺼내본뉴스 #전라북도 #전북특별자치도 #전북 #shorts #news #전주 #전주시 #중학생 #중학교 #학생 #학교 #장기기증 #기증 #뇌사 #뇌사판정 #소년 #아버지 #아들 #강원도 #정읍 #정읍시 #이사 #새벽 #신문배달 #배달 #알바 #아르바이트 #경찰 #경찰서 #도둑 #절도 #절도범 #도둑질 #장기 #희망 #충격사건 #충격실화 #사건 #실화 #장례 #충격사연 #사연 #경찰조사 #조사,ow_5SJj622Y,,2025-04-12T05:00:57.000Z,"[전라북도, 전주, 전주방송, 전주SBS, jtv, jtv전주방송, 익산, 군산, 완주, 김제, 무주, 진안, 장수, 부안, 고창, 남원, 전북, 임실, 순창, 전주mbc, 전주kbs, jtvon, 전북방송, 전북SBS, 전북특별자치도]",[꺼내본 뉴스] 아버지는 어려운 결정을 했다,https://www.youtube.com/watch?v=ow_5SJj622Y,767862
news,25,민주공방TV,18,KR,,xWquNVJ5544,4585,2025-04-21T13:26:30.000Z,,[MBCNEWS] 진짜 군인 대령 조성현 #헌법재판소 #내란사태 #지귀연 #형사재판 #shorts,https://www.youtube.com/watch?v=xWquNVJ5544,112132
news,25,트렌드쇼츠,1313,KR,"🔺기성 언론에 진실이 가려지는 일이 없도록❗
💕구독 좋아요💕 꼭 부탁드려요❗

우리 민주 진영의 목소리를 크게 낼 수 있게
1초만 투자하셔서
구독 / 좋아요 꼭 부탁드리겠습니다.

항상 애정 어린 시선으로 영상 봐주시는
구독자님들께 진심으로 감사드립니다.

문의 : erma6688@gmail.com",voBgRMfFTO4,52520,2025-04-17T05:14:15.000Z,"[정치, 정치 뉴스, politics, political news, politic news, 정치 쇼츠, 시사, 시사 이슈, 시사 뉴스, 정치 이슈, political shorts, 정치유튜브, 정치유튜버, 정치 유튜브, 정치 유튜버, 뉴스, 권성동, 뉴스타파, 봉지욱]",#권성동 원내대표에게 서슬 퍼런 경고장 날린 뉴스타파 #봉지욱기자,https://www.youtube.com/watch?v=voBgRMfFTO4,452253
news,22,자우소,2120,KR,#우파 #보수 #국민의힘 #자유민주주의 #조기대선 #트럼프 #주한미군,Amwy5E_fvkM,37672,2025-04-11T21:00:16.000Z,,주한미군 감축시 북한남침가능성,https://www.youtube.com/watch?v=Amwy5E_fvkM,864050
news,25,인생국장,75,KR,"기자 손목 꺾은 권성동, 윤석열 정부는 언론이 적인가?


#정치
#시사
#뉴스",xjxph0-4h14,15611,2025-04-17T21:00:58.000Z,"[정치, 시사, 뉴스]","기자 손목 꺾은 권성동, 윤석열 정부는 언론이 적인가?",https://www.youtube.com/watch?v=xjxph0-4h14,194798
news,25,잼뉴(잼있는뉴스),1924,KR,#이재명 #유시민 #21대대선,s_oqa-0zH5w,18469,2025-04-13T07:23:32.000Z,,전원책 포퓰리스트 격하에도 이재명은 우문현답 [잼뉴] #잼있는뉴스,https://www.youtube.com/watch?v=s_oqa-0zH5w,662597
news,25,뉴스타파 Newstapa,19592,KR,"권성동 국민의힘 원내대표가 질문하던 뉴스타파 기자의 손목을 잡고 수십미터 끌고가는 폭행·상해를 저질렀습니다. 

뉴스타파는 오늘(16일) 권 원내대표의 폭행·상해 행위가 기록된 풀영상을 그대로 공개합니다.  

뉴스타파는 권성동 원내대표를 폭행과 상해, 명예훼손 혐의로 고소할 예정입니다. 

👉 더 상세한 내용을 기사로 확인하세요 : https://newstapa.org/article/Yj-k9 

※Music source : Habi Music 
#뉴스타파 #newstapa #탐사보도 #진실 #비영리 #독립언론

👉 뉴스타파는 광고와 협찬없이 회원들의 후원금으로만 운영됩니다. 뉴스타파에 힘을 보태주세요 : https://newstapa.org/donate_info
👉 해외에서는 Paypal을 통해 후원하실 수 있습니다. Paypal 후원하기 : https://url.kr/7n3hfe",ZD3IKorwETk,84883,2025-04-16T09:09:04.000Z,"[탐사보도, 진실, 뉴스타파, 비영리, 뉴스, 보도, 언론, 독립언론, 독립]","권성동 국민의힘 원내대표, 취재중인 뉴스타파 기자 폭행 - 뉴스타파",https://www.youtube.com/watch?v=ZD3IKorwETk,1283814
news,22,버미TV,536,KR,,LqeCz8gMeQc,15408,2025-04-22T03:58:33.000Z,,긴급뉴스. 대법원 심상치 않다. 이재명 선거법사건 속전속결,https://www.youtube.com/watch?v=LqeCz8gMeQc,80087
news,25,엠키타카 MKTK,940,KR,"#윤석열 #내란 #탄핵 #더불어민주당 #델리민주 #블팍 #김병주 #김기표 #실시간 #라이브 #뉴스파다외전 #엠키타카

국회티키타카! 콘텐츠왕국! 어른김장하! 지역소생연구소!
콘텐츠 왕국  ★★★More clips are available★★★
[구독 좋아요 알림설정]은 콘텐츠 제작에 큰 힘이 됩니다

홈페이지 : http://www.mbcgn.kr
페이스북 : http://www.facebook.com/withmbcgn 
인스타그램 : https://www.instagram.com/mbcgn/",CzGMgLydVsY,4788,2025-04-22T09:06:54.000Z,"[MBC경남, mbc경남, 문화, 오락, 여행, 경남, 경남맛집, 맛집, 넘어서다, 엠키타카, K클래식, 임윤찬, 통영국제음악제, 맘프, 윤이상, 박경리, 자연, 지리산, 섬진강, 통영, 산청, 사천, 하동, 함양, 창원시, 마산, 진해, 거제, 의령, 함안, 거창, 합천, nature, 방송대상, 진주, 삼천포, 충무, 국회, 법사위, 과방위]",전원합의체에 회부된 이재명.. 어떤 이유인지 추측해봤습니다,https://www.youtube.com/watch?v=CzGMgLydVsY,153196
news,25,시사IN(시사인),700,KR,"지귀연, 진짜 위험하다!! 봉지욱 직격!! (박지원도 지귀연 재판부!)

제작진
프로듀서: 최한솔·김세욱·이한울 PD
진행: 김은지 기자
출연: 박지원 더불어민주당 의원, 봉지욱 기자

💥시사IN 유튜브 멤버십에 함께해주세요 :)
https://www.youtube.com/channel/UCaVuYo_tiiNzTSmlnM-A2kQ/join

●시사IN 홈페이지 https://www.sisain.co.kr/
○시사IN 구독 https://subscribe.sisain.co.kr/
○시사IN 후원 https://support.sisain.co.kr
○시사IN 후원 계좌 하나은행 109-910017-83704 ㈜참언론
○시사IN paypal http://paypal.me/sisain
●광고 문의 02-3700-3215",zbbhxZckOSM,15707,2025-04-21T10:21:34.000Z,"[윤석열, 국민의힘, 홍준표, 한동훈, 김문수, 안철수, 나경원, 박지원, 봉지욱, 시사인, 김은지, 신인규, 이재명, 더불어민주당, 대선, 명태균]","봉지욱, 홍준표에 선전포고 “당당하면 고소하세요!” 박지원 “한덕수 부인이 김건희보다 무속 한 수 위!” 명태균 관련 PC 추가 입수, 내일 큰 거 터진다!｜[김은지의 뉴스IN]",https://www.youtube.com/watch?v=zbbhxZckOSM,295350
news,25,대구MBC뉴스,17764,KR,"[대구MBC뉴스] 
'보수의 성지'로 꼽히는 대구 서문시장은 선거철마다 문턱이 닳을 정도로 후보들이 찾아오는 곳입니다. 윤 전 대통령은 대선 하루 전 마지막 유세 장소로 선택할 정도로 이곳은 오랜 시간 보수 정치의 상징적 공간으로 자리매김해 왔습니다.

이번 대통령 조기 선거를 앞두고 4월 16일 오후 '보수의 성지' 민심을 알아보기 위해 대구 서문시장을 찾았는데요, 서문시장 상인과 서문시장을 방문한 시민 36명에게 인터뷰를 요청했고, 그중 17명이 인터뷰에 응해줬습니다.

#만나보니 #서문시장 #대구 #대구MBC

ⓒ 대구MBC 무단 전재, 재배포 및 이용(AI학습 포함)금지

진실을 향해 깊이있게 접근하는 대구MBC NEWS 공식 유튜브 채널입니다.
▼대구MBC 계정 메시지나 댓글을 통해 제보 주세요~

- 대구MBC 웹사이트 : https://dgmbc.com/news
- 트위터 : https://twitter.com/DGMBCNews
- 인스타그램 : https://www.instagram.com/dgmbcnews_official/
- 제보시스템 : https://mbcjebo.com
- 제보전화 : 053.740.9900
- 카카오톡제보 : 010.4088.1577
  (친구찾기 ID검색 dgmbcnews)",1mTLcHt0Ts8,9391,2025-04-19T01:00:05.000Z,"[대구문화방송, 대구mbc, 대구MBC뉴스, 뉴스, MBC, 엠비씨]",[만나보니] '보수의 성지' 대구 서문시장의 민심은? | 대구MBC뉴스,https://www.youtube.com/watch?v=1mTLcHt0Ts8,434089
news,25,엠뉴 | MBC경남 NEWS,2592,KR,"◀ 앵 커 ▶
지난 주말,
물려받은 교복을 입고 찍은
문형배 전 헌법재판관의
중학교 졸업 사진이 공개되자
문 전 재판관의 삶이 다시 주목받고 있습니다.

어려운 환경에서 힘들게 학업을 이어간
그의 이야기는 많은 이들에게
깊은 감동을 주고 있습니다.

신동식 기자!

◀ 리포트 ▶

수줍은 얼굴에 짧게 자른 머리카락,

교복 살 형편이 안 돼
다른 사람의 이름이 새겨진 교복을 입은
문형배 권한대행의 중학교 졸업사진이
사람들의 심금을 울리고 있습니다.

◀ SYNC ▶ 헌법재판관 인사청문회 발언(영상제 자막 포함)
낡은 교복과 교과서일 망정 물려받을 친척이 있어 중학교를 졸업할 수 있었고..

mbc경남 유튜브 채널 엠키타카와 엠뉴에
동영상이 공개된 지 이틀 만에
조회수가 180만 회를 훌쩍 넘겼습니다.

""내 이름이 아닌 교복을 입고도
나를 읾지 않았던 소년이 오늘 우리를 구했다""
...

""존경한다...뭉클하다...눈물이 난다...
가난했지만 훌륭하게 자라주셨다...""

감동을 담은 댓글이 천 개 넘게 달렸습니다.

◀ INT ▶ 김지성 전교조 경남지부장
""무척 어려운 환경속에서 생활하셨을 것 같고 본인의 신념이나 생각들을 지켜내기 위해서 부단히 애를 쓰셨을 것 같다.""


이름표가 다른 졸업 사진 속에는
삶의 진정성과 소박함,
어려운 환경에서도 꿋꿋하게 성장한
인생사가 담겨있었습니다.

인사청문회에서 어려운 시절을 담담하게 얘기한 그의 고백은 평범한 사람들의 삶과 아픔을
이해하고 공감하는 품성을 보여줍니다.

◀ INT ▶ 이건혁 국립창원대학교 미디어커뮤니케이션학과 교수
""우리 삶에서 긍정적인 만족감을 주고 충족감을 주고 성취감을 같이 공유할 수 있는 콘텐츠가 성공할 수 있다.""

졸업사진은 단순한 기록을 넘어 한 사람의 인생과 시대의 흔적을 담은 소중한 자료입니다.

문형배 대행의 사진 한 장이 감동을 주는 것도
그가 지금까지 일관되게 이어온 삶의 태도와
가치관을 상징적으로 보여주기 때문일 겁니다.

(s/u) 많은 사람들은 평범한 소시민으로 돌아온
문형배 권한대행의 퇴임 이후의 삶도 응원하고 있습니다.
mbc뉴스 신동식입니다.


[ MBC경남 NEWS 구독하기 ]
구독하기 : https://www.youtube.com/c/MBC경남News?sub_confirmation=1

[ MBC경남 NEWS 제보하기 ]
시청자 여러분들의 제보를 받습니다. 현장의 소리를 들으며
항상 정확한 정보를 신속하게 보도하겠습니다.

문자, 전화 제보 - 055.771.2580 / 055.250.5050
홈페이지 제보 - https://mbcjebo.com/?c=gn / https://mbcgn.kr/
카카오톡 채팅 제보 - http://pf.kakao.com/_tUxnZj/chat 

[ MBC경남 NEWS 웹사이트 ]
홈페이지 : http://www.mbcgn.kr
카카오톡: http://pf.kakao.com/_tUxnZj
페이스북 : http://www.facebook.com/withmbcgn 
인스타그램 : https://www.instagram.com/mbcgn_news",eEg4SNJ3pRw,27129,2025-04-21T12:29:32.000Z,"[mbc경남, 엠비씨경남, mbc경남 뉴스데스크, 뉴스데스크, 뉴스, news 경남뉴스 경남, 엠뉴]","문형배 교복 사진 ""감동"", ""눈물""(2025.04.21/뉴스데스크/MBC경남)",https://www.youtube.com/watch?v=eEg4SNJ3pRw,587847
news,22,때,227,KR,,ukxGfBGjd-g,10055,2025-04-21T05:52:40.000Z,,뉴스 진행하다 민주당 언론통제에 빡친 앵커,https://www.youtube.com/watch?v=ukxGfBGjd-g,118122
news,25,뉴스버스TV,2,KR,"#shorts #뉴스버스 #라이브

[세로라이브]🔴개콘보다 웃긴 국힘 경선토론 (25/04/20)

📌뉴스버스 ARS 후원▶▶1555-5508
📌뉴스버스 후원계좌▶▶신한 140-013-476854 / (주)위더미디어 
📌광고문의 010-5277-1493
뉴스버스 멤버쉽 https://www.youtube.com/channel/UCnuLphpv0sj_km95P1IZIwQ/join
뉴스버스 유튜브 https://www.youtube.com/c/뉴스버스TV
경제버스 유튜브 https://www.youtube.com/@economyversetv
뉴스버스 홈페이지 www.newsverse.kr
제보 jebobox@gmail.com

담당: 김준영",ZAxbQis05Ws,1433,2025-04-21T00:42:21.000Z,"[민주당, 더불어민주당, 한덕수, 한덕수기각, 헌법재판소, 헌재, 정국, 소용돌이, 뉴스버스, 이재명, 대등재판부, 단독재판부, 윤석열, 탄핵선고, 탄핵심판, 쟁점ON, 쟁점온, 라이브]",[세로라이브]🔴개콘보다 웃긴 국힘 경선토론 (25/04/20),https://www.youtube.com/watch?v=ZAxbQis05Ws,977692
news,25,채널A 뉴스TOP10,2294,KR,"국민의힘 B조 경선 토론회…탄핵 등 놓고 공방

일명 '죽음의 조', 이철우·나경원·홍준표·한동훈 
토론회 구도…한동훈 vs 나경원·이철우·홍준표?
韓에 돌직구 던진 洪 ""배신자 프레임 어떻게 벗어나?"" 

○ 기사 보기
https://www.ichannela.com/news/main/news_detailPage.do?publishId=000000469201

▶채널A뉴스 구독
https://www.youtube.com/tvchanews?sub_confirmation=1

[채널A 뉴스·시사 프로그램｜유튜브 라이브 방송시간]

〈평일〉
08시 00분 라디오쇼 정치시그널 (유튜브 라이브)
08시 50분 김진의 돌직구 쇼
10시 30분 김진의 더라방 (유튜브 라이브)
12시 00분 뉴스A 라이브
15시 50분 이야기 더
17시 10분 뉴스TOP10
19시 00분 뉴스A
20시 00분 라디오쇼 정치시그널 나이트(유튜브 라이브)

〈주말〉
12시 00분 토요랭킹쇼·뉴스A 라이브
17시 40분 뉴스TOP10
19시 00분 뉴스A

#국민의힘 #토론회 #채널A뉴스

▷ 홈페이지 http://www.ichannela.com/news/main/news_main.do
▷ 페이스북 https://www.facebook.com/channelanews
▷ 카카오스토리 https://story.kakao.com/ch/channelanews",UUPw4f4J6Us,1997,2025-04-20T10:08:43.000Z,"[국민의힘, 토론회, 탄핵, 채널A, cosjfdpdl, cosjfㅁ, 톱텐, xhqxps, 탑텐]",국민의힘 B조 경선 토론회…탄핵 등 놓고 공방 / 채널A / 뉴스TOP 10,https://www.youtube.com/watch?v=UUPw4f4J6Us,193603
news,24,UlsanTV-052,213,KR,,fEfnN5svIu8,25209,2025-04-11T13:18:28.000Z,,300쪽이 널 쪽 내줄께!!,https://www.youtube.com/watch?v=fEfnN5svIu8,535585
news,25, YTN,6437,KR,"그룹 뉴진스의 독자적인 활동을 금지해야 한다는 결정이 그대로 유지된다. 법원은 이번에도 뉴진스의 손을 들지 않았다. 

서울중앙지법 민사합의50부는 오늘(16일) 뉴진스 멤버들의 가처분 이의 신청에 대해 기각 결정을 내렸다. 

앞서 지난달 21일 재판부는 어도어가 뉴진스를 상대로 낸 '기획사 지위보전 및 광고계약 체결 등 금지' 가처분 신청을 전부 인용했다.

이 결정에 따라 어도어는 전속계약상 기획사 지위를 인정받게 됐고, 뉴진스는 어도어의 사전 승인 없이 독자적으로 연예 활동을 할 수 없게 됐다. 이에 NJZ라는 팀명으로 해오던 다섯 멤버들의 활동도 홍콩 공연을 끝으로 중단됐다. 
 
뉴진스 측은 ""회사와 신뢰가 완전히 파탄됐음을 충분히 고려하지 못한 결과""라고 반발하며, 법원의 결정에 불복하고 이의 제기 절차를 밟았다. 

기자: 오지원
자막편집: 박해진


▶ 기사 원문 : https://www.ytn.co.kr/_ln/0134_202504161804588471
▶ 제보 하기 : https://mj.ytn.co.kr/mj/mj_write.php

▣ YTN 유튜브 채널 구독 : http://goo.gl/Ytb5SZ

ⓒ YTN 무단 전재, 재배포금지 및 AI 데이터 활용 금지",QCNchtpd0bk,7845,2025-04-16T09:17:33.000Z,"[source:영상, type:디지털, genre:사회, format:기타, 뉴진스, 뉴진스 독자활동, 어도어, 민희진, NJZ]",법원은 이번에도 뉴진스 손을 들지 않았다....NJZ 활동 중단 [지금이뉴스] / YTN,https://www.youtube.com/watch?v=QCNchtpd0bk,1423022
news,25,JTV뉴스,3140,KR,"#현대차전주공장 #셧다운논의 #하반기셧다운 #협력업체위기 #지역경제불안 #고용유지지원금 #정부설명회 #부품업체고충 #생산라인조정

현대자동차 전주공장이
생산라인을 일부 조정하기 위해
올 하반기에 석 달간의 가동 중단,
이른바 셧다운을 논의하고 있습니다.

하지만 협력업체들은
이 기간에 매출도, 생산 인력 운영도
큰 타격이 불가피하다 보니 걱정이
이만저만이 아닙니다.

이같은 불안감을 반영하듯
정부의 지원 제도를 안내하는 설명회에는
70여 개 업체들이 대거 몰렸습니다.

최유선 기자의 보도입니다.

로봇이 기다란 알루미늄을 옮겨
구멍 사이로 파이프를 용접합니다.

알루미늄으로 자동차 부품을 만들어
납품하는 이 업체의 주 거래처는
현대자동차 전주공장.

이 업체는 현대차 전주공장이
하반기에 석 달간의 셧다운을 검토한다는
소식에 불안감을 감추지 못하고 있습니다.

[양창용 / 자동차 부품업체 부장:
매출이 줄어들다 보니까 근로자들의
고용 보장도 어려워지고요. 생산직 같은
경우에는 잔업 시간이 줄어들다 보니까
불편함이 예상이 됩니다.]

도내 현대차 1차 협력업체만 30여 곳.

2차.3차 벤더까지 더하면 수백 곳이어서
지역 경제에도 큰 파장이 예상됩니다.

(CG)현대자동차 전주공장은
회사의 중장기 발전을 위해 화물차 라인의
셧다운을 논의 중일 뿐 아직 결정된 사안은 아니라고 밝혔습니다.(CG)

현대차 측은 기존 라인을 재배치하고
새로운 라인을 설치하기 위해 내부 논의를
진행하는 것으로 알려졌습니다.

협력업체들은 시간문제로 보고 있습니다.

실제로 고용부도 협력업체들을 대상으로
고용유지지원금에 대한 설명회를
개최했습니다.

[현대차 협력업체 관계자(음성변조):
전체 매출에 대한 비중은 적지만
(현대차) 상용 제품 생산하기 위한
직원 비중은 꽤 높아요. 셧다운 됐을 때
그 부분을 어떻게 국가적인 차원에서
지원을 받을 수 있는지.]

고용노동부는 고용유지지원금을 지원하고
맞춤형 컨설팅도 진행할 계획.

[황정호 / 고용부 전주지청장:
기업들이 그(셧다운) 기간에 뭐가 필요한지
이런 것들을 수요 조사도 할 예정입니다.
여러 가지 지원 제도뿐만 아니라
노무 관리 전반에 대한 컨설팅.]

하지만 가뜩이나 경기 침체 속에
정부 지원만으로는 버티기 어렵다는 걱정이
커지면서 협력업체들의 한숨이 깊어지고
있습니다.

JTV NEWS 최유선입니다.
(JTV 전주방송)",wi6ZGzegQ1c,5389,2025-04-22T12:09:44.000Z,"[#전주, #전주방송, #전북, #전라북도, #익산, #군산, #김제, #임실, #전북코로나, #코로나, #전주뉴스, #전북뉴스, #JTV, #JTV뉴스, #SBS뉴스, #SBS, #전주한옥마을, #한옥마을, #JTV전주방송, #JTVnews, #전주SBS, #KNN, #TJB, #TBC, #YTN]",현대차 셧다운 검토...협력업체들 '좌불안석',https://www.youtube.com/watch?v=wi6ZGzegQ1c,955274
news,25,연합뉴스TV,2018,KR,"[앵커]

대법원이 더불어민주당 이재명 전 대표의 공직선거법 위반 상고심 사건을 전원합의체에 회부했습니다.

대법원은 사건의 관심도를 고려한 결정이라고 설명했는데요.

자세한 내용 취재기자 연결해 들어보겠습니다.

김태욱 기자!

[기자]

네 말씀하신 것처럼, 대법원이 더불어민주당 이재명 전 대표의 공직선거법 위반 사건을 전원합의체에 회부했습니다.

이 전 대표는 어제(21일), 검찰이 대법원에 낸 상고 이유서에 대한 답변서를 제출했는데요.

대법원은 답변서 제출 하루만에 오늘 이 전 대표 사건을 오경미, 권영준, 엄상필 대법관으로 구성된 2부에 배당하고 박영재 대법관을 주심으로 결정했는데, 배정 직후 사건을 전원합의체에 회부했습니다.

대법관 4명으로 구성된 소부에서 의견 일치가 이뤄지지 않거나 판례의 해석이나 적용에 관한 의견을 변경할 필요가 있는 중요 사건 등일 경우 전원합의체에 회부하는데요.

이번 사건의 경우 소부에서 올리는 형식이 아니라 조희대 대법원장이 대법관들의 의견을 들어 전원합의체 합의기일에서 심리할 필요성이 있다고 판단해 전합에 회부하게 한 것으로 파악됐습니다.

대법원은 이 전 대표 선거법 위반 사건이 국민적 관심도가 높은 주요 사건이자 사회 파급효과 등 여러가지를 고려했다며 전원합의체 회부 결정 배경을 설명했습니다.

전원합의체 사건에는 조희대 대법원장 등 대법관 등 13명이 심리에 나설 예정인 가운데, 중앙선거관리위원장을 겸직하고 있는 노태악 대법관은 선거법 사건임에 따라 회피신청을 했습니다.

이 전 대표의 공직선거법 위반 관련 대법원 전원합의체 판결은 지난 2020년 7월 이후 두 번째입니다.

지난 2020년 대법원 전원합의체는 이재명 당시 경기지사의 허위사실 공표혐의에 대해 7대 5 의견으로 무죄 취지 파기 환송한 바 있습니다.

공직선거법은 항소심 판결 3개월 안에 대법원 선고를 하도록 규정하는 가운데, 원칙대로라면 대법원은 6월 26일까지 선고를 내려야 합니다.

특히 6월 3일 대선일 전에 선고가 나올지가 관건인데, 전원합의체 심리를 위한 합의기일 지정 절차를 진행해야 하는 등의 과정이 있어 대선 전에 선고가 나오기는 쉽지 않을 것이란 관측이 나옵니다.

지금까지 보도국에서 전해드렸습니다.

#이재명 #상고심 #대법원 #전원합의체

▣ 연합뉴스TV 두번째 채널 '연유티' 구독하기
https://bit.ly/3yZBQfA

▣ 연합뉴스TV 유튜브 채널 구독
https://goo.gl/VuCJMi

▣ 대한민국 뉴스의 시작 연합뉴스TV / Yonhap News TV
http://www.yonhapnewstv.co.kr/",bS84i1j6Oew,3830,2025-04-22T05:01:58.000Z,,이재명 선거법 전원합의체로…조희대 대법원장이 회부 / 연합뉴스TV (YonhapnewsTV),https://www.youtube.com/watch?v=bS84i1j6Oew,339775
news,25,신인균의 국방TV,353,KR,,ZSjHejE9_-4,27042,2025-04-21T21:00:29.000Z,"[휴전협상, 크림반도, 하마스, 이란공격, 이란공습, 이란핵, 이란핵협상, 이란 비핵화, 패트리어트, PAC-3, 광물협정, 자포리자원전, 자포리자NPP, 전후 재건사업, 신인균, 신인균의 국방TV, 신인균의 군사TV, 신인균TV, 디펜스브리핑, 시큐리티뉴스, 알기쉬운무기백과, 위클리 디펜스, 한국군무기대백과, 항공전, K-2, 흑표, K-9, KFX, KF-21, AS-21, 보라매, FA-50, 쿠르스크 북한군, 대포밥, 총알받이, 타우러스, 자폭드론, 스톰Z, FPV드론, M1A1, 에이브람스, 브래들리, GMLRS, T-90, T-80, T-72, Mig-29, Su-35, Su-34, Su-25, 하이마스, MLRS, HIMARS, 에이테킴스, ATACMS, 스톰쉐도우]","젤렌스키, 트럼프 설득 성공! 우크라에 미군 보낸다!",https://www.youtube.com/watch?v=ZSjHejE9_-4,208630
