channelImage,channelLink,channelName,rank,thumbnailUrl,videoLink
https://i.playboard.app/p/211bb8c95e4185a59d4c9dd93a5a6e27/100x100.jpg,https://youtube.com/channel/UCiVs2pnGW5mLIc1jS2nxhjg,김프로KIMPRO,1,https://img.youtube.com/vi/jod-6PuAVQI/mqdefault.jpg,https://youtube.com/video/jod-6PuAVQI?channelId=UCiVs2pnGW5mLIc1jS2nxhjg
https://i.playboard.app/p/JvNGk1DSwYDCLjyRZYZK1lSkFBSgawOf7RXc33tNuiT7kfAmzkSKO_O0OeaPAdEdiyQOH7XBEw/100x100.jpg,https://youtube.com/channel/UCj2RJkSyo6Ud2_nWQAhdsrw,Clutchmaker,2,https://img.youtube.com/vi/Vonw1jYcldQ/mqdefault.jpg,https://youtube.com/video/Vonw1jYcldQ?channelId=UCj2RJkSyo6Ud2_nWQAhdsrw
https://i.playboard.app/p/p_TzMY_9ZD6SloHm0gOizOC7zQ-W1ZgmZrKLrGu73W6awgdKSwccPBXaKZBpVhaHm72xHd7-xA/100x100.jpg,https://youtube.com/channel/UC_QyROt6pCllCR_If616k1w,Oopsie Heroes,3,https://img.youtube.com/vi/pTrtifvWbug/mqdefault.jpg,https://youtube.com/video/pTrtifvWbug?channelId=UC_QyROt6pCllCR_If616k1w
https://i.playboard.app/p/tPAX3yzPK_Ad1epi204CfMEiz6hjnMeF2uiAYIWeYu0MOzRcPkUNrYYw0zde1JkikIlQqOv0GQ/100x100.jpg,https://youtube.com/channel/UC8TCA15kPzNw9ppRaVZ937w,Byungari 병아리언니,4,https://img.youtube.com/vi/ohUvlaVlqIA/mqdefault.jpg,https://youtube.com/video/ohUvlaVlqIA?channelId=UC8TCA15kPzNw9ppRaVZ937w
https://i.playboard.app/p/TT_lXW2apYItsQsT9FsKt5LUymm83sRK4GxVTrdDGZESxNo49VBCvdtbxehUspINVQ43MrYs/100x100.jpg,https://youtube.com/channel/UCfn4ZZuQHGkNg8PZtNNRIIg,예능내컷,5,https://img.youtube.com/vi/HmRsyyHelCk/mqdefault.jpg,https://youtube.com/video/HmRsyyHelCk?channelId=UCfn4ZZuQHGkNg8PZtNNRIIg
https://i.playboard.app/p/s5024tvRx9ggN8tzriZy07XTs-QMAkfM4vfMjA5JZ-KqMK6kqI_KH58TeoVy-US-0k8lQJ8Wsw/100x100.jpg,https://youtube.com/channel/UC5Pp10heuLzGzkYJaV64nrQ,Banana Monkey,6,https://img.youtube.com/vi/HViyTtXzZik/mqdefault.jpg,https://youtube.com/video/HViyTtXzZik?channelId=UC5Pp10heuLzGzkYJaV64nrQ
https://i.playboard.app/p/n0Hw5a-3GavfsQVUX42vg9qGPFr5pd8XwearBB7ntMJWMUam0_DXaWiYNvcBiDBTD8AbYIkvMQ/100x100.jpg,https://youtube.com/channel/UCvtEf7lPZc2ApkWED0m_MsA,심슨극장,7,https://img.youtube.com/vi/RKBz6a280xQ/mqdefault.jpg,https://youtube.com/video/RKBz6a280xQ?channelId=UCvtEf7lPZc2ApkWED0m_MsA
https://i.playboard.app/p/LlBsYobQUZoQVIf9qacRNOQwoooMVcRfBsK6-cutln-OHosIHT1erYDh4aZySFAPoJYxQ24T/100x100.jpg,https://youtube.com/channel/UClcSZi2W0ju8Aeo1XDxqB_A,남진 Douyin Makeup,8,https://img.youtube.com/vi/IWRfy3jQu-U/mqdefault.jpg,https://youtube.com/video/IWRfy3jQu-U?channelId=UClcSZi2W0ju8Aeo1XDxqB_A
https://i.playboard.app/p/HwT5SyWsFAtL_b5KgetwEIOSAIlOm2m3wGbr80Eb3TENovC9d5FdeHKyX4K0Z2EWlQEx0alSZxk/100x100.jpg,https://youtube.com/channel/UCu0b6ODtYia0snp9JE4UUDw,세상만사,9,https://img.youtube.com/vi/JJbV7Uw4-zQ/mqdefault.jpg,https://youtube.com/video/JJbV7Uw4-zQ?channelId=UCu0b6ODtYia0snp9JE4UUDw
https://i.playboard.app/p/7ac880e5fc1fbd29d4fa1236454a9354/100x100.jpg,https://youtube.com/channel/UCYbe-39wG9q9vxnAOe5pDlw,락과장 Rock manager,10,https://img.youtube.com/vi/Hwq0jhbJAus/mqdefault.jpg,https://youtube.com/video/Hwq0jhbJAus?channelId=UCYbe-39wG9q9vxnAOe5pDlw
https://i.playboard.app/p/k4Xub3BcGpx_A0YxI-ctIK9HVGvsdc3G-MrLBlrBR2uMuBOAJOytISxTPS4dUbPwWxGwXxLw9A/100x100.jpg,https://youtube.com/channel/UCArLZtok93cO5R9RI4_Y5Jw,ENHYPEN,11,https://img.youtube.com/vi/9xGk8QiT-ac/mqdefault.jpg,https://youtube.com/video/9xGk8QiT-ac?channelId=UCArLZtok93cO5R9RI4_Y5Jw
https://i.playboard.app/p/U0OzJPH8EQh1FtPjgY9VXNZJlZujGW6zaY5kkVHvKlbdndAwXvg0t19ODo2FNTDVyxO2B8cpCw/100x100.jpg,https://youtube.com/channel/UCZPE1V2FDT0xxzj3N4JQ2pg,아이브일기,12,https://img.youtube.com/vi/5T7JhH0wQ6k/mqdefault.jpg,https://youtube.com/video/5T7JhH0wQ6k?channelId=UCZPE1V2FDT0xxzj3N4JQ2pg
https://i.playboard.app/p/aHhAuT0s0sChoErYOY4P7tEcM2_e-lVAIym7usi_3MU09O2RWzkjXShuIsr1p4KO7pa-Yn5V/100x100.jpg,https://youtube.com/channel/UCx9wYc2f9BGZV9j_45jG7BA,감성쉼표,13,https://img.youtube.com/vi/wV59b3ROCKQ/mqdefault.jpg,https://youtube.com/video/wV59b3ROCKQ?channelId=UCx9wYc2f9BGZV9j_45jG7BA
https://i.playboard.app/p/AAUvwnh4Zy5wIK7Wq8XYk2h8xQfBG7YJQbv2in1aAeRb/100x100.jpg,https://youtube.com/channel/UC_EngQdug6VcxZ3xcqgnWug,김준표,14,https://img.youtube.com/vi/MreV3fyf4ew/mqdefault.jpg,https://youtube.com/video/MreV3fyf4ew?channelId=UC_EngQdug6VcxZ3xcqgnWug
https://i.playboard.app/p/9VfOqIVpN9oWtEij7XX8-CQvNg9bOzq5own0bOgw478LuKmy_p1mMiAofnVCy_Bv29agl_ZFOQ/100x100.jpg,https://youtube.com/channel/UCZFcFctM016HhgY4M5Txr7w,정치한수,15,https://img.youtube.com/vi/Acpuk5xSsbs/mqdefault.jpg,https://youtube.com/video/Acpuk5xSsbs?channelId=UCZFcFctM016HhgY4M5Txr7w
https://i.playboard.app/p/pCfuQsfhHv4zJ2v1GuSgeU-WzeQ6QukasVy1ISnocdHoQjRqxCSy1MeP5QsoPTWbojWiWA_pKzk/100x100.jpg,https://youtube.com/channel/UC85uWIuMFUPcDgSQgW7wIzw,지식의행복,16,https://img.youtube.com/vi/sJ6lWVLOGYE/mqdefault.jpg,https://youtube.com/video/sJ6lWVLOGYE?channelId=UC85uWIuMFUPcDgSQgW7wIzw
https://i.playboard.app/p/q8HDFGyZCQ9EI0JlsU1tLk1rRD5y9NhaMNFbZmNgxOcW3paavSbReNSfkIaRPuGuFJw8q9ZM/100x100.jpg,https://youtube.com/channel/UCyCKK2U-R_LF0oOnmS5-bjg,한컷무빕,17,https://img.youtube.com/vi/JwUwj1deRTc/mqdefault.jpg,https://youtube.com/video/JwUwj1deRTc?channelId=UCyCKK2U-R_LF0oOnmS5-bjg
https://i.playboard.app/p/f577e40c7b5c6c2b7a67debb2f42f433/100x100.jpg,https://youtube.com/channel/UCPDKAhacqpqmP7aXWem3_Jg,지식줄고양,18,https://img.youtube.com/vi/_LflhkWyPug/mqdefault.jpg,https://youtube.com/video/_LflhkWyPug?channelId=UCPDKAhacqpqmP7aXWem3_Jg
https://i.playboard.app/p/jdXEtfXU-LCgHJ3Q-chPGB8-sNnKR3boIp0lI68G4cWbSwdQTBZT2kwVuqQvwkrDku0YW8ZZ/100x100.jpg,https://youtube.com/channel/UCZvVdQIgAUHzVM-C0DrM3MA,김뻘tv,19,https://img.youtube.com/vi/CElVdj75K30/mqdefault.jpg,https://youtube.com/video/CElVdj75K30?channelId=UCZvVdQIgAUHzVM-C0DrM3MA
https://i.playboard.app/p/y02Pz0u7VnlJeVGKp2Z_T8PS-8fh2ZUv5wOwJI86um9jIZyOM_JPUo6sq9xFsQ2LRkLMnM5IIQ/100x100.jpg,https://youtube.com/channel/UClQtsx2S_H9WWKmU83DOH3A,온무비,20,https://img.youtube.com/vi/IAgxoFpH5us/mqdefault.jpg,https://youtube.com/video/IAgxoFpH5us?channelId=UClQtsx2S_H9WWKmU83DOH3A
