channelImage,channelLink,channelName,rank,thumbnailUrl,videoLink
https://i.playboard.app/p/211bb8c95e4185a59d4c9dd93a5a6e27/100x100.jpg,https://youtube.com/channel/UCiVs2pnGW5mLIc1jS2nxhjg,김프로KIMPRO,1,https://img.youtube.com/vi/DxD_3wQhSKE/mqdefault.jpg,https://youtube.com/video/DxD_3wQhSKE?channelId=UCiVs2pnGW5mLIc1jS2nxhjg
https://i.playboard.app/p/JvNGk1DSwYDCLjyRZYZK1lSkFBSgawOf7RXc33tNuiT7kfAmzkSKO_O0OeaPAdEdiyQOH7XBEw/100x100.jpg,https://youtube.com/channel/UCj2RJkSyo6Ud2_nWQAhdsrw,Clutchmaker,2,https://img.youtube.com/vi/hC4oMhQH9QY/mqdefault.jpg,https://youtube.com/video/hC4oMhQH9QY?channelId=UCj2RJkSyo6Ud2_nWQAhdsrw
https://i.playboard.app/p/p_TzMY_9ZD6SloHm0gOizOC7zQ-W1ZgmZrKLrGu73W6awgdKSwccPBXaKZBpVhaHm72xHd7-xA/100x100.jpg,https://youtube.com/channel/UC_QyROt6pCllCR_If616k1w,Oopsie Heroes,3,https://img.youtube.com/vi/pTrtifvWbug/mqdefault.jpg,https://youtube.com/video/pTrtifvWbug?channelId=UC_QyROt6pCllCR_If616k1w
https://i.playboard.app/p/tPAX3yzPK_Ad1epi204CfMEiz6hjnMeF2uiAYIWeYu0MOzRcPkUNrYYw0zde1JkikIlQqOv0GQ/100x100.jpg,https://youtube.com/channel/UC8TCA15kPzNw9ppRaVZ937w,Byungari 병아리언니,4,https://img.youtube.com/vi/qasjezB2z04/mqdefault.jpg,https://youtube.com/video/qasjezB2z04?channelId=UC8TCA15kPzNw9ppRaVZ937w
https://i.playboard.app/p/TT_lXW2apYItsQsT9FsKt5LUymm83sRK4GxVTrdDGZESxNo49VBCvdtbxehUspINVQ43MrYs/100x100.jpg,https://youtube.com/channel/UCfn4ZZuQHGkNg8PZtNNRIIg,예능내컷,5,https://img.youtube.com/vi/rWq7vzJRaKk/mqdefault.jpg,https://youtube.com/video/rWq7vzJRaKk?channelId=UCfn4ZZuQHGkNg8PZtNNRIIg
https://i.playboard.app/p/s5024tvRx9ggN8tzriZy07XTs-QMAkfM4vfMjA5JZ-KqMK6kqI_KH58TeoVy-US-0k8lQJ8Wsw/100x100.jpg,https://youtube.com/channel/UC5Pp10heuLzGzkYJaV64nrQ,Banana Monkey,6,https://img.youtube.com/vi/ih6g8oiDSQ4/mqdefault.jpg,https://youtube.com/video/ih6g8oiDSQ4?channelId=UC5Pp10heuLzGzkYJaV64nrQ
https://i.playboard.app/p/n0Hw5a-3GavfsQVUX42vg9qGPFr5pd8XwearBB7ntMJWMUam0_DXaWiYNvcBiDBTD8AbYIkvMQ/100x100.jpg,https://youtube.com/channel/UCvtEf7lPZc2ApkWED0m_MsA,심슨극장,7,https://img.youtube.com/vi/sQt3RyrPm0M/mqdefault.jpg,https://youtube.com/video/sQt3RyrPm0M?channelId=UCvtEf7lPZc2ApkWED0m_MsA
https://i.playboard.app/p/NxxJCbA6V-JHuuLxdmMXUc4UXRZFlJl-rmP3RDefite5Nlis5wiFSf-jdDybbYzrEPDTEIbsDA/100x100.jpg,https://youtube.com/channel/UClcSZi2W0ju8Aeo1XDxqB_A,남진 Douyin Makeup,8,https://img.youtube.com/vi/JbhTtJvrSRY/mqdefault.jpg,https://youtube.com/video/JbhTtJvrSRY?channelId=UClcSZi2W0ju8Aeo1XDxqB_A
https://i.playboard.app/p/HwT5SyWsFAtL_b5KgetwEIOSAIlOm2m3wGbr80Eb3TENovC9d5FdeHKyX4K0Z2EWlQEx0alSZxk/100x100.jpg,https://youtube.com/channel/UCu0b6ODtYia0snp9JE4UUDw,세상만사,9,https://img.youtube.com/vi/mmspUgxs5E8/mqdefault.jpg,https://youtube.com/video/mmspUgxs5E8?channelId=UCu0b6ODtYia0snp9JE4UUDw
https://i.playboard.app/p/7ac880e5fc1fbd29d4fa1236454a9354/100x100.jpg,https://youtube.com/channel/UCYbe-39wG9q9vxnAOe5pDlw,락과장 Rock manager,10,https://img.youtube.com/vi/Hwq0jhbJAus/mqdefault.jpg,https://youtube.com/video/Hwq0jhbJAus?channelId=UCYbe-39wG9q9vxnAOe5pDlw
https://i.playboard.app/p/k4Xub3BcGpx_A0YxI-ctIK9HVGvsdc3G-MrLBlrBR2uMuBOAJOytISxTPS4dUbPwWxGwXxLw9A/100x100.jpg,https://youtube.com/channel/UCArLZtok93cO5R9RI4_Y5Jw,ENHYPEN,11,https://img.youtube.com/vi/q10MFa7XGLE/mqdefault.jpg,https://youtube.com/video/q10MFa7XGLE?channelId=UCArLZtok93cO5R9RI4_Y5Jw
https://i.playboard.app/p/U0OzJPH8EQh1FtPjgY9VXNZJlZujGW6zaY5kkVHvKlbdndAwXvg0t19ODo2FNTDVyxO2B8cpCw/100x100.jpg,https://youtube.com/channel/UCZPE1V2FDT0xxzj3N4JQ2pg,아이브일기,12,https://img.youtube.com/vi/Oqwmkj4APeM/mqdefault.jpg,https://youtube.com/video/Oqwmkj4APeM?channelId=UCZPE1V2FDT0xxzj3N4JQ2pg
https://i.playboard.app/p/aHhAuT0s0sChoErYOY4P7tEcM2_e-lVAIym7usi_3MU09O2RWzkjXShuIsr1p4KO7pa-Yn5V/100x100.jpg,https://youtube.com/channel/UCx9wYc2f9BGZV9j_45jG7BA,감성쉼표,13,https://img.youtube.com/vi/ZvFStLRW3Us/mqdefault.jpg,https://youtube.com/video/ZvFStLRW3Us?channelId=UCx9wYc2f9BGZV9j_45jG7BA
https://i.playboard.app/p/AAUvwnh4Zy5wIK7Wq8XYk2h8xQfBG7YJQbv2in1aAeRb/100x100.jpg,https://youtube.com/channel/UC_EngQdug6VcxZ3xcqgnWug,김준표,14,https://img.youtube.com/vi/QgANloqg_FY/mqdefault.jpg,https://youtube.com/video/QgANloqg_FY?channelId=UC_EngQdug6VcxZ3xcqgnWug
https://i.playboard.app/p/9VfOqIVpN9oWtEij7XX8-CQvNg9bOzq5own0bOgw478LuKmy_p1mMiAofnVCy_Bv29agl_ZFOQ/100x100.jpg,https://youtube.com/channel/UCZFcFctM016HhgY4M5Txr7w,정치한수,15,https://img.youtube.com/vi/9mEBck53lTg/mqdefault.jpg,https://youtube.com/video/9mEBck53lTg?channelId=UCZFcFctM016HhgY4M5Txr7w
https://i.playboard.app/p/pCfuQsfhHv4zJ2v1GuSgeU-WzeQ6QukasVy1ISnocdHoQjRqxCSy1MeP5QsoPTWbojWiWA_pKzk/100x100.jpg,https://youtube.com/channel/UC85uWIuMFUPcDgSQgW7wIzw,지식의행복,16,https://img.youtube.com/vi/hauBLuFhsh0/mqdefault.jpg,https://youtube.com/video/hauBLuFhsh0?channelId=UC85uWIuMFUPcDgSQgW7wIzw
https://i.playboard.app/p/q8HDFGyZCQ9EI0JlsU1tLk1rRD5y9NhaMNFbZmNgxOcW3paavSbReNSfkIaRPuGuFJw8q9ZM/100x100.jpg,https://youtube.com/channel/UCyCKK2U-R_LF0oOnmS5-bjg,한컷무빕,17,https://img.youtube.com/vi/h1c2Vi1Tb2c/mqdefault.jpg,https://youtube.com/video/h1c2Vi1Tb2c?channelId=UCyCKK2U-R_LF0oOnmS5-bjg
https://i.playboard.app/p/f577e40c7b5c6c2b7a67debb2f42f433/100x100.jpg,https://youtube.com/channel/UCPDKAhacqpqmP7aXWem3_Jg,지식줄고양,18,https://img.youtube.com/vi/072Yql8STZ4/mqdefault.jpg,https://youtube.com/video/072Yql8STZ4?channelId=UCPDKAhacqpqmP7aXWem3_Jg
https://i.playboard.app/p/jdXEtfXU-LCgHJ3Q-chPGB8-sNnKR3boIp0lI68G4cWbSwdQTBZT2kwVuqQvwkrDku0YW8ZZ/100x100.jpg,https://youtube.com/channel/UCZvVdQIgAUHzVM-C0DrM3MA,김뻘tv,19,https://img.youtube.com/vi/OmjP4U_8AhI/mqdefault.jpg,https://youtube.com/video/OmjP4U_8AhI?channelId=UCZvVdQIgAUHzVM-C0DrM3MA
https://i.playboard.app/p/y02Pz0u7VnlJeVGKp2Z_T8PS-8fh2ZUv5wOwJI86um9jIZyOM_JPUo6sq9xFsQ2LRkLMnM5IIQ/100x100.jpg,https://youtube.com/channel/UClQtsx2S_H9WWKmU83DOH3A,온무비,20,https://img.youtube.com/vi/7wvwj8lZP90/mqdefault.jpg,https://youtube.com/video/7wvwj8lZP90?channelId=UClQtsx2S_H9WWKmU83DOH3A
