channelImage,channelLink,channelName,rank,thumbnailUrl,videoLink
https://i.playboard.app/p/G2lASKfm7KYhJP1l_qdeR5bPimAkRW5Q8z_ePYAX-uxSf_SdknnHNvHQ0G4vSoVD5kVTgLmq/100x100.jpg,https://youtube.com/channel/UCnXNukjRxXGD8aeZGRV-lYg,스포타임,1,https://img.youtube.com/vi/8wslsCICEWM/mqdefault.jpg,https://youtube.com/video/8wslsCICEWM?channelId=UCnXNukjRxXGD8aeZGRV-lYg
https://i.playboard.app/p/zsnA2VTKUZ3CExolay-SqxMB19W_z3ZJFKNt4vhOPtkm9uaoEwO0BSTZGMx27ZYQ7_J_4eJCMIk/100x100.jpg,https://youtube.com/channel/UCtm_QoN2SIxwCE-59shX7Qg,SPOTV,2,https://img.youtube.com/vi/3ytTgP9tw2w/mqdefault.jpg,https://youtube.com/video/3ytTgP9tw2w?channelId=UCtm_QoN2SIxwCE-59shX7Qg
https://i.playboard.app/p/sJr0eRhPbP7ymXd69yPb6CubaFQcmzsUAe568Q49mnKLffQ9V6-RkgRxgMzyTwUavNdRBoRjCg/100x100.jpg,https://youtube.com/channel/UC9_093tAK3bXyZfT84efbvg,esports KBS,3,https://img.youtube.com/vi/PJSlVmQELgk/mqdefault.jpg,https://youtube.com/video/PJSlVmQELgk?channelId=UC9_093tAK3bXyZfT84efbvg
https://i.playboard.app/p/B5wZvbrvLTPx7iJZHKaFm-rAgtUb9Vto4OnxjIKdGpKQKiYtfxZp09Gwcgzy7-Hv5p7ciggEpw/100x100.jpg,https://youtube.com/channel/UC8JtQf77wqhVpOQ8Cze8JjA,TVING SPORTS,4,https://img.youtube.com/vi/pIMoTFr8wGU/mqdefault.jpg,https://youtube.com/video/pIMoTFr8wGU?channelId=UC8JtQf77wqhVpOQ8Cze8JjA
https://i.playboard.app/p/hZcW6I8itRtid8LqBjip9Fg5OGZENTl0BmFk8wX55_PoxlCJ2nUOVq4Jm0o0-_NGKbF6WTGAng/100x100.jpg,https://youtube.com/channel/UCxeQfsDEU61GVOERyNDlLFg,야구채널S,5,https://img.youtube.com/vi/aDWlaxTByMQ/mqdefault.jpg,https://youtube.com/video/aDWlaxTByMQ?channelId=UCxeQfsDEU61GVOERyNDlLFg
https://i.playboard.app/p/B9wwsvK3jRoF7LIVQbFXaokckRPv8zSOzz-ygpFI9jawrJkjfRvg1_rpen7Mi95ZbvJUqd4U5w/100x100.jpg,https://youtube.com/channel/UCoVz66yWHzVsXAFG8WhJK9g,KBO,6,https://img.youtube.com/vi/7X3QB0j9XbQ/mqdefault.jpg,https://youtube.com/video/7X3QB0j9XbQ?channelId=UCoVz66yWHzVsXAFG8WhJK9g
https://i.playboard.app/p/nhMii66i913mgX2HFAvXTFYB2jsq23cCnrB7DQzeK2zfL0nH2ixn_zxHgo18o_MP1D-wLuQGMg/100x100.jpg,https://youtube.com/channel/UCWNwt0rDDKKMG9YYy5ivD0w,비더스(Behind The Sports),7,https://img.youtube.com/vi/lp_iGWGTlSw/mqdefault.jpg,https://youtube.com/video/lp_iGWGTlSw?channelId=UCWNwt0rDDKKMG9YYy5ivD0w
https://i.playboard.app/p/1a21c2ca2bb08c83e197e14665b28d9e/100x100.jpg,https://youtube.com/channel/UC12XQWcIlaavjjbhh6EeMJw,SBS Golf,8,https://img.youtube.com/vi/Fca2NGR33wE/mqdefault.jpg,https://youtube.com/video/Fca2NGR33wE?channelId=UC12XQWcIlaavjjbhh6EeMJw
https://i.playboard.app/p/DER5Wqgz777rVyKJ1vS7-StMaAw-Fq_0iuHvaqyvLlQQ8aAa1jY4T_GSBtMsRAUsNzk7uHCgbu8/100x100.jpg,https://youtube.com/channel/UCdq4Ji3772xudYRUatdzRrg,Eagles TV,9,https://img.youtube.com/vi/qYp51_rLCwM/mqdefault.jpg,https://youtube.com/video/qYp51_rLCwM?channelId=UCdq4Ji3772xudYRUatdzRrg
https://i.playboard.app/p/z5dt247yLnIVrwRSmJmle5nrW7zAc6NYEAVUzgz3rhW7A5anJGGHwpZfhkjV2crQ2bGWmNZypw/100x100.jpg,https://youtube.com/channel/UCtctOXlHYeQyuXSgW861nMA,팀일루션 노성율,10,https://img.youtube.com/vi/LjEpvcE19yc/mqdefault.jpg,https://youtube.com/video/LjEpvcE19yc?channelId=UCtctOXlHYeQyuXSgW861nMA
https://i.playboard.app/p/sbfiGFQgoDNQ-PcJYJiZakMyyE8UFxyGBN27k3EfAdXufm5wMX4-ZF2FWRFlpkqozO2_f4yj/100x100.jpg,https://youtube.com/channel/UCClLLvoBJN2mpeSnx6-Danw,스포츠야미 SportsYummy,11,https://img.youtube.com/vi/0olw7hRVRTo/mqdefault.jpg,https://youtube.com/video/0olw7hRVRTo?channelId=UCClLLvoBJN2mpeSnx6-Danw
https://i.playboard.app/p/dLcTA9J3r2DXMHCY1Og6-2WkyM1F9fQxhEdycAc8PhU9kaz5MZcVjrojMJ__tDZDPhuw9GSl/100x100.jpg,https://youtube.com/channel/UCXR22tiec8MfTlUp4JXOzNg,SPORTYMEDIA,12,https://img.youtube.com/vi/8LFh7d3-b4A/mqdefault.jpg,https://youtube.com/video/8LFh7d3-b4A?channelId=UCXR22tiec8MfTlUp4JXOzNg
https://i.playboard.app/p/GlJp4ut5hlDak7EDy6NuIFosgLV9DsKuzVdXl_XbrS-MSLJcpEAtoukrR1b1qArRviVzdEqEZA/100x100.jpg,https://youtube.com/channel/UCYuXe8y4Hsz1-flloFBJt5Q,도블락 GK Doblock,13,https://img.youtube.com/vi/K1qEHfHzhec/mqdefault.jpg,https://youtube.com/video/K1qEHfHzhec?channelId=UCYuXe8y4Hsz1-flloFBJt5Q
https://i.playboard.app/p/94978227029e1513e375d7b48f1d3ba9/100x100.jpg,https://youtube.com/channel/UC270ueFEsQ21S26TYI_9yVA,야신야덕,14,https://img.youtube.com/vi/m85zBuqvq6w/mqdefault.jpg,https://youtube.com/video/m85zBuqvq6w?channelId=UC270ueFEsQ21S26TYI_9yVA
https://i.playboard.app/p/UYnCejhgkbj1cZ8T_tD76F_SrQOwKPBnmGHDyDV9HRR2gbY1seF5_mY5rBRwPzkMsBsK2mKj2DI/100x100.jpg,https://youtube.com/channel/UCtPGhhVUK5FfMDc4afuEftQ,Crac_ftbl,15,https://img.youtube.com/vi/_4SFkjPPq9U/mqdefault.jpg,https://youtube.com/video/_4SFkjPPq9U?channelId=UCtPGhhVUK5FfMDc4afuEftQ
https://i.playboard.app/p/ezxim3Uc2Sk5lSTzFKev9nWpE2Ezpy0fSBZWZMs8O_uS_adKTOUFd8iku9Vq-S2n6bd72x_VXQ/100x100.jpg,https://youtube.com/channel/UCUlLUfIFiJOZxAk689xh_Cw,Let's Play Tennis,16,https://img.youtube.com/vi/3Di-SuVHuIM/mqdefault.jpg,https://youtube.com/video/3Di-SuVHuIM?channelId=UCUlLUfIFiJOZxAk689xh_Cw
https://i.playboard.app/p/1KkbXFZ_37Nzp05IvWgoymyW73B4KXJK4J3DbT2VLBxs5BxIQ4GQgB_zz3eqOJMh7ox1Fihasfc/100x100.jpg,https://youtube.com/channel/UCn9mJ4htO64-1osMWYu9k5Q,이스타TV,17,https://img.youtube.com/vi/F4NuSRAyy1M/mqdefault.jpg,https://youtube.com/video/F4NuSRAyy1M?channelId=UCn9mJ4htO64-1osMWYu9k5Q
https://i.playboard.app/p/5BImhUU_VDTSWTG8fFpyoyqpWSzsY9I6FxJ74xnU7m39vPAV5UdV4-673Srh-BRwN1I2C52F/100x100.jpg,https://youtube.com/channel/UCFv9Ya7VM0Gf22poNdI-qMA,잡생각,18,https://img.youtube.com/vi/zDpE4TBJo4E/mqdefault.jpg,https://youtube.com/video/zDpE4TBJo4E?channelId=UCFv9Ya7VM0Gf22poNdI-qMA
https://i.playboard.app/p/OOzM2xahsXFFnoOn6svaCIGHdhf-8U_hK3BQ6wNxBI2WYiMUjwv2J91CcY505LJM7wu4LkgH/100x100.jpg,https://youtube.com/channel/UCYy6GvN4G24MrKXuTVHzWzg,iCLOO Golf,19,https://img.youtube.com/vi/0fUBbvQZ1DE/mqdefault.jpg,https://youtube.com/video/0fUBbvQZ1DE?channelId=UCYy6GvN4G24MrKXuTVHzWzg
https://i.playboard.app/p/APkrFKbBv1g57KuXg6gECpsAR-d8jz4o38hvwsPCpE_tgQ/100x100.jpg,https://youtube.com/channel/UC2nsP5D6eG2RSFLqA24AAsw,CheerS & Sports,20,https://img.youtube.com/vi/nCH9QBG4Ux0/mqdefault.jpg,https://youtube.com/video/nCH9QBG4Ux0?channelId=UC2nsP5D6eG2RSFLqA24AAsw
