channelImage,channelLink,channelName,rank,thumbnailUrl,videoLink
https://i.playboard.app/p/LRnsU-1U8Q67CaEIwT7004BQCm-RPXWPE9mOjZHsXB9OeEkR_UmZ0zXw0fnRZSYly_5FWZ-kgQ/100x100.jpg,https://youtube.com/channel/UCdfLYTefC45wVJTxF0Yg_wg,Ăn Vặt Tuổi Thơ,1,https://img.youtube.com/vi/99yKi63IcYQ/mqdefault.jpg,https://youtube.com/video/99yKi63IcYQ?channelId=UCdfLYTefC45wVJTxF0Yg_wg
https://i.playboard.app/p/T_BbekPbQecAQoQX967wUz0Sx79rhm9h9Mc5TvATZe39pTXuVIRWH2ND1m9yHyemZzUl_w5VzA/100x100.jpg,https://youtube.com/channel/UCyGlHNYIsiXV47jUbvYA5DQ,쿨 아이템 공식,2,https://img.youtube.com/vi/5-UHxtWFaO8/mqdefault.jpg,https://youtube.com/video/5-UHxtWFaO8?channelId=UCyGlHNYIsiXV47jUbvYA5DQ
https://i.playboard.app/p/meDHzBYhjMqjoeq2oO4fKV47p0GjB9RELlmx-_TVKiWwiNH3I2fQdrI4NCCGNxskJivLXQJc/100x100.jpg,https://youtube.com/channel/UCtgNbEk4vWJoH0GMghF3tPQ,FuFu Squishy,3,https://img.youtube.com/vi/g3j3_ANAbbw/mqdefault.jpg,https://youtube.com/video/g3j3_ANAbbw?channelId=UCtgNbEk4vWJoH0GMghF3tPQ
https://i.playboard.app/p/hrk3a-5fMDWt-K_d-7L1dftxuvaBBZ2jsTGugOlg_EolzaT_QpkFlu4fWHwVsCWMGIWzGth_yuA/100x100.jpg,https://youtube.com/channel/UCPrYW-fTzqA0lW4dnRe3OnA,Fun Fun TV,4,https://img.youtube.com/vi/3qII5ORUsok/mqdefault.jpg,https://youtube.com/video/3qII5ORUsok?channelId=UCPrYW-fTzqA0lW4dnRe3OnA
https://i.playboard.app/p/yyD-2F5Q_rMS0fI6aRi1gY1FwvqXByZogTRC_gdRhDwODltxcpDLpdsfSR5vkym9Ezab0QF0Lw/100x100.jpg,https://youtube.com/channel/UCCWcq0EVQvJrLxytlgGlDeg,노동자의 비전,5,https://img.youtube.com/vi/YvogABKrubg/mqdefault.jpg,https://youtube.com/video/YvogABKrubg?channelId=UCCWcq0EVQvJrLxytlgGlDeg
https://i.playboard.app/p/vgiCAdq-VmwDeR-JrlJZq6lgtoPrpIWZ0oRMD2APZc2PVGwewWlyOShayMBzLQp4tYhuJCN1/100x100.jpg,https://youtube.com/channel/UCctYlNNXP7rgokDY9QD--SA,PhantomShorts,6,https://img.youtube.com/vi/pgqC0QGpVOs/mqdefault.jpg,https://youtube.com/video/pgqC0QGpVOs?channelId=UCctYlNNXP7rgokDY9QD--SA
https://i.playboard.app/p/ZeyoqrwppKUBe9LXSkyNvigSEExjNfhLnALc_XYfCL2Vk4pg4xZguHBvgWuXuSdWd3Y1lNAQ0pY/100x100.jpg,https://youtube.com/channel/UCxEnEtH1uGB3Royx0I6pEfQ,행복한 작은 파트너,7,https://img.youtube.com/vi/UVQZD_edIGM/mqdefault.jpg,https://youtube.com/video/UVQZD_edIGM?channelId=UCxEnEtH1uGB3Royx0I6pEfQ
https://i.playboard.app/p/96c68777eed70d848174548414fe76c5/100x100.jpg,https://youtube.com/channel/UCJquRn5s6Wl79JLpFtCz7Hw,Funny Club TV,8,https://img.youtube.com/vi/kK4SNnVzOpA/mqdefault.jpg,https://youtube.com/video/kK4SNnVzOpA?channelId=UCJquRn5s6Wl79JLpFtCz7Hw
https://i.playboard.app/p/fxGKYucJAVme-Yz4fsdCroCFCrANWqw0ql4GYuvx8Uq4l_euNJHgE-w9MTkLQA805vWCi-kE0g/100x100.jpg,https://youtube.com/channel/UCX6OQ3DkcsbYNE6H8uQQuVA,미스터 비스트,9,https://img.youtube.com/vi/Tbn4cYCaZCk/mqdefault.jpg,https://youtube.com/video/Tbn4cYCaZCk?channelId=UCX6OQ3DkcsbYNE6H8uQQuVA
https://i.playboard.app/p/AKedOLTo3k6zSIKT4tg4XWjyDvc9I2M355dwAxvdwQ/100x100.jpg,https://youtube.com/channel/UCNQAoLEv87L7NgUp4We3HIg,CRAZY GREAPA,10,https://img.youtube.com/vi/8KhMD197qnk/mqdefault.jpg,https://youtube.com/video/8KhMD197qnk?channelId=UCNQAoLEv87L7NgUp4We3HIg
https://i.playboard.app/p/default/100x100.jpg,https://youtube.com/channel/UC-tw06woNZ-x2OxQKjuI8SQ,Rainbow friends Fans,11,https://img.youtube.com/vi/YmkJTerl5Gs/mqdefault.jpg,https://youtube.com/video/YmkJTerl5Gs?channelId=UC-tw06woNZ-x2OxQKjuI8SQ
https://i.playboard.app/p/X7kDVgH5GW0VZNSpPZvpP_tJ0G4FSEWDTtvf8ONN7ery4edI4l5ES3XucKJazEA_gsvqDSAc/100x100.jpg,https://youtube.com/channel/UC6NJVNuibWilqOTeNCWZVIg,Hoanftbl,12,https://img.youtube.com/vi/9gaDdNUwckY/mqdefault.jpg,https://youtube.com/video/9gaDdNUwckY?channelId=UC6NJVNuibWilqOTeNCWZVIg
https://i.playboard.app/p/novKtDHbstexmtnor5d0x5hrapX2CCcPwbZD9EWigvsXkAgw6FccMZFzfpmAwT843091849L_Kw/100x100.jpg,https://youtube.com/channel/UCpqadZ_Ne6BLA_ze5EdllBQ,Wisdom Pouchannel,13,https://img.youtube.com/vi/X3Py9ylkNPg/mqdefault.jpg,https://youtube.com/video/X3Py9ylkNPg?channelId=UCpqadZ_Ne6BLA_ze5EdllBQ
https://i.playboard.app/p/ubJ1_k7EgMzURgR7wbIKohWvl-e9NrDxQqVYBUjUIEtELfbFxzGth7St_k7vBa8d7k7AC6Yn/100x100.jpg,https://youtube.com/channel/UC2vPsHEQ86SooeHEL0MPnWw,5s Crafts,14,https://img.youtube.com/vi/m1DlXSW1hEs/mqdefault.jpg,https://youtube.com/video/m1DlXSW1hEs?channelId=UC2vPsHEQ86SooeHEL0MPnWw
https://i.playboard.app/p/7N7yfRN_fPIuDvW2MxnaD3kHDZqxun0_owwvdr06EsFC-6sV3XIA36ChpolKIFzCbkmh97KJuLM/100x100.jpg,https://youtube.com/channel/UC9r9HYFxEQOBXSopFS61ZWg,MeidasTouch,15,https://img.youtube.com/vi/lAA44GyTpqQ/mqdefault.jpg,https://youtube.com/video/lAA44GyTpqQ?channelId=UC9r9HYFxEQOBXSopFS61ZWg
https://i.playboard.app/p/DgcaM-ro6oy3bgmIziJTHOzhjDHLal5jOd4UoJUMmS5neZmT_eaf6KNWDoa-jNumZnIN2WzLuA/100x100.jpg,https://youtube.com/channel/UCCip9ix58vFFTo_Nm1ZFmOw,HOPPER SPRUNKI INCREDIBOX,16,https://img.youtube.com/vi/2sfCuevMrHI/mqdefault.jpg,https://youtube.com/video/2sfCuevMrHI?channelId=UCCip9ix58vFFTo_Nm1ZFmOw
https://i.playboard.app/p/dmSlXP5j3O4REhP3UW3mTrkEJGo2yEweqj-LMAmWyVn08Cu250LtJTSslc7eidgWG_S7Gp4h/100x100.jpg,https://youtube.com/channel/UCiDpzkW1DGJySY27a3CdovQ,LearnToon - Learn & Play,17,https://img.youtube.com/vi/OK2fjbW_Emo/mqdefault.jpg,https://youtube.com/video/OK2fjbW_Emo?channelId=UCiDpzkW1DGJySY27a3CdovQ
https://i.playboard.app/p/a4bf2fe68aff2df47d2afb33070a34f4/100x100.jpg,https://youtube.com/channel/UCXIJgqnII2ZOINSWNOGFThA,Fox News,18,https://img.youtube.com/vi/9KayPy4-nks/mqdefault.jpg,https://youtube.com/video/9KayPy4-nks?channelId=UCXIJgqnII2ZOINSWNOGFThA
https://i.playboard.app/p/qtYy-3hXIuyixxJInnasHKzEVIYv3e0VVoUBHbchWLwBK0d-jt9KU-5AB_C2Qj3516BjXgq5aA/100x100.jpg,https://youtube.com/channel/UCZ5FV000uOKva7-9p34bVQw,MEOWJI,19,https://img.youtube.com/vi/-n9Baavrj0E/mqdefault.jpg,https://youtube.com/video/-n9Baavrj0E?channelId=UCZ5FV000uOKva7-9p34bVQw
https://i.playboard.app/p/QW-VWhv9Eq89fh5fRKJgAGMpZa5WwgAVoL5KGvKWBVEthaEGDpPDd8ux6cQqkG1aeHbUyV-IiiU/100x100.jpg,https://youtube.com/channel/UCJfNJmcv6LXCDsaa2kB_-7A,MaviGadget,20,https://img.youtube.com/vi/QTr6uAhcaIY/mqdefault.jpg,https://youtube.com/video/QTr6uAhcaIY?channelId=UCJfNJmcv6LXCDsaa2kB_-7A
