channelImage,channelLink,channelName,rank,thumbnailUrl,videoLink
https://i.playboard.app/p/Nb0FivVgZW2qjsyKAydFd6FB48ZRppQZK4s1S-D4-yA4OPu76Q6Rzyvw71DWmNXv6btGPXskZA/100x100.jpg,https://youtube.com/channel/UCdVcQc_gdaXhlFx3UvG8pjA,Onevilage,1,https://img.youtube.com/vi/sWFh0UHYI9E/mqdefault.jpg,https://youtube.com/video/sWFh0UHYI9E?channelId=UCdVcQc_gdaXhlFx3UvG8pjA
https://i.playboard.app/p/ZoVcYkdPpETrySGBDLVlsrC3RHOfSuN5jqyCkfrLIBc2jVwbJfuGZW5U10NI8R-UkldjivWmYQ/100x100.jpg,https://youtube.com/channel/UCPwtBv1vrGio8Z_pv2w5X7A,Demariki,2,https://img.youtube.com/vi/481cQCRY6os/mqdefault.jpg,https://youtube.com/video/481cQCRY6os?channelId=UCPwtBv1vrGio8Z_pv2w5X7A
https://i.playboard.app/p/pidUb7zhPIywszsag4rGQVA-DSQJkgdr5PqyK4JrVLcXKtTnzK65XTaCiC4mrBMxdDQ5NtXDTQ/100x100.jpg,https://youtube.com/channel/UCiv9UBWIa3q1Jd0v9FoDSeQ,Azeroth,3,https://img.youtube.com/vi/0XlC74mfmx0/mqdefault.jpg,https://youtube.com/video/0XlC74mfmx0?channelId=UCiv9UBWIa3q1Jd0v9FoDSeQ
https://i.playboard.app/p/fG_nloVkeamLB2JEszHy7jw0zFCrPXjKF76OLYBlxHrRBclW85c-JIMtcjOlISZaMhM0NH8-Jto/100x100.jpg,https://youtube.com/channel/UCSgue5Dm418CCUCZ-aeUtEA,im_siowei,4,https://img.youtube.com/vi/-lA5VD2knwY/mqdefault.jpg,https://youtube.com/video/-lA5VD2knwY?channelId=UCSgue5Dm418CCUCZ-aeUtEA
https://i.playboard.app/p/clBZ7D-wYk_ysfU_X0U2GAN3lAxkP5drwADfpuqvSrbPzkcemCXx9XQV8XEXqjSK3uMYiReJPQ/100x100.jpg,https://youtube.com/channel/UCwWhs_6x42TyRM4Wstoq8HA,The Daily Show,5,https://img.youtube.com/vi/MKztkS0vjXU/mqdefault.jpg,https://youtube.com/video/MKztkS0vjXU?channelId=UCwWhs_6x42TyRM4Wstoq8HA
https://i.playboard.app/p/2MPw7mYFFiBUsH1MeMT3pIMeBNUobpe4hkYhN9xtWjZO2bxoFVgnQ8YTpfIDMQ0WGZ5JPnX0Zw/100x100.jpg,https://youtube.com/channel/UC5gxP-2QqIh_09djvlm9Xcg,Alan's Universe,6,https://img.youtube.com/vi/0u9bgGLMkXE/mqdefault.jpg,https://youtube.com/video/0u9bgGLMkXE?channelId=UC5gxP-2QqIh_09djvlm9Xcg
https://i.playboard.app/p/qnMNLLiuxI_VggfWFImhXNVMTpp5maG9uAySno-PXp0FiyRH5JYwMe6aaItsJJ2h97cSCLDANeA/100x100.jpg,https://youtube.com/channel/UCiz19rgacvujLo0-FH8u5xA,Kountry Wayne,7,https://img.youtube.com/vi/7EAATkSPNS4/mqdefault.jpg,https://youtube.com/video/7EAATkSPNS4?channelId=UCiz19rgacvujLo0-FH8u5xA
https://i.playboard.app/p/09ad0200466a0f9fe0e8bfa045f0bb18/100x100.jpg,https://youtube.com/channel/UCBIT1FSJW6yTlzqK-31FDWg,LIV Comedy,8,https://img.youtube.com/vi/EH29oxHYEK8/mqdefault.jpg,https://youtube.com/video/EH29oxHYEK8?channelId=UCBIT1FSJW6yTlzqK-31FDWg
https://i.playboard.app/p/jXGyJUEuFepqhqhjwoWZCOz6Wli-7UPrr-7PbF65r0IqaiCMTerajFiM8CMmEM-6O-bCXQxhEA/100x100.jpg,https://youtube.com/channel/UC1cSaSzPSxiWN1tk6o26Ipg,Memesso,9,https://img.youtube.com/vi/2_PW0JLEyAE/mqdefault.jpg,https://youtube.com/video/2_PW0JLEyAE?channelId=UC1cSaSzPSxiWN1tk6o26Ipg
https://i.playboard.app/p/l4c-2YQHVRAg642lnCwvem4mQIZvhEoyY-YH6Qxzq1kO6knnSBIjvGW2eLZRQgtg9ysu_x6_/100x100.jpg,https://youtube.com/channel/UCukNqkkPLIBakMKNG-89Bmg,昕昕,10,https://img.youtube.com/vi/jLqQlJKTD-Y/mqdefault.jpg,https://youtube.com/video/jLqQlJKTD-Y?channelId=UCukNqkkPLIBakMKNG-89Bmg
https://i.playboard.app/p/d1a036e8f181c5ca18d588f1551f959b/100x100.jpg,https://youtube.com/channel/UCQBzn-XGeA4sq9kB8Gl8iHg,Victoria Pfeifer,11,https://img.youtube.com/vi/PAmZ4Doj1mo/mqdefault.jpg,https://youtube.com/video/PAmZ4Doj1mo?channelId=UCQBzn-XGeA4sq9kB8Gl8iHg
https://i.playboard.app/p/qiQ_XKpTbf54IyxkKJVC7In_diPmRO5-5aeQdd6cstmZbfBgMZhVgwUxAAEaEFIDhNHEUIyP/100x100.jpg,https://youtube.com/channel/UCv6aQfBFfbepfctSngwpdJw,Mamasoboliha,12,https://img.youtube.com/vi/kI5eXCY7w18/mqdefault.jpg,https://youtube.com/video/kI5eXCY7w18?channelId=UCv6aQfBFfbepfctSngwpdJw
https://i.playboard.app/p/JDmRJ0eLZLGneQs7FJG2lLKb3ISSbuQskkV9Yl7W_pYtpVf70xJCxf_YC-OBVgRZfNs_LPPmHQ/100x100.jpg,https://youtube.com/channel/UC98FI1x5ZHFycH6krNFPiKw,Đến Mỹ Cùng Hòa,13,https://img.youtube.com/vi/o1dhv1nxjq8/mqdefault.jpg,https://youtube.com/video/o1dhv1nxjq8?channelId=UC98FI1x5ZHFycH6krNFPiKw
https://i.playboard.app/p/c62deff018239958a471d0c368cf2f27/100x100.jpg,https://youtube.com/channel/UCE7spuKzxP1k8A-XucxxUAQ,John Casterline,14,https://img.youtube.com/vi/YjXYDhHfTyk/mqdefault.jpg,https://youtube.com/video/YjXYDhHfTyk?channelId=UCE7spuKzxP1k8A-XucxxUAQ
https://i.playboard.app/p/AIdro_k-ki4dUsNVrqikgF_zqBJeb0ZtDXKAZ94vAYsLTKXi_3dk/100x100.jpg,https://youtube.com/channel/UCa6vGFO9ty8v5KZJXQxdhaw,Jimmy Kimmel Live,15,https://img.youtube.com/vi/89uNkIHMtWU/mqdefault.jpg,https://youtube.com/video/89uNkIHMtWU?channelId=UCa6vGFO9ty8v5KZJXQxdhaw
https://i.playboard.app/p/f4_QLeSM2A1yb76hbLW7zmiEmMxo1eNPsyc0pZWUl0uaGkKtAj9kWEoiTPyMNckLp6ZRJIKt/100x100.jpg,https://youtube.com/channel/UCHVY_-jY-FayjszyX1nlGtQ,Holy Baam,16,https://img.youtube.com/vi/u6hv8xL1cDQ/mqdefault.jpg,https://youtube.com/video/u6hv8xL1cDQ?channelId=UCHVY_-jY-FayjszyX1nlGtQ
https://i.playboard.app/p/_xky3-cys4h1pRDfhxJrTrWbCUEnI1MNE6_zuE_fC4EazQ7xqsyL--wDyMm3MQ-c8EVyr7qi6g/100x100.jpg,https://youtube.com/channel/UC3iwxKMRg5l2aDG_8XK2nSQ,The Mannii Show,17,https://img.youtube.com/vi/XaO_GafZ66o/mqdefault.jpg,https://youtube.com/video/XaO_GafZ66o?channelId=UC3iwxKMRg5l2aDG_8XK2nSQ
https://i.playboard.app/p/G_9fRV0jmQGUcsnvDz3my2m8nZkub4NfsLj7nJNzqxdv6D953hYUf3u4e-hibCxIwZw-RqgqJQ/100x100.jpg,https://youtube.com/channel/UC54_ux4BnaJwkVFn5M391XQ,Taarak Mehta Ka Ooltah Chashmah Episodes,18,https://img.youtube.com/vi/0-1CW_rtsng/mqdefault.jpg,https://youtube.com/video/0-1CW_rtsng?channelId=UC54_ux4BnaJwkVFn5M391XQ
https://i.playboard.app/p/_9Wk0GuksgO5J5CuluhvRT2MhsOdy75a76aolnIGsSieH0K7NrtcwkIqJDLTi29wYjSeLmRU/100x100.jpg,https://youtube.com/channel/UCkVkLQmF888oEmNTCjlnu7g,Valja & Maxim Family,19,https://img.youtube.com/vi/yQRUjernEZ4/mqdefault.jpg,https://youtube.com/video/yQRUjernEZ4?channelId=UCkVkLQmF888oEmNTCjlnu7g
https://i.playboard.app/p/t15sqI00Yd9scvkjfZbTr-TE2oMzg7P0vqaMkOtNyIbEIcsEvSynwcoT2xkyVmFJ3lVgzdPbyw/100x100.jpg,https://youtube.com/channel/UCYb4LjLNw3-K2B90ZTw7G7w,Aegis Dank,20,https://img.youtube.com/vi/dVBKqomRT8A/mqdefault.jpg,https://youtube.com/video/dVBKqomRT8A?channelId=UCYb4LjLNw3-K2B90ZTw7G7w
