category,categoryId,channelTitle,commentCount,country,description,id,likeCount,publishedAt,tags,title,url,viewCount
comedy,22,obsessedblade,2017,US,,PD9NE_W1a-4,1348392,2025-04-15T21:10:21.000Z,,That Was UNBELIVABLE Sharp Homemade Swords😳,https://www.youtube.com/watch?v=PD9NE_W1a-4,22717603
comedy,24,OKTOR,7676,US,"🚨 Entertainment Purpose Only 🚨

Troll Face Edits,
Troll Face,

Related:-
Moment Before Disaster, 
Troll Face, 
Troll Face Edit,
Troll,
Moments Before Disaster, 
#trollface #troll

Tags:-
#geography#russia #usa#canada#history#worldwar#geography#maps#freepalestine#israel#nowary#geography#edit#maps#safevid#ottoman#umayyad#mughal#date#ussr#marathaempire#siwil#china#billgates#romania#japan#sealand#ohio#southkorea#ukraine#ireland#argentina#brazil#saudiarabia#turkey#greece#russia#algeria#indoneisa#usa#uk#norway#denmark#germany#france#continent#army#italy#world#korea#china#afghanistan#syria#jordan#eygpt#canada#niger#army#megustastu#albania#bulgaria#azerbaijan#vietnam#laos#cambodia#angola#poland#tazmania#angola#elsalvador#nicaragua#trollface#edit#countries#leaders#sigma#trending#northkorea#uzbekistan#gana#nato#oman#iraq#usa#conflict#meme#geographyer#ottoman#countryballs#syria#bulgaria#romania#greece#shortsvideo#viralvideo#tiktokvirals#mongolia#japan#hungary#czechia#edits#ukraine#australia#summer#finland#morocco#armenia#palestine#malaysia#iran#ıraq#mongolia#new#keşfet#türkiye#turkey#viralshorts#ww2#ww1#mapping#country#allied#real#middleeast#world#palestine#centralpowers#future#nowary#ussr#reels#shorts#meme#earth#china#japanese#italy#europe#asia#australia#fun#geography#youtube#trend#new#cuba#mexico#philipinnes#cambodia#south#north#austria#hungary#sweet#azerbaijan#edit#music#gigachad#true#animals#naberyoutube#flag#backgraund#commander#army#soldier#now#than#past#helpme#makethe#japanese#hirohito#trending#peace",iOxrTay2dg8,926410,2025-04-20T11:48:03.000Z,,Fast it up 💀,https://www.youtube.com/watch?v=iOxrTay2dg8,16142953
comedy,10,Snow Moments,28206,US,,Zzyuh0Kyi3U,1801711,2025-04-15T23:06:40.000Z,,His loyalty saved his life😳,https://www.youtube.com/watch?v=Zzyuh0Kyi3U,38697047
comedy,24,PhantomShorts,1350,US,Him saving his money is making me sob 😭 Boy saves duys money from golddigger #fyp #emotional #movie #edit #shorts #interesting #relationship #film #funny #memories #viral #trending #feedshorts #blowup #youtubeshorts #diewithsmile #foryou #golddigger #couple #love,eBNnw0phqjM,1657579,2025-04-17T18:45:18.000Z,"[julie and the phantoms season 2, julie and the phantoms soundtrack, julie and the phantoms songs, julie and the phantoms react, julie and the phantoms perfect harmony, julie and the phantoms wake up, julie and the phantoms stand tall, julie and the phantoms ending, julie and the phantoms, julieandthephantoms, edge of great, jatp, jatp full episodes, descendants, Disney karaoke, Disney shows edit, Netflix series, What to watch, Movie, julie and the phantoms 2, jatp song, teen, comedy]",Him saving his money is making me sob 😭 #fyp #emotional #movie #shorts,https://www.youtube.com/watch?v=eBNnw0phqjM,27201856
comedy,22,Daddy Cooper,1345,US,Show: Georgie and Mandy's first marriage,UKjopZLMT0U,772279,2025-04-18T15:00:47.000Z,,Georgie confronts Todd 💀💀 ep 17,https://www.youtube.com/watch?v=UKjopZLMT0U,11525278
comedy,23,KillJoe,2437,US,SUBSCRIBE #TonyHinchcliffe #KamPatterson #AriMatti #WilliamMontgomery #AriMatti #CaseyRocket  #HansKim #BrianRedban #KillTony #Adamray #drphill #shanegillis #mattmckusker #bobbylee #andrewsantino #theovon #joerogan #trump  #davidlukas #ahrenbelisle #martinphillips #DMadness #MichaelAGonzales #JonDeas #MatthewMuehling #JoeWhite #KristieNova #Yoni #TroyConrad #BigJayOakerson #LuisJGomez #DaveSmith #podcasts #shorts #viral #funny #comedy #standupcomedy #standup #comedymoments  #comedyshorts #funnycomedy #funnyshorts #funnystories #funnyclips #funnymoments  #comedyvideos #podcastclips #funny #funnycomedy,8LRSWPeOoV8,584208,2025-04-16T21:00:07.000Z,"[Kill Tony, Tony Hinchcliffe, Kam Patterson, Ari Matti, William Montgomery, Casey Rocket, Hans Kim, Brian Redban, Adam Ray, Dr Phil, Shane Gillis, Matt McKusker, Bobby Lee, Andrew Santino, Theo Von, Joe Rogan, Trump]","Tony Hinchcliffe ROASTS Doboy!! 🤣🤣| All Def Roast Me, ft. Tony Hinchcliffe",https://www.youtube.com/watch?v=8LRSWPeOoV8,7561750
comedy,10,Ngamshishi,7853,US,"Cake Boss is an American reality television series that originally aired on the cable television network TLC. The series premiered on April 19, 2009, and spawned four spin-offs: Next Great Baker, Kitchen Boss, Bake You Rich, and Bakery Boss.

On January 26, 2015, Cake Boss was renewed for two additional seasons, which aired on TLC until 2017. Season 9 premiered on May 18, 2019, with the show moving to TLC's sister network, Discovery Family. The show officially ended on April 11, 2020.",9trJTiOB8BE,2485963,2025-04-14T22:14:13.000Z,,he was born for this #shorts #funny #explore #comedy #usa #cakeboss #bake #cake #bakery #buddy #fyp,https://www.youtube.com/watch?v=9trJTiOB8BE,45368154
comedy,1,FlickPeek,11423,US,"The Good Lord Bird S01E03

Copyright Disclaimer:
The content on this channel, FlickPeek, is intended for entertainment and educational purposes only. All video clips, images, and audio used in this video are the property of their respective owners, and no copyright infringement is intended.

Fair Use Statement:
In accordance with Section 107 of the Copyright Act 1976, allowance is made for ""fair use"" for purposes such as criticism, comment, news reporting, teaching, scholarship, and research. This video qualifies under fair use because:
* It is transformative in nature.
* Only a portion of the original material is used.
* The purpose is to provide commentary, critique, and insight.

Important Note: If you are the rightful owner of any material used in this video and wish to have it removed, please contact us, and we will comply promptly.

#fyp",cw6EmhnQXTM,911459,2025-04-16T13:01:15.000Z,,Arrogant officer gets humbled instantly #series #shorts #thegoodlordbird,https://www.youtube.com/watch?v=cw6EmhnQXTM,8648005
comedy,1,Brought Kooky,1646,US,,4wOpPxrcUsM,1168937,2025-04-16T15:06:00.000Z,,DR: I’ve always wanted to say that.#show #shorts #shortvideo #doctorwho #doctor #say #want #tv #wow,https://www.youtube.com/watch?v=4wOpPxrcUsM,15065700
comedy,1,Jordan Recapped,4721,US,,pRtu9AcNKrE,339557,2025-04-20T17:58:00.000Z,,Reddington splashes money at the bar.#shorts #viralvideo #shortvideo #foryou #reddington,https://www.youtube.com/watch?v=pRtu9AcNKrE,4090491
comedy,22,Auntie Charli,3270,US,,H5yAzD6IRwE,439096,2025-04-18T21:09:56.000Z,,The different types of people at family reunions #pov #relatable #comedy #skit,https://www.youtube.com/watch?v=H5yAzD6IRwE,11540508
comedy,10,Music Media,576,US,"Credit: HOT 97 🎥, Recording Academy / GRAMMYs 🎥, Tyler The Creator 🎥
We respect copyright laws and comply with takedown requests. If you believe your rights have been infringed, please contact us for prompt resolution. We also follow ""Fair Use"" guidelines, using material for commentary, criticism, and educational purposes.

Song: Tyler The Creator - NEW MAGIC WAND

Lyrics: when I was 12 7th grade punched me in my face had braces at the time you get punched in the face your lips are instantly like this I'm just looking at him and I'm like oh I just walk in the house and my mom's on the phone and then she sees me and she's like what the let me call you back she's like what the happened I'm like ahuhuh you can't talk and she's like who did it and I'm like Papa it's a kid and they called him Papa that was his nickname okay she was like come on come with me she takes me out and she like ay you and that like oh and he runs home she starts running after this bro he go in the house close his door she out there open the door you bro they had to call the cops my mom was down to catch with anyone that with me that's my mom if y'all were wonderin' haha alright I gotta say my speech dawg to my mother you did a great job raising this guy haha I live life with no fear except for the idea that one day you won't be here

Description Tags: tyler the creator mom tyler the creator mother tyler the creator tyler the creator's mom tyler the creator's mother tyler the creator as a kid tyler the creator in school tyler the creator 7th grade tyler the creator when he was younger tyler the creator story tyler the creator bully tyler the creator bullied tyler the creator beef tyler the creator diss tyler the creator disses tyler the creator dissed tyler the creator dissing tyler the creator

Watch this video on our other pages:
https://www.tiktok.com/t/ZP8jboM1K/
https://www.instagram.com/reel/DIvLJ4sOa_1/",y7VS2T-Jkos,239763,2025-04-22T05:33:55.000Z,"[tyler the creator, rap, diss, edit]",He PUNCHED Tyler The Creator 😳🥊,https://www.youtube.com/watch?v=y7VS2T-Jkos,3063865
comedy,24,Stanimus,4549,US,"Banned Doritos Commercial 
Discord: https://discord.gg/GameRebel
Twitch: https://twitch.tv/PapaStanimus
Twitter: https://www.twitter.com/PapaStanimus
Instagram: https://www.instagram.com/PapaStanimus
Facebook: https://www.facebook.com/PapaStanimus
TikTok: https://www.tiktok.com/@PapaStanimusGaming
Reddit: https://www.reddit.com/r/papastanimus

Send me stuff to open on stream!
12470 York St. # 638
Eastlake, CO 80614

#funnycommercials #reaction #shorts

trunk monkey,trunk monkey commercial,monkey,trunk,funny,funny songs,funniest,countdown,top 10 funniest,retro,funny commercials,funny videos,dating advice,make you laugh,car commercials,funny ads,top 10 super bowl,anti theft,gun,best super bowl ads,auto,memes,super bowl commercials,top rated cars,super bowl ads,car dealerships,groups,friend,recalls,suburban,best cars,hilarious,carjacking,best ads ever,apes,nostalgix,epic fails,commercials,classic commercials",9hM1n3_VHmI,342608,2025-04-19T22:30:57.000Z,"[trunk monkey commercial, monkey, trunk, funny, funny songs, funniest, countdown, top 10 funniest, retro, funny commercials, funny videos, dating advice, make you laugh, car commercials, funny ads, top 10 super bowl, anti theft, gun, best super bowl ads, auto, memes, super bowl commercials, top rated cars, super bowl ads, car dealerships, groups, friend, recalls, suburban, best cars, hilarious, carjacking, best ads ever, apes, nostalgix, epic fails, commercials, classic commercials]",Banned Doritos Commercial,https://www.youtube.com/watch?v=9hM1n3_VHmI,5490896
comedy,22,YxShort,657,US,,FfnOcYV33Yo,476486,2025-04-18T08:13:16.000Z,,Carl discovered that his colleague had done something bad?#shameless #shorts #tvshow,https://www.youtube.com/watch?v=FfnOcYV33Yo,5332777
comedy,22,Big Sal Hoops,5538,US,,y-eCcH7uaoM,350301,2025-04-15T04:01:28.000Z,,How many times did the ball hit his head !?!? 🤯 #basketball #selfdefense #comedy,https://www.youtube.com/watch?v=y-eCcH7uaoM,18448586
comedy,22,ShorterT,13552,US,"Short Film Title:
Groundhog Day For A Black Man",Upy-b_keHHo,2040414,2025-04-13T15:41:15.000Z,,Crazy Cops  #shortflim #film #cops #timeloop #loop,https://www.youtube.com/watch?v=Upy-b_keHHo,22658047
comedy,24,Unchill Guy,1337,US,"Who knew snoring could be this legendary?

If you love hilarious, unfiltered moments, hit that subscribe button and join the UnchillGuy crew!
https://www.youtube.com/channel/UCWbOLDILXFU8i8DBOVyVRBw/join

#shorts #tiktok #snoring #memes",lnDIaGFbVsY,524941,2025-04-19T23:30:12.000Z,,Ranking The Best Snore Moment,https://www.youtube.com/watch?v=lnDIaGFbVsY,8406519
comedy,22,Nahshon Slater,2512,US,,uCoWA-73y44,364625,2025-04-15T03:18:32.000Z,,#short,https://www.youtube.com/watch?v=uCoWA-73y44,10509680
comedy,1,The Rookie (Fan Page),1120,US,"🎥 The Rookie (2018)
Season 7, Episode 14
— ©️ ABC

🎬 Watch The Rookie on Tuesday at 9PM live on ABC, or the next day on Hulu! Subscribe for more clips! 🎬

#police #tv #scene #clips #clip #shorts #nathanfillion #timbradford #milespenn

-

The Rookie is an American police procedural television series created by Alexi Hawley for ABC. The series follows John Nolan, a man in his forties, who becomes the oldest rookie at the Los Angeles Police Department (LAPD). The series is produced by ABC Signature and Lionsgate Television; it is based on real-life LAPD officer William Norcross, who moved to Los Angeles in 2015 and joined the department in his mid-40s.

The series stars Nathan Fillion (John Nolan), Alyssa Diaz (Angela Lopez), Richard T. Jones (Wade Grey), Titus Makin Jr. (Jackson West), Mercedes Mason (Zoe Andersen), Melissa O'Neil (Lucy Chen), Afton Williamson (Talia Bishop), Eric Winter (Tim Bradford), Mekia Cox (Nyla Harper), Shawn Ashmore (Wesley Evers), Jenna Dewan (Bailey Nune), Tru Valentino (Aaron Thorsen), Lisseth Chavez (Celina Juarez), Deric Augustine (Miles Penn), and Seth Ridley (Patrick Keleher). The Rookie premiered on October 16, 2018.",s2Ve3bHoLzc,648909,2025-04-16T13:01:47.000Z,,Bradford gets a weird message | #TheRookie (SPOILERS!),https://www.youtube.com/watch?v=s2Ve3bHoLzc,10372468
comedy,20,OmegaLayer,3026,US,#memes #funny  #comedy  #shortvideo  #fyp  #trending  #shorts  #viralshorts  #subscribe  #trendingshorts  #viralvideo  #foryou,YSVUpTFt3-c,369330,2025-04-19T19:53:43.000Z,,Use the sound,https://www.youtube.com/watch?v=YSVUpTFt3-c,4065766
comedy,24,The Wolf Entertainment,931,US,"Come one step closer and I will knock his teeth out. #onceuponatimeinhollywood #bradpitt #movie #quentintarantino #perioddrama #showbizdrama #margaretqualley 
Welcome to Los Angeles in 1969 through the unique lens of genius director Quentin Tarantino in Once Upon a Time... in Hollywood. This film is an emotional journey, blending dark humor, nostalgia for Hollywood’s golden age, and the signature surprises that only Tarantino can deliver.

The story revolves around Rick Dalton (played by Leonardo DiCaprio), a fading television star struggling to hold onto his former glory, and his loyal friend and stunt double, Cliff Booth (Brad Pitt). Together, they try to find their footing in a rapidly changing Hollywood, where the spotlight no longer shines as brightly as it once did. Along the way, their lives intertwine with real historical events, including the ominous shadow of the Manson Family—a dark chapter in American history.

Joining the duo, Margot Robbie brilliantly portrays Sharon Tate—the iconic beauty and talent of the 1960s—bringing a radiant and heartfelt energy to the screen. The film isn’t just a tale of careers and friendship; it’s also a loving tribute to cinema, featuring breathtaking visuals that vividly recreate a bygone era.

The soundtrack is an unmissable highlight, with 1960s hits perfectly timed to transport viewers back in time. From dusty bars and dazzling film sets to the sun-drenched streets of L.A., every frame is meticulously crafted. And, as with all of Tarantino’s works, the climax will leave you speechless with twists you’ll never see coming.
Press play to step into a Hollywood that’s both glamorous and chaotic, where dreams and nightmares are separated by a razor-thin line. Don’t forget to leave a comment and share your thoughts after watching!",dvYQ95hpQaQ,382708,2025-04-17T17:00:50.000Z,"[Once Upon a Time... in Hollywood, once upon a time in hollywood, movies, film, moive shorts, short films, Quentin Tarantino, Brad Pitt, Leonardo DiCaprio, Margot Robbie, Margaret Qualley, Luke Perry, Kurt Russell, Al Pacino, Bruce Dern, Michael Madsen, Austin Butler, Dakota Fanning, Emile Hirsch, Mikey Madison, Mike Moh, Damian Lewis]",Come one step closer and I will knock his teeth out. #onceuponatimeinhollywood #bradpitt #movie,https://www.youtube.com/watch?v=dvYQ95hpQaQ,5466274
comedy,22,Kamilah Florez,360,US,,0wKmFiH7Al4,374137,2025-04-18T13:41:45.000Z,,He tricked the magician 😨,https://www.youtube.com/watch?v=0wKmFiH7Al4,5044826
comedy,10,Morgan Jay,714,US,"Morgan Jay makes friendships happen live #comedy #standup #viral #trending 

Comedy special out NOW! Click link to watch 
https://www.youtube.com/watch?v=Ts2wussx4Js

goofygang.com for MERCH!",gzeC3T1J-0c,459203,2025-04-20T16:01:00.000Z,,The Human Dating App #shorts,https://www.youtube.com/watch?v=gzeC3T1J-0c,3924634
comedy,24,Mappelz,607,US,"A Minecraft Movie has now caused movie theaters to resort to this...

Check Out and Follow The Original Creator.
1. https://www.tiktok.com/@ticketace/video/7492624410764021038

Hit the like button if you enjoyed the video ( 👍)
Subscribe and turn on notifications (🔔)

Follow The Socials: https://solo.to/mappelz

See A Video That You Own? 
Please Email Me at Mappelz@outlook.com and I Will Gladly Give you Credit, or If you'd like, I Can Remove Your Part Of The Video.

If You Have Any Other Problems, Please Email Me! Tysm.

a minecraft movie, minecraft movie, minecraft, movie, chicken, jockey, chicken jockey, surprise, suprise, mappelz, commentary, story, steve, jack black",UPJKovYgtO0,188263,2025-04-21T20:00:20.000Z,"[a minecraft movie, minecraft movie, minecraft, movie, chicken, jockey, chicken jockey, surprise, suprise, mappelz, commentary, story, steve, jack black]",A Minecraft Movie Caused Theaters To Do This 💀,https://www.youtube.com/watch?v=UPJKovYgtO0,2513682
comedy,22,Smuuz,1394,US,#justgivememymoney #usa #prank #shorts #laugh #ranking #top #tiktok #top5 #pranks #viralshorts,I5cQTrrwFbY,278057,2025-04-19T13:25:46.000Z,,Just gimme my money🙏 #justgivememymoney #usa #pranks,https://www.youtube.com/watch?v=I5cQTrrwFbY,5862441
comedy,24,monium,3159,US,"LIKE & SUBSCRIBE
discord: https://discord.gg/Va8yZcBMxC
BE A MEMBER: https://www.youtube.com/channel/UCxULzGyhtIUotnMIM4G4-rw/join",v2HB_r_MidY,337830,2025-04-19T22:50:00.000Z,,I can see why bro a villain 🙏,https://www.youtube.com/watch?v=v2HB_r_MidY,4756012
comedy,24,MovieLuxeShorts,2309,US,"orange chicken is good tho

tv show: interior Chinatown:
Willis Wu is a background character in a procedural cop show called Black and White. Relegated to the background, Willis goes through the motions of his on-screen job, waiting tables and dreaming about a whole world beyond Chinatown. When he inadvertently becomes a witness to a crime, Willis begins to unravel a criminal web in Chinatown, and in the process discovers what it feels like to be in the spotlight.

#nostalgia #throwback #throwbackclips #reelvideo #viralreels #viralvideos #viral #nostalgic #memories #goodolddays #childhoodcore #childhood #childhoodmemories #timegoesfast #sad  #movieluxeshorts #interiorchinatown",_EIUuzHWWc4,414738,2025-04-20T02:54:35.000Z,,Orange chicken is good is good tho 😔,https://www.youtube.com/watch?v=_EIUuzHWWc4,3857422
comedy,22,Dzqly 401,533,US,,pJIEsHGi-ak,648063,2025-04-19T11:05:23.000Z,,Choose the right greeting card #tvshow #shorts #kimsconvenience,https://www.youtube.com/watch?v=pJIEsHGi-ak,6142959
comedy,27,Mentor House,1280,US,,gSF5-5hPYt8,85385,2025-04-21T06:45:13.000Z,,Your thoughts? 🤔 #alphamale #automobile #mentalhealthcare #funny,https://www.youtube.com/watch?v=gSF5-5hPYt8,2642037
comedy,22,Game Changer Shorts,1404,US,"The tables have turned #shorts #gamechanger #dropout

For the full episode, head over to Dropout: https://www.dropout.tv/videos/one-year-later


Watch a few full episodes of Game Changer & Make Some Noise here: https://www.youtube.com/playlist?list=PLuKg-WhduhknsLFxK4K5YDtGVJuCf51kY. You can watch every episode of Game Changer, Make Some Noise, and more exclusive series by signing up for Dropout here: https://gamechanger.dropout.tv

Subscribe to the Dropout newsletter here: https://newsletter.dropout.tv",mRZlE1jGVE0,361648,2025-04-20T20:00:34.000Z,"[game changer, dropout, sam reich, game changer shorts]","Lou, Vic, and Jacob Set Up a Secret Camera In Sam’s Home",https://www.youtube.com/watch?v=mRZlE1jGVE0,2685445
comedy,1,Matthew Amy,1517,US,,9_prXKhA3u8,1206677,2025-04-11T13:18:00.000Z,,Dr. House reasoned in advance that the patient was going to sue him #movie #video #shorts,https://www.youtube.com/watch?v=9_prXKhA3u8,22750420
comedy,24,SIMJI,2032,US,"Instagram/TikTok - @simjiofficial
My Shop: https://simjishop.com/
My Links: https://linktr.ee/Simji",OEdp_ZefzHY,602444,2025-04-14T18:30:36.000Z,"[rug tufting, tufting rug, tufted rug, tufting a rug, tufting, carpet tufting, tufting gun, simji, custom rug, how i tuft a rug, how to tuft a rug, simjiofficial, simji rugs, how to make rugs, how to make custom rugs, diy rugs]",Had to pull out the bob💁🏻‍♀️,https://www.youtube.com/watch?v=OEdp_ZefzHY,18176933
comedy,22,Poblan56,742,US,,02QsLWnBE74,750055,2025-04-17T11:58:56.000Z,,“Grandma doesn’t know how old she is “#fyp #tvshow #foryou #freshofftheboat,https://www.youtube.com/watch?v=02QsLWnBE74,8278806
comedy,20,TwinCoconuts,458,US,,IvWE1o9ueSc,548139,2025-04-16T15:09:00.000Z,,Moe Tries to End It All… But Accidentally Saves Maggie ☠️🍼 #simpsons #funny #shorts,https://www.youtube.com/watch?v=IvWE1o9ueSc,7535157
comedy,24,LAURI REACTION AND AIRBRUSH MAKEUP ,46069,US,"Hi my name is Lauri Reaction👀 I create reaction content I just want to make you laugh and feel better when I post my reactions to some  very funny content I love to hear all of the responses an reactions to the content I make on here please make sure to leave comment please don't forget subscribe share with the people you love ❤️ 💕 y'all 


https://www.youtube.com/@LAURIREACTIONANDAIRBRUSHMAKEUP



tiktok 🤩

Instagram  😆

Facebook 😅
        
Snap chat 🤣                                                                                  


Copyright Disclaimer: - Under section 107 of the copyright Act 1976, allowance is mad for FAIR USE for purpose such a as criticism, comment, news reporting, teaching, scholarship and research. Fair use is a use permitted by copyright statues that might otherwise be infringing. Non- Profit, educational or personal use tips the balance in favor of FAIR USE.",_GyYqJMUYG0,713355,2025-04-12T19:37:39.000Z,"[reaction, react, myreaction, tiktok, comments please]",DO YOU KNOW #duet #react #myreaction #reaction #tiktok #comments,https://www.youtube.com/watch?v=_GyYqJMUYG0,10371022
comedy,24,Zidvano Movies,755,US,"Better Call Saul is the acclaimed prequel series that gave us unforgettable characters like Jimmy McGill (a.k.a. Saul Goodman), Kim Wexler, Mike Ehrmantraut, Lalo Salamanca, and Howard Hamlin — plus iconic moments that rival Breaking Bad in intensity and emotion.

CREDITS:
TM & © Sony Pictures Entertainment
Cast: Bob Odenkirk, Rhea Seehorn, Jonathan Banks, Michael Mando, Patrick Fabian, Tony Dalton, Giancarlo Esposito

Better Call Saul is a critically acclaimed crime drama series and the official prequel to Breaking Bad. Set in Albuquerque, New Mexico, the show follows the transformation of Jimmy McGill, a struggling con artist-turned-lawyer, into Saul Goodman — the slick, morally compromised criminal defense attorney known from the Breaking Bad universe. Created by Vince Gilligan and Peter Gould, Better Call Saul blends legal drama, dark comedy, and character-driven storytelling to explore the complex world of law, crime, and personal ambition. Featuring standout performances by Bob Odenkirk, Rhea Seehorn, and Jonathan Banks, the series is a must-watch for fans of legal thrillers, cartel drama, and prestige TV. Stream Better Call Saul to witness the origin story of one of television’s most iconic antiheroes.

#bettercallsaul #saulgoodman #breakingbad",llJWR1fDMYw,473982,2025-04-17T18:17:45.000Z,"[breaking bad, walter white, jesse pinkman, tv show, movie clips, breaking bad edit, walter white edit, breaking bad scenes, breaking bad short, breaking bad clip, heisenberg, saul goodman, gus fring, better call saul, breaking bad best scenes, jimmy mcgill]",Mike Gets Threatened 🤯 | Better Call Saul S2.E6 | #shorts,https://www.youtube.com/watch?v=llJWR1fDMYw,12626751
comedy,22,mind Bytecast ,7544,US,,CqOYofXj3f0,512895,2025-04-13T14:36:17.000Z,,Joe Rogan reacts to courtroom grilling.,https://www.youtube.com/watch?v=CqOYofXj3f0,8952942
comedy,22,Matthew Cox Shorts,634,US,,v0_Qzrf0vJU,149733,2025-04-21T17:23:18.000Z,,Prison Google!,https://www.youtube.com/watch?v=v0_Qzrf0vJU,1581945
comedy,24,Zara84,443,US,,oE5Wr2PhsSs,82633,2025-04-19T23:30:01.000Z,,When you’re older brother has you back…😭💀❤️#comedy,https://www.youtube.com/watch?v=oE5Wr2PhsSs,4313312
comedy,20,SniperXplug,1385,US,,EDaSAXhgB7Q,,2025-04-14T02:04:29.000Z,,“I Demandeth An Apology” 😭 #film #movie #viralvideo #explore #fyp #shorts #cinema,https://www.youtube.com/watch?v=EDaSAXhgB7Q,11542908
comedy,22,maki movie,164,US,,KAjjh2QTP9k,251444,2025-04-19T03:14:45.000Z,,"Tim loses the walkie-talkie,and Lucy play tricks on him #therookie #tim #lucy #foryou",https://www.youtube.com/watch?v=KAjjh2QTP9k,3385781
comedy,22,Gruzmood,6986,US,,aNFzZhWleDs,394478,2025-04-16T19:45:08.000Z,,Real Teacher❤️#teacher #students #school #defence #bullyingawareness,https://www.youtube.com/watch?v=aNFzZhWleDs,6801343
comedy,22,RainyCar,2136,US,Minecraft Movie Lava Chicken Live Performance2 with Movie #minecraftmovie #minecraft #lavachicken #entertainment #jackblack #song,Y2F9QsxA9P8,764617,2025-04-16T18:01:17.000Z,,Minecraft Movie Lava Chicken Live Performance2 with Movie #minecraftmovie #minecraft #lavachicken,https://www.youtube.com/watch?v=Y2F9QsxA9P8,29694158
comedy,22,The Tade,70,US,Listen to all my music here: https://youtube.com/playlist?list=PLuwfaVTEifegMfWCZ4x182pOmHnfKzf7N&si=HHcjKIW-H0P5QHYD,mp6GZVser1g,75138,2025-04-21T19:00:43.000Z,,When the Counter Reaches Zero I Will Become Liquid,https://www.youtube.com/watch?v=mp6GZVser1g,2465286
comedy,24,xunmasked,4820,US,That principal needs to be fired! 😤,aEaGaUFHLhI,1033943,2025-04-12T19:00:00.000Z,,That principal needs to be fired! 😤,https://www.youtube.com/watch?v=aEaGaUFHLhI,16148895
comedy,24,Shiba Diva,3410,US,,tvwKsRx16zo,1059556,2025-04-11T15:03:00.000Z,,Big Surprise for Delivery Driver! #shorts #trending #viral #love #hearttouching #happy #community,https://www.youtube.com/watch?v=tvwKsRx16zo,10928881
comedy,23,mmmjoemele,39187,US,,_hhLwvOrM7w,150627,2025-04-21T21:06:38.000Z,,The end? BTS on lG 😂 #Shorts,https://www.youtube.com/watch?v=_hhLwvOrM7w,1836855
comedy,23,The Mannii Show,466,US,"WEBBY AWARDS Honoree x2!!  🤳🏼""MJ's WORLD!""   @TheManniiShow     The Mannii Show on YouTube SERIES!  🎉 INFLUENCER  LIFE behind-the scenes!!  🤳🏼   

*** A peek inside the world of MJ, a 16yo mega-influencer who commissions a documentary about his life to help craft his image. *** ONLY ON Youtube!  *** What Is Reality? *** https://TheManniiShow.com/series  

 @TheManniiShow @ElShowDeMannii @TheManniiShow-BR  

Follow MJ's WORLD for a behind-the-lens look into the life of an influencer.  https://TheManniiShow.com/series 

Thanks for supporting the Show! https://TheManniiStore.com ❤️ Check out the DRIP SALE! 🎉

ON SALE NOW!  The Mannii Store UNCENSORED (https://www.TheManniiShow.Dashery.com) 

#freecomedy #shorts #comedy #satire #themanniishow",K-g2oq2cxsM,100165,2025-04-22T19:00:13.000Z,"[comedy, TheManniiShow, influencer, tiktok, youtube, behind the scenes, unplugged, MJ, sketch, improv, celebrity, mockumentary, free comedy, series, youtube series, comedy series, TheManiShow, TheMani, TheManni, TheManniShow, The Manni, The Manny Show, TheMannyShow, tiktokker, #shorts, the mannii show voice reveal, comedy series on youtube, youtube series shows, youtube series free, the mannii show real voice, the manny show tiktok, the mani show, español, Português, shorts]",The Cure Bet: Doctor vs Patient  iB​⁠@Adhemz,https://www.youtube.com/watch?v=K-g2oq2cxsM,1170016
comedy,24,Tyler Vitelli,10611,US,"This is a funny meme mixed with storytelling style video about how my Alexa kept laughing while i’m sleeping and now I just can’t do it. The ending is actually funny!

#storytelling #funny #relatable #shorts #memes",zIHr2sLLhSg,244387,2025-04-20T17:07:01.000Z,,I actually can’t sleep now #relatablestories #comedy #funnymemes,https://www.youtube.com/watch?v=zIHr2sLLhSg,2715349
comedy,24,Jordan Matter,12767,US,"Can Salish find the thief among her 10 new brothers in time to save the family vacation?
Join our FREE text thread to get BTS photos and videos: https://joinsubtext.com/teamsalish! 

SUBSCRIBE:
Salish and dad: https://www.youtube.com/@jordanmatter  
Salish vlogs: https://www.youtube.com/@salishmatter

Follow us on Instagram:
Salish: https://www.instagram.com/salishmatter
Me: https://www.instagram.com/jordanmatter

Thumbnail design: @aamirdzn (twitter)

Subscribe to my Photo Challenges channel to see FATHER VS DAUGHTER: https://www.youtube.com/channel/UCvXY38EnvMGZCDBNMmbJBzQ

MERCH: https://shopjordanmatter.com/

Business Inquiries: info@jordanmatter.com

Music licensed through Artlist and Epidemic Sound

Wow, if you're still reading you are awesome! BOOOMMMM!!",XG1wg3ELG9w,89122,2025-04-19T14:00:07.000Z,"[salish matter, jordan matter, challenge, game of clue, mystery, brothers, 10 brothers, competition]",My Daughter Survives TEN BROTHERS,https://www.youtube.com/watch?v=XG1wg3ELG9w,7586378
