channelImage,channelLink,channelName,rank,thumbnailUrl,videoLink
https://i.playboard.app/p/LRnsU-1U8Q67CaEIwT7004BQCm-RPXWPE9mOjZHsXB9OeEkR_UmZ0zXw0fnRZSYly_5FWZ-kgQ/100x100.jpg,https://youtube.com/channel/UCdfLYTefC45wVJTxF0Yg_wg,Ăn Vặt Tuổi Thơ,1,https://img.youtube.com/vi/99yKi63IcYQ/mqdefault.jpg,https://youtube.com/video/99yKi63IcYQ?channelId=UCdfLYTefC45wVJTxF0Yg_wg
https://i.playboard.app/p/vgiCAdq-VmwDeR-JrlJZq6lgtoPrpIWZ0oRMD2APZc2PVGwewWlyOShayMBzLQp4tYhuJCN1/100x100.jpg,https://youtube.com/channel/UCctYlNNXP7rgokDY9QD--SA,PhantomShorts,2,https://img.youtube.com/vi/pgqC0QGpVOs/mqdefault.jpg,https://youtube.com/video/pgqC0QGpVOs?channelId=UCctYlNNXP7rgokDY9QD--SA
https://i.playboard.app/p/96c68777eed70d848174548414fe76c5/100x100.jpg,https://youtube.com/channel/UCJquRn5s6Wl79JLpFtCz7Hw,Funny Club TV,3,https://img.youtube.com/vi/5TG5CaYA0IA/mqdefault.jpg,https://youtube.com/video/5TG5CaYA0IA?channelId=UCJquRn5s6Wl79JLpFtCz7Hw
https://i.playboard.app/p/fxGKYucJAVme-Yz4fsdCroCFCrANWqw0ql4GYuvx8Uq4l_euNJHgE-w9MTkLQA805vWCi-kE0g/100x100.jpg,https://youtube.com/channel/UCX6OQ3DkcsbYNE6H8uQQuVA,미스터 비스트,4,https://img.youtube.com/vi/Tbn4cYCaZCk/mqdefault.jpg,https://youtube.com/video/Tbn4cYCaZCk?channelId=UCX6OQ3DkcsbYNE6H8uQQuVA
https://i.playboard.app/p/AKedOLTo3k6zSIKT4tg4XWjyDvc9I2M355dwAxvdwQ/100x100.jpg,https://youtube.com/channel/UCNQAoLEv87L7NgUp4We3HIg,CRAZY GREAPA,5,https://img.youtube.com/vi/8KhMD197qnk/mqdefault.jpg,https://youtube.com/video/8KhMD197qnk?channelId=UCNQAoLEv87L7NgUp4We3HIg
https://i.playboard.app/p/default/100x100.jpg,https://youtube.com/channel/UC-tw06woNZ-x2OxQKjuI8SQ,Rainbow friends Fans,6,https://img.youtube.com/vi/YmkJTerl5Gs/mqdefault.jpg,https://youtube.com/video/YmkJTerl5Gs?channelId=UC-tw06woNZ-x2OxQKjuI8SQ
https://i.playboard.app/p/QW-VWhv9Eq89fh5fRKJgAGMpZa5WwgAVoL5KGvKWBVEthaEGDpPDd8ux6cQqkG1aeHbUyV-IiiU/100x100.jpg,https://youtube.com/channel/UCJfNJmcv6LXCDsaa2kB_-7A,MaviGadget,7,https://img.youtube.com/vi/3xEzbhCnRTQ/mqdefault.jpg,https://youtube.com/video/3xEzbhCnRTQ?channelId=UCJfNJmcv6LXCDsaa2kB_-7A
https://i.playboard.app/p/0gIZc5nV_jszcVQ78Iv_xkpHje_ejFSF7WYDnGzuT-tZKfvlpSYfSPEpK64Cg6W08nttTYrF/100x100.jpg,https://youtube.com/channel/UCZbxOF4JvldBz1jYDURg_gQ,Taylor Red TV,8,https://img.youtube.com/vi/pYyeDK29BkM/mqdefault.jpg,https://youtube.com/video/pYyeDK29BkM?channelId=UCZbxOF4JvldBz1jYDURg_gQ
https://i.playboard.app/p/OSl9deMsHj1s3Ph-j4IYTZcmGfU5QF7tJUZ5GCE7ftktdwM6EWZGpJeCgMAh0hKC5V5Jc4BZuvI/100x100.jpg,https://youtube.com/channel/UC5-E_dowa1WfHYz6eSTGTHQ,Lola LoL,9,https://img.youtube.com/vi/NMB7YhhUqro/mqdefault.jpg,https://youtube.com/video/NMB7YhhUqro?channelId=UC5-E_dowa1WfHYz6eSTGTHQ
https://i.playboard.app/p/ZEOcNszgxN3bqT5ojNlADnbuGmZ2ymzJVjE5Xq7VAKkwYWd15HETkd2FMsHH5S66VgN9PldhZw/100x100.jpg,https://youtube.com/channel/UCgNU1xNRe9Ejtcg8R98FjQA,Lil'Loop,10,https://img.youtube.com/vi/8OEkvNyDOns/mqdefault.jpg,https://youtube.com/video/8OEkvNyDOns?channelId=UCgNU1xNRe9Ejtcg8R98FjQA
https://i.playboard.app/p/acAMqctnX0O5Un6ES7nNE4lOWw5Daoh7usKnZaoQGgl4rpYmXAgawN1dVsduCrrahVdTn9HX4w/100x100.jpg,https://youtube.com/channel/UCVrIUOl2H2NRP8CxpAVNqpA,DreamWeaver,11,https://img.youtube.com/vi/yMWzuA1ydCo/mqdefault.jpg,https://youtube.com/video/yMWzuA1ydCo?channelId=UCVrIUOl2H2NRP8CxpAVNqpA
https://i.playboard.app/p/54H-PcNrwI_S2Z26WPaMrZafO9BsJaHDq_X4xmGqz3FU4z26qXCJuMtLl2VkZM0muo9S20Q_jQ/100x100.jpg,https://youtube.com/channel/UCjdrGjv4bGt5HvApBe1HADQ,ElegantBeautybyBritt,12,https://img.youtube.com/vi/UQdClvxfeiw/mqdefault.jpg,https://youtube.com/video/UQdClvxfeiw?channelId=UCjdrGjv4bGt5HvApBe1HADQ
https://i.playboard.app/p/2e6d65561aa953592d3094e6bc2bcbeb/100x100.jpg,https://youtube.com/channel/UC57LcmyyZGQ2azPREsxwWSw,J House jr.,13,https://img.youtube.com/vi/A4vOu5H3E5Q/mqdefault.jpg,https://youtube.com/video/A4vOu5H3E5Q?channelId=UC57LcmyyZGQ2azPREsxwWSw
https://i.playboard.app/p/LKfV9YSjY7Is112V8leOWRXMzTK_tfH2sE1m7qznITmUQABPSgN-rPAAy4abC11qnFyzMk2Qeg/100x100.jpg,https://youtube.com/channel/UCcqIANwDbdjHQWlN3tl1T2A,ZYCBBM,14,https://img.youtube.com/vi/GncF4HmIK6Q/mqdefault.jpg,https://youtube.com/video/GncF4HmIK6Q?channelId=UCcqIANwDbdjHQWlN3tl1T2A
https://i.playboard.app/p/Ns5Skm0JSx4yDSs-RRBiXVxVekxgxPXYNEV5a_k5XJho9ajjPjkjuzgaH8XypHDwgadnpGpKGg/100x100.jpg,https://youtube.com/channel/UC2uQ0-wdGkBJab4PuRVOe5w,Nasty Naz,15,https://img.youtube.com/vi/94nj8u0c8D4/mqdefault.jpg,https://youtube.com/video/94nj8u0c8D4?channelId=UC2uQ0-wdGkBJab4PuRVOe5w
https://i.playboard.app/p/EpaUIwNcdR2itGZV_ADzFcPv0ADuhwd0M0BRWZFd0NinKiU_z7CIPcdga59mOP3fRNEWK5gV1Q/100x100.jpg,https://youtube.com/channel/UC_485Ao_SxlCaBlOZORVsVQ,Zdak,16,https://img.youtube.com/vi/iEpyRcp_Q_Y/mqdefault.jpg,https://youtube.com/video/iEpyRcp_Q_Y?channelId=UC_485Ao_SxlCaBlOZORVsVQ
https://i.playboard.app/p/008cf75cde2549468887371f5b0cacf7/100x100.jpg,https://youtube.com/channel/UCaUYEpZMc9SLaqb5oLxGOFw,Super Max,17,https://img.youtube.com/vi/osthb-SmzEo/mqdefault.jpg,https://youtube.com/video/osthb-SmzEo?channelId=UCaUYEpZMc9SLaqb5oLxGOFw
https://i.playboard.app/p/L7C86paV-GRp5UegK_WDGuQsVV8TLxGrWdItDgpKdD5EbzRBeTMA0ktReHR9ULtWj0rg8WK7/100x100.jpg,https://youtube.com/channel/UCelA-HSTdhZnIinSaTOI6lQ,4 Friends | Kids Stories,18,https://img.youtube.com/vi/MIqzPiWq_lo/mqdefault.jpg,https://youtube.com/video/MIqzPiWq_lo?channelId=UCelA-HSTdhZnIinSaTOI6lQ
https://i.playboard.app/p/fc6dd655626bcf155162c942714412da/100x100.jpg,https://youtube.com/channel/UCyagEfIN1okQ-s996XAqCFQ,Zhong,19,https://img.youtube.com/vi/uDfySVzNxeE/mqdefault.jpg,https://youtube.com/video/uDfySVzNxeE?channelId=UCyagEfIN1okQ-s996XAqCFQ
https://i.playboard.app/p/vgI70CSaZfryT52SjS37ulN4Q3-xbdGyiokpqt9OFO0na2-Gx59mJvOmj27GPoxrgYKYnv1sVRc/100x100.jpg,https://youtube.com/channel/UCIxSlKucQPCZv_ACGYtR9aw,JD Records,20,https://img.youtube.com/vi/5WhD1aMj9yI/mqdefault.jpg,https://youtube.com/video/5WhD1aMj9yI?channelId=UCIxSlKucQPCZv_ACGYtR9aw
