category,categoryId,channelTitle,commentCount,country,description,id,likeCount,publishedAt,tags,title,url,viewCount
entertainment,22,obsessedblade,2017,US,,PD9NE_W1a-4,1348392,2025-04-15T21:10:21.000Z,,That Was UNBELIVABLE Sharp Homemade Swords😳,https://www.youtube.com/watch?v=PD9NE_W1a-4,22717603
entertainment,24,OKTOR,7676,US,"🚨 Entertainment Purpose Only 🚨

Troll Face Edits,
Troll Face,

Related:-
Moment Before Disaster, 
Troll Face, 
Troll Face Edit,
Troll,
Moments Before Disaster, 
#trollface #troll

Tags:-
#geography#russia #usa#canada#history#worldwar#geography#maps#freepalestine#israel#nowary#geography#edit#maps#safevid#ottoman#umayyad#mughal#date#ussr#marathaempire#siwil#china#billgates#romania#japan#sealand#ohio#southkorea#ukraine#ireland#argentina#brazil#saudiarabia#turkey#greece#russia#algeria#indoneisa#usa#uk#norway#denmark#germany#france#continent#army#italy#world#korea#china#afghanistan#syria#jordan#eygpt#canada#niger#army#megustastu#albania#bulgaria#azerbaijan#vietnam#laos#cambodia#angola#poland#tazmania#angola#elsalvador#nicaragua#trollface#edit#countries#leaders#sigma#trending#northkorea#uzbekistan#gana#nato#oman#iraq#usa#conflict#meme#geographyer#ottoman#countryballs#syria#bulgaria#romania#greece#shortsvideo#viralvideo#tiktokvirals#mongolia#japan#hungary#czechia#edits#ukraine#australia#summer#finland#morocco#armenia#palestine#malaysia#iran#ıraq#mongolia#new#keşfet#türkiye#turkey#viralshorts#ww2#ww1#mapping#country#allied#real#middleeast#world#palestine#centralpowers#future#nowary#ussr#reels#shorts#meme#earth#china#japanese#italy#europe#asia#australia#fun#geography#youtube#trend#new#cuba#mexico#philipinnes#cambodia#south#north#austria#hungary#sweet#azerbaijan#edit#music#gigachad#true#animals#naberyoutube#flag#backgraund#commander#army#soldier#now#than#past#helpme#makethe#japanese#hirohito#trending#peace",iOxrTay2dg8,926410,2025-04-20T11:48:03.000Z,,Fast it up 💀,https://www.youtube.com/watch?v=iOxrTay2dg8,16142953
entertainment,24,PhantomShorts,1411,US,Him being kind is making me sob 🥹 She wanted to test job applicants #fyp #emotional #movie #edit #shorts #interesting #relationship #film #funny #memories #viral #trending #feedshorts #blowup #youtubeshorts #diewithsmile #foryou #golddigger #couple #love #army,g-if08Ep-84,1324445,2025-04-18T12:22:31.000Z,"[julie and the phantoms season 2, julie and the phantoms soundtrack, julie and the phantoms songs, julie and the phantoms react, julie and the phantoms perfect harmony, julie and the phantoms wake up, julie and the phantoms stand tall, julie and the phantoms ending, julie and the phantoms, julieandthephantoms, edge of great, jatp, jatp full episodes, descendants, Disney karaoke, Disney shows edit, Netflix series, What to watch, Movie, julie and the phantoms 2, jatp song, teen, comedy]",Him being kind is making me sob 🥹 #fyp #emotional #film #shorts,https://www.youtube.com/watch?v=g-if08Ep-84,20079409
entertainment,10,Snow Moments,28206,US,,Zzyuh0Kyi3U,1801711,2025-04-15T23:06:40.000Z,,His loyalty saved his life😳,https://www.youtube.com/watch?v=Zzyuh0Kyi3U,38697047
entertainment,22,Daddy Cooper,1345,US,Show: Georgie and Mandy's first marriage,UKjopZLMT0U,772279,2025-04-18T15:00:47.000Z,,Georgie confronts Todd 💀💀 ep 17,https://www.youtube.com/watch?v=UKjopZLMT0U,11525278
entertainment,23,KillJoe,2437,US,SUBSCRIBE #TonyHinchcliffe #KamPatterson #AriMatti #WilliamMontgomery #AriMatti #CaseyRocket  #HansKim #BrianRedban #KillTony #Adamray #drphill #shanegillis #mattmckusker #bobbylee #andrewsantino #theovon #joerogan #trump  #davidlukas #ahrenbelisle #martinphillips #DMadness #MichaelAGonzales #JonDeas #MatthewMuehling #JoeWhite #KristieNova #Yoni #TroyConrad #BigJayOakerson #LuisJGomez #DaveSmith #podcasts #shorts #viral #funny #comedy #standupcomedy #standup #comedymoments  #comedyshorts #funnycomedy #funnyshorts #funnystories #funnyclips #funnymoments  #comedyvideos #podcastclips #funny #funnycomedy,8LRSWPeOoV8,584208,2025-04-16T21:00:07.000Z,"[Kill Tony, Tony Hinchcliffe, Kam Patterson, Ari Matti, William Montgomery, Casey Rocket, Hans Kim, Brian Redban, Adam Ray, Dr Phil, Shane Gillis, Matt McKusker, Bobby Lee, Andrew Santino, Theo Von, Joe Rogan, Trump]","Tony Hinchcliffe ROASTS Doboy!! 🤣🤣| All Def Roast Me, ft. Tony Hinchcliffe",https://www.youtube.com/watch?v=8LRSWPeOoV8,7561750
entertainment,22,LUCKY_MAN,8993,US,"Troll Face Edits,
Troll Face,

Related:-
Moment Before Disaster, 
Troll Face, 
Troll Face Edit,
Troll,
Moments Before Disaster, 
#trollface #troll

Tags:-
#geography#russia#usa#canada#history#worldwar#geography#maps#freepalestine#israel#nowary#geography#edit#maps#safevid#ottoman#umayyad#mughal#date#ussr#marathaempire#siwil#china#billgates#romania#japan#sealand#ohio#southkorea#ukraine#ireland#argentina#brazil#saudiarabia#turkey#greece#russia#algeria#indoneisa#usa#uk#norway#denmark#germany#france#continent#army#italy#world#korea#china#afghanistan#syria#jordan#eygpt#canada#niger#army#megustastu#albania#bulgaria#azerbaijan#vietnam#laos#cambodia#angola#poland#tazmania#angola#elsalvador#nicaragua#trollface#edit#countries#leaders#sigma#trending#northkorea#uzbekistan#gana#nato#oman#iraq#usa#conflict#meme#geographyer#ottoman#countryballs#syria#bulgaria#romania#greece#shortsvideo#viralvideo#tiktokvirals#mongolia#japan#hungary#czechia#edits#ukraine#australia#summer#finland#morocco#armenia#palestine#malaysia#iran#ıraq#mongolia#new#keşfet#türkiye#turkey#viralshorts#ww2#ww1#mapping#country#allied#real#middleeast#world#palestine#centralpowers#future#nowary#ussr#reels#shorts#meme#earth#china#japanese#italy#europe#asia#australia#fun#geography#youtube#trend#new#cuba#mexico#philipinnes#cambodia#south#north#austria#hungary#sweet#azerbaijan#edit#music#gigachad#true#animals#naberyoutube#flag#backgraund#commander#army#soldier#now#than#past#helpme#makethe#japanese#hirohito#trending#peace",fAtVPSmMXII,,2025-04-16T12:10:01.000Z,,Moment Before Cooked ☠️ #trollface #edit #shorts,https://www.youtube.com/watch?v=fAtVPSmMXII,135740856
entertainment,10,Ngamshishi,7853,US,"Cake Boss is an American reality television series that originally aired on the cable television network TLC. The series premiered on April 19, 2009, and spawned four spin-offs: Next Great Baker, Kitchen Boss, Bake You Rich, and Bakery Boss.

On January 26, 2015, Cake Boss was renewed for two additional seasons, which aired on TLC until 2017. Season 9 premiered on May 18, 2019, with the show moving to TLC's sister network, Discovery Family. The show officially ended on April 11, 2020.",9trJTiOB8BE,2485963,2025-04-14T22:14:13.000Z,,he was born for this #shorts #funny #explore #comedy #usa #cakeboss #bake #cake #bakery #buddy #fyp,https://www.youtube.com/watch?v=9trJTiOB8BE,45368154
entertainment,10,SHIVAA HI DEF,6729,US,,GscNgrVcnek,1012822,2025-04-15T00:31:21.000Z,,Nice ! 🫠 #fyp #funnyvideos #lol #daughter #fypシ #youtuber,https://www.youtube.com/watch?v=GscNgrVcnek,13207472
entertainment,1,FlickPeek,11423,US,"The Good Lord Bird S01E03

Copyright Disclaimer:
The content on this channel, FlickPeek, is intended for entertainment and educational purposes only. All video clips, images, and audio used in this video are the property of their respective owners, and no copyright infringement is intended.

Fair Use Statement:
In accordance with Section 107 of the Copyright Act 1976, allowance is made for ""fair use"" for purposes such as criticism, comment, news reporting, teaching, scholarship, and research. This video qualifies under fair use because:
* It is transformative in nature.
* Only a portion of the original material is used.
* The purpose is to provide commentary, critique, and insight.

Important Note: If you are the rightful owner of any material used in this video and wish to have it removed, please contact us, and we will comply promptly.

#fyp",cw6EmhnQXTM,911459,2025-04-16T13:01:15.000Z,,Arrogant officer gets humbled instantly #series #shorts #thegoodlordbird,https://www.youtube.com/watch?v=cw6EmhnQXTM,8648005
entertainment,22,Mindlab,1346,US,"Joe Rogan Reacts To A Cop Getting Schooled

https://www.instagram.com/_mind.lab/

#joerogan #shorts #karma",wm9vMIipSUU,221829,2025-04-20T12:29:54.000Z,,Joe Rogan Reacts To A Cop Getting Schooled,https://www.youtube.com/watch?v=wm9vMIipSUU,4123106
entertainment,22,Shawn Ryan Shorts,6164,US,,R-kz3deX1uU,950198,2025-04-14T14:47:34.000Z,,Would you risk it? 🤣,https://www.youtube.com/watch?v=R-kz3deX1uU,13131498
entertainment,22,SpeedClips,3530,US,#ishowspeed #viral #trending #caring #shorts,lBSAKPpoCXQ,744554,2025-04-17T11:30:42.000Z,,Seriously Don't Ever Check The Sound 💀,https://www.youtube.com/watch?v=lBSAKPpoCXQ,11896375
entertainment,27,Law By Mike,2913,US,"How Criminals Escaped The Police! Subscribe to @LawByMike for more tips! 

Do you want more details on this law, it’s in my newsletter! Join The Free Law By Mike Newsletter Here! 
*link in bio* or go to https://newsletter.lawbymike.com/subscribe

⭐ Join the channel membership and get priority responses to your comments! ⭐
*link in bio*

⚖️ Questions? Issues?👇 
go to IThinkIHaveACase.com *link in bio*

#law #education #mrbeast #police #lawyer #lawbymike #repeatafterme #tiktok #youtubeshorts #cop #cops #lawyers #legal #attorney #lawschool #hacks #legal

DISCLAIMER (Of course, I'd have one 😁)
Hey, you might think that this info makes me your lawyer, but it doesn’t and I’m not. Sorry, but I AM NOT YOUR LAWYER unless we have an engagement agreement. I am just providing public information here, like a library does, and am not providing you with legal advice about your situation. So, it would be totally unreasonable for you to conclude we have an attorney-client relationship just because you're viewing this information.",i8B8qHeA8gI,1848860,2025-04-14T18:28:21.000Z,"[law, lawyer, laws, hacks, law by mike, lawbymike, lawyer reacts, lawyer tips, legal, repeat after me, repeatafterme, shorts, shorts hot, shorts video, shorts youtube, social media addiction, tips, tips and tricks, tricks, tricky, law by mike tiktok, law school, lawsuit, lawsuit explained, lawsuits and settlements, legal analysis, mrbeast, music, real lawyer, songs, lawyers, reaction, tiktok, tik tok, funny, youtube shorts, trending, funny videos, react, memes, mike, beast, jimmydonaldson]",Real Ways Criminals Escaped The Police,https://www.youtube.com/watch?v=i8B8qHeA8gI,33300835
entertainment,1,Brought Kooky,1646,US,,4wOpPxrcUsM,1168937,2025-04-16T15:06:00.000Z,,DR: I’ve always wanted to say that.#show #shorts #shortvideo #doctorwho #doctor #say #want #tv #wow,https://www.youtube.com/watch?v=4wOpPxrcUsM,15065700
entertainment,1,Jordan Recapped,4721,US,,pRtu9AcNKrE,339557,2025-04-20T17:58:00.000Z,,Reddington splashes money at the bar.#shorts #viralvideo #shortvideo #foryou #reddington,https://www.youtube.com/watch?v=pRtu9AcNKrE,4090491
entertainment,22,Auntie Charli,3270,US,,H5yAzD6IRwE,439096,2025-04-18T21:09:56.000Z,,The different types of people at family reunions #pov #relatable #comedy #skit,https://www.youtube.com/watch?v=H5yAzD6IRwE,11540508
entertainment,10,Music Media,576,US,"Credit: HOT 97 🎥, Recording Academy / GRAMMYs 🎥, Tyler The Creator 🎥
We respect copyright laws and comply with takedown requests. If you believe your rights have been infringed, please contact us for prompt resolution. We also follow ""Fair Use"" guidelines, using material for commentary, criticism, and educational purposes.

Song: Tyler The Creator - NEW MAGIC WAND

Lyrics: when I was 12 7th grade punched me in my face had braces at the time you get punched in the face your lips are instantly like this I'm just looking at him and I'm like oh I just walk in the house and my mom's on the phone and then she sees me and she's like what the let me call you back she's like what the happened I'm like ahuhuh you can't talk and she's like who did it and I'm like Papa it's a kid and they called him Papa that was his nickname okay she was like come on come with me she takes me out and she like ay you and that like oh and he runs home she starts running after this bro he go in the house close his door she out there open the door you bro they had to call the cops my mom was down to catch with anyone that with me that's my mom if y'all were wonderin' haha alright I gotta say my speech dawg to my mother you did a great job raising this guy haha I live life with no fear except for the idea that one day you won't be here

Description Tags: tyler the creator mom tyler the creator mother tyler the creator tyler the creator's mom tyler the creator's mother tyler the creator as a kid tyler the creator in school tyler the creator 7th grade tyler the creator when he was younger tyler the creator story tyler the creator bully tyler the creator bullied tyler the creator beef tyler the creator diss tyler the creator disses tyler the creator dissed tyler the creator dissing tyler the creator

Watch this video on our other pages:
https://www.tiktok.com/t/ZP8jboM1K/
https://www.instagram.com/reel/DIvLJ4sOa_1/",y7VS2T-Jkos,239763,2025-04-22T05:33:55.000Z,"[tyler the creator, rap, diss, edit]",He PUNCHED Tyler The Creator 😳🥊,https://www.youtube.com/watch?v=y7VS2T-Jkos,3063865
entertainment,24,Stanimus,4549,US,"Banned Doritos Commercial 
Discord: https://discord.gg/GameRebel
Twitch: https://twitch.tv/PapaStanimus
Twitter: https://www.twitter.com/PapaStanimus
Instagram: https://www.instagram.com/PapaStanimus
Facebook: https://www.facebook.com/PapaStanimus
TikTok: https://www.tiktok.com/@PapaStanimusGaming
Reddit: https://www.reddit.com/r/papastanimus

Send me stuff to open on stream!
12470 York St. # 638
Eastlake, CO 80614

#funnycommercials #reaction #shorts

trunk monkey,trunk monkey commercial,monkey,trunk,funny,funny songs,funniest,countdown,top 10 funniest,retro,funny commercials,funny videos,dating advice,make you laugh,car commercials,funny ads,top 10 super bowl,anti theft,gun,best super bowl ads,auto,memes,super bowl commercials,top rated cars,super bowl ads,car dealerships,groups,friend,recalls,suburban,best cars,hilarious,carjacking,best ads ever,apes,nostalgix,epic fails,commercials,classic commercials",9hM1n3_VHmI,342608,2025-04-19T22:30:57.000Z,"[trunk monkey commercial, monkey, trunk, funny, funny songs, funniest, countdown, top 10 funniest, retro, funny commercials, funny videos, dating advice, make you laugh, car commercials, funny ads, top 10 super bowl, anti theft, gun, best super bowl ads, auto, memes, super bowl commercials, top rated cars, super bowl ads, car dealerships, groups, friend, recalls, suburban, best cars, hilarious, carjacking, best ads ever, apes, nostalgix, epic fails, commercials, classic commercials]",Banned Doritos Commercial,https://www.youtube.com/watch?v=9hM1n3_VHmI,5490896
entertainment,22,Nick Wilkins,,US,,-aa1xisZiK0,312544,2025-04-17T19:18:55.000Z,,When you can’t find the sound,https://www.youtube.com/watch?v=-aa1xisZiK0,7368993
entertainment,10,𝕭𝖊𝖆𝖘𝖙𝖑𝖞 𝕾𝖔𝖓𝖌𝖘,9195,US,,kg8O8za-ugw,1220166,2025-04-16T16:21:48.000Z,,Dog's reaction when owner is fainted #shorts #dog,https://www.youtube.com/watch?v=kg8O8za-ugw,32491562
entertainment,22,Sydney Raniszeski,6387,US,,rrCvy3rAn_g,,2025-04-21T22:51:54.000Z,,do you think these are embarrassing?!😭😭 #fyp #dance,https://www.youtube.com/watch?v=rrCvy3rAn_g,2271428
entertainment,22,EpicFraee,2390,US,Ranking Most Impressive Videos 6 😎 #best #tiktok #impressive #impressiveskills,7Y1xiArezcY,1496985,2025-04-17T20:30:23.000Z,,Ranking Most Impressive Videos 6 😎 #best #tiktok,https://www.youtube.com/watch?v=7Y1xiArezcY,22285167
entertainment,22,Forrest Frank,22129,US,,U7sNQqIuLUU,400825,2025-04-19T15:47:18.000Z,,this guy wins YOUR WAYS BETTER 🕺🙌 (Dedrick Green),https://www.youtube.com/watch?v=U7sNQqIuLUU,5431200
entertainment,19,Zack D. Films,4198,US,,gXqX3eIa8l8,623301,2025-04-19T17:30:17.000Z,,Can Bulletproof Vests Stop A Cannonball? 🤔,https://www.youtube.com/watch?v=gXqX3eIa8l8,6756523
entertainment,22,YxShort,657,US,,FfnOcYV33Yo,476486,2025-04-18T08:13:16.000Z,,Carl discovered that his colleague had done something bad?#shameless #shorts #tvshow,https://www.youtube.com/watch?v=FfnOcYV33Yo,5332777
entertainment,1,Marcella Devereaux,6588,US,"In this pivotal scene from Three-Body Problem Season 1, Episode 2, physicist Jin Cheng (portrayed by Jess Hong) dons the VR headset provided by Ye Wenjie, entering the virtual realm of ""Three-Body."" Assuming the avatar of Copernicus, she meets the Count of the West and his companion, the Follower. The Count invites Copernicus to the pyramid to consult Emperor Zhou on the sun's erratic movements, explaining that during chaotic eras, the emperor seeks guidance from scholars to ensure the survival of their people. As they discuss, the virtual sun unexpectedly rises from the cold night, melting surrounding ice. Seeking shelter under a rock, space constraints force the Count to push the Follower out. The Follower pleads not to be abandoned, then removes her coat and lies on the ground. Under Copernicus's astonished gaze, she dehydrates under the sun's heat, leaving only her skin. When the sun sets, the Count rolls the dried skin and hands it to Copernicus, explaining that dehydration preserves individuals during chaotic eras, allowing rehydration in stable times. They then proceed toward the pyramid.​

Virtual Reality Immersion: Jin Cheng's experience as Copernicus offers a deep dive into the game's complex world.​

Civilization's Ritual: The depiction of dehydration as a survival mechanism during chaotic eras highlights the civilization's resilience.​

Sacrificial Act: The Follower's voluntary dehydration underscores themes of devotion and the lengths individuals go to ensure their community's survival.​

Complex World-Building: The series intricately weaves virtual reality with profound cultural practices, offering viewers a unique narrative experience.​

Stunning Visuals: The portrayal of the virtual sun and the dehydration process is both visually captivating and thought-provoking.​

Deep Philosophical Themes: The episode delves into survival, sacrifice, and the human spirit's resilience, prompting viewers to reflect on their own beliefs and values.​

🔥 LIKE if this scene left you pondering its deeper meanings!
💬 COMMENT: What are your thoughts on the civilization's unique survival method?
🔔 SUBSCRIBE for more insights into the Three-Body Problem series!

#ThreeBodyProblem #JinCheng #VirtualReality #Civilization137 #Sacrifice #SciFiSeries #JessHong #SurvivalRituals #DeepThemes #MustWatch #TVScene #ThoughtProvoking #SciFiDrama",HlkIpdHcJek,1166535,2025-04-11T14:04:33.000Z,,3 Body Problem (S1E2) | Copernicus's Encounter with the Count and the Follower,https://www.youtube.com/watch?v=HlkIpdHcJek,22066458
entertainment,22,Chef's Kiss,900,US,,1zRdVf9Njrg,501637,2025-04-19T02:12:21.000Z,,MasterChef Contestant Presents Plagiarized Dish? 😳🤦‍♂️,https://www.youtube.com/watch?v=1zRdVf9Njrg,7115835
entertainment,22,ShorterT,13552,US,"Short Film Title:
Groundhog Day For A Black Man",Upy-b_keHHo,2040414,2025-04-13T15:41:15.000Z,,Crazy Cops  #shortflim #film #cops #timeloop #loop,https://www.youtube.com/watch?v=Upy-b_keHHo,22658047
entertainment,24,Unchill Guy,1337,US,"Who knew snoring could be this legendary?

If you love hilarious, unfiltered moments, hit that subscribe button and join the UnchillGuy crew!
https://www.youtube.com/channel/UCWbOLDILXFU8i8DBOVyVRBw/join

#shorts #tiktok #snoring #memes",lnDIaGFbVsY,524941,2025-04-19T23:30:12.000Z,,Ranking The Best Snore Moment,https://www.youtube.com/watch?v=lnDIaGFbVsY,8406519
entertainment,24,MrBeast,1618,US,,7K-yxGWYsnk,442109,2025-04-22T16:30:14.000Z,,"$10,000 Human Shuffleboard",https://www.youtube.com/watch?v=7K-yxGWYsnk,9896544
entertainment,22,MOVIE TART,688,US,#lol,hq4T6ValL5Q,342141,2025-04-21T00:00:42.000Z,,Marge participated in cooking contest,https://www.youtube.com/watch?v=hq4T6ValL5Q,4821264
entertainment,22,Double Date,15531,US,,Os_hliT8ap8,592348,2025-04-17T13:56:14.000Z,,WAIT FOR IT... BABIES CAN TALK?! 👶🍼 #funny #shorts #funnyvideos #viral,https://www.youtube.com/watch?v=Os_hliT8ap8,14873074
entertainment,22,Nahshon Slater,2512,US,,uCoWA-73y44,364625,2025-04-15T03:18:32.000Z,,#short,https://www.youtube.com/watch?v=uCoWA-73y44,10509680
entertainment,1,The Rookie (Fan Page),1120,US,"🎥 The Rookie (2018)
Season 7, Episode 14
— ©️ ABC

🎬 Watch The Rookie on Tuesday at 9PM live on ABC, or the next day on Hulu! Subscribe for more clips! 🎬

#police #tv #scene #clips #clip #shorts #nathanfillion #timbradford #milespenn

-

The Rookie is an American police procedural television series created by Alexi Hawley for ABC. The series follows John Nolan, a man in his forties, who becomes the oldest rookie at the Los Angeles Police Department (LAPD). The series is produced by ABC Signature and Lionsgate Television; it is based on real-life LAPD officer William Norcross, who moved to Los Angeles in 2015 and joined the department in his mid-40s.

The series stars Nathan Fillion (John Nolan), Alyssa Diaz (Angela Lopez), Richard T. Jones (Wade Grey), Titus Makin Jr. (Jackson West), Mercedes Mason (Zoe Andersen), Melissa O'Neil (Lucy Chen), Afton Williamson (Talia Bishop), Eric Winter (Tim Bradford), Mekia Cox (Nyla Harper), Shawn Ashmore (Wesley Evers), Jenna Dewan (Bailey Nune), Tru Valentino (Aaron Thorsen), Lisseth Chavez (Celina Juarez), Deric Augustine (Miles Penn), and Seth Ridley (Patrick Keleher). The Rookie premiered on October 16, 2018.",s2Ve3bHoLzc,648909,2025-04-16T13:01:47.000Z,,Bradford gets a weird message | #TheRookie (SPOILERS!),https://www.youtube.com/watch?v=s2Ve3bHoLzc,10372468
entertainment,22,ViralClub,1654,US,source (Joe Rogan Experience #1910 - Mark Laita),59eUpCl2x24,200757,2025-04-19T13:08:34.000Z,,joe is shocked by Whitaker's family tree,https://www.youtube.com/watch?v=59eUpCl2x24,4799573
entertainment,24,PacRackz,1651,US,,Y8QuG9HQeCQ,652247,2025-04-15T05:52:32.000Z,,yall are laughing and this is fr our next Timothée Chalamet 😅👏🏽🤣 #funny #viralvideo #shorts,https://www.youtube.com/watch?v=Y8QuG9HQeCQ,8864739
entertainment,22,Rf Deville,3575,US,,Yxplbc3iJDM,1527495,2025-04-11T14:00:48.000Z,,Escape from a sniper's rifle,https://www.youtube.com/watch?v=Yxplbc3iJDM,28184210
entertainment,17,Trevor Hannant,2077,US,,5m80z19WZ_I,945301,2025-04-17T13:59:09.000Z,,Floating TORNADO kick tutorial,https://www.youtube.com/watch?v=5m80z19WZ_I,24084937
entertainment,20,OmegaLayer,3026,US,#memes #funny  #comedy  #shortvideo  #fyp  #trending  #shorts  #viralshorts  #subscribe  #trendingshorts  #viralvideo  #foryou,YSVUpTFt3-c,369330,2025-04-19T19:53:43.000Z,,Use the sound,https://www.youtube.com/watch?v=YSVUpTFt3-c,4065766
entertainment,24,The Wolf Entertainment,931,US,"Come one step closer and I will knock his teeth out. #onceuponatimeinhollywood #bradpitt #movie #quentintarantino #perioddrama #showbizdrama #margaretqualley 
Welcome to Los Angeles in 1969 through the unique lens of genius director Quentin Tarantino in Once Upon a Time... in Hollywood. This film is an emotional journey, blending dark humor, nostalgia for Hollywood’s golden age, and the signature surprises that only Tarantino can deliver.

The story revolves around Rick Dalton (played by Leonardo DiCaprio), a fading television star struggling to hold onto his former glory, and his loyal friend and stunt double, Cliff Booth (Brad Pitt). Together, they try to find their footing in a rapidly changing Hollywood, where the spotlight no longer shines as brightly as it once did. Along the way, their lives intertwine with real historical events, including the ominous shadow of the Manson Family—a dark chapter in American history.

Joining the duo, Margot Robbie brilliantly portrays Sharon Tate—the iconic beauty and talent of the 1960s—bringing a radiant and heartfelt energy to the screen. The film isn’t just a tale of careers and friendship; it’s also a loving tribute to cinema, featuring breathtaking visuals that vividly recreate a bygone era.

The soundtrack is an unmissable highlight, with 1960s hits perfectly timed to transport viewers back in time. From dusty bars and dazzling film sets to the sun-drenched streets of L.A., every frame is meticulously crafted. And, as with all of Tarantino’s works, the climax will leave you speechless with twists you’ll never see coming.
Press play to step into a Hollywood that’s both glamorous and chaotic, where dreams and nightmares are separated by a razor-thin line. Don’t forget to leave a comment and share your thoughts after watching!",dvYQ95hpQaQ,382708,2025-04-17T17:00:50.000Z,"[Once Upon a Time... in Hollywood, once upon a time in hollywood, movies, film, moive shorts, short films, Quentin Tarantino, Brad Pitt, Leonardo DiCaprio, Margot Robbie, Margaret Qualley, Luke Perry, Kurt Russell, Al Pacino, Bruce Dern, Michael Madsen, Austin Butler, Dakota Fanning, Emile Hirsch, Mikey Madison, Mike Moh, Damian Lewis]",Come one step closer and I will knock his teeth out. #onceuponatimeinhollywood #bradpitt #movie,https://www.youtube.com/watch?v=dvYQ95hpQaQ,5466274
entertainment,24,Roy,5289,US,#relatable #america #usa #american #unitedstates #unitedstatesofamerica  #boston #newyork #nyc #uk #unitedkingdom #britain #canada #australia  #suspensestories #plottwist #loop #teen #college #exciting #mystery #surprise #suspense #norway #switzerland #denmark #newzealand #belgium #netherlands,I7adFhI887Q,448664,2025-04-18T18:00:14.000Z,,pov: you feel sick #relatable,https://www.youtube.com/watch?v=I7adFhI887Q,4746821
entertainment,22,InfinityReel,3246,US,,5NAw9KNvMp0,955269,2025-04-14T14:56:05.000Z,,The END results looks amazing!!! That transition 🤯 #trending #music #amazing #fyp,https://www.youtube.com/watch?v=5NAw9KNvMp0,10933790
entertainment,22,김프로KIMPRO,2429,US,"#김프로 #유백합 #KIMPRO
🐯Contact🍀
DM : https://www.instagram.com/kimpro828/
E-mail : fm1778@naver.com",6nkNh-2Cd5E,3188867,2025-04-16T15:17:39.000Z,"[김프로, kimpro, 김동준, 김프로유투브, 유투브김프로, 김동준유투브, 유백합, kkubi99, kkubi, 오케이팀, teamok, okteam, ok팀]",Kkubi's dalgona cracked,https://www.youtube.com/watch?v=6nkNh-2Cd5E,188420297
entertainment,27,Brain Boost,8468,US,#sub,eZM5q_LdyFg,1685997,2025-04-13T18:10:42.000Z,,The Friendship-Destroying Game,https://www.youtube.com/watch?v=eZM5q_LdyFg,30590176
entertainment,22,Kamilah Florez,360,US,,0wKmFiH7Al4,374137,2025-04-18T13:41:45.000Z,,He tricked the magician 😨,https://www.youtube.com/watch?v=0wKmFiH7Al4,5044826
entertainment,10,Morgan Jay,714,US,"Morgan Jay makes friendships happen live #comedy #standup #viral #trending 

Comedy special out NOW! Click link to watch 
https://www.youtube.com/watch?v=Ts2wussx4Js

goofygang.com for MERCH!",gzeC3T1J-0c,459203,2025-04-20T16:01:00.000Z,,The Human Dating App #shorts,https://www.youtube.com/watch?v=gzeC3T1J-0c,3924634
entertainment,22,Peakzmotivation,123,US,"He thought they were his friends until they told him there was only room for one more in the car and suggested he take the bus instead. They left him behind, and didn’t think twice. But a few days later, the tables turned. They were all hanging out at the park like usual, when he pulled up with a new friend group. As he is about to get in the car with them, one of the old friends asked if they could come too. He looked back and said the exact same words they told him: “There’s no room in the car.” A quiet but powerful revenge and a reminder that the way you treat people always comes back around. 😨

Fair Use Disclaimer

This video is for educational and transformative purposes, falling under the Fair Use Doctrine (17 U.S.C. §107). It provides original commentary, critique, and a thoughtful revision, contributing added value beyond the original sources.
.
.
.
.
.
#motivation #motivationalquotes #motivational #motivate #motivated #motivatedaily #motivateyourself #mindset
#mindsets #mindsetiseverything #mindsetmatters
#mindsetquotes #mindsetcoach #mentality #millionairementality #mentalityiseverything
#abundancementality #successmentality
#workworkworkworkwork #workhard #workhardplayhard
#bebulletproof #healthymindset #healthymind
#healthymindhealthybody #healthymindbodysoul #selfimprovement #consistencyiskey #consistency",mXOYI6INIso,79641,2025-04-17T11:54:39.000Z,,"His friends left him out, but he came back for revenge😨",https://www.youtube.com/watch?v=mXOYI6INIso,2309493
entertainment,22,Celeb Spot,2525,US,"Credits: @howardstern @TODAY @AccessHollywood @CNN @fightscience 

Gwyneth Paltrow on How Brad Pitt Stood Up to Harvey Weinstein
Gwyneth Paltrow On Sharing Her Harvey Weinstein Story: ‘It Was Time’
Matt Damon Says He Knew That Harvey Weinstein Had Once Harassed Gwyneth Paltrow

How Harvey Weinstein used Gwyneth Paltrow, but she shared this with Brad Pitt who took care of the situation by confronting him. 

Here are five concise and engaging titles:

Brad Pitt Stood Up for Gwyneth Paltrow
*Paltrow's Story: Weinstein and Pitt's Intervention
Brad Pitt vs. Weinstein: The Truth Revealed
Gwyneth Shares Brad Pitt's Heroic Moment
""The Day Brad Pitt Protected Gwyneth""**
 
#harveyweinstein #gwynethpaltrow #pepperpotts #ironman #bradpitt 

⚠️ We respect copyright laws and comply with takedown requests. If you believe your rights have been infringed, please contact us for prompt resolution. We also follow ""Fair Use"" guidelines, using material for commentary, criticism, and educational purposes.",pZ71YwQJ6jw,151954,2025-04-16T12:41:34.000Z,"[celebrity, interviews, inderviews, celevs, gwyneth paltrow, brad pitt, harvey weinstein, allegations]",Gwyneth Paltrow OWES her LIFE to Brad Pitt 🙌,https://www.youtube.com/watch?v=pZ71YwQJ6jw,4862638
entertainment,24,Mappelz,607,US,"A Minecraft Movie has now caused movie theaters to resort to this...

Check Out and Follow The Original Creator.
1. https://www.tiktok.com/@ticketace/video/7492624410764021038

Hit the like button if you enjoyed the video ( 👍)
Subscribe and turn on notifications (🔔)

Follow The Socials: https://solo.to/mappelz

See A Video That You Own? 
Please Email Me at Mappelz@outlook.com and I Will Gladly Give you Credit, or If you'd like, I Can Remove Your Part Of The Video.

If You Have Any Other Problems, Please Email Me! Tysm.

a minecraft movie, minecraft movie, minecraft, movie, chicken, jockey, chicken jockey, surprise, suprise, mappelz, commentary, story, steve, jack black",UPJKovYgtO0,188263,2025-04-21T20:00:20.000Z,"[a minecraft movie, minecraft movie, minecraft, movie, chicken, jockey, chicken jockey, surprise, suprise, mappelz, commentary, story, steve, jack black]",A Minecraft Movie Caused Theaters To Do This 💀,https://www.youtube.com/watch?v=UPJKovYgtO0,2513682
