channelImage,channelLink,channelName,rank,thumbnailUrl,videoLink
https://i.playboard.app/p/iLzm9sY3MDgRN_cmVWRXixikHZu51a8BWsD1ri_tdNCiEGl9NynNc-PNb7qxuGazthxAYndfIA/100x100.jpg,https://youtube.com/channel/UCMEVZK5J38upc4XiRO3sqWQ,NuNu Tv - Nursery Rhymes,1,https://img.youtube.com/vi/8buat5ulKxQ/mqdefault.jpg,https://youtube.com/video/8buat5ulKxQ?channelId=UCMEVZK5J38upc4XiRO3sqWQ
https://i.playboard.app/p/0sLg2R2RhuyakWTbr6U9urT9xWTOQoUH4ikm56dNk5IsvhahKg9ARO4NRuRD7H2OCmzejCYy2g/100x100.jpg,https://youtube.com/channel/UCC2lbKruS3-22iTD_1fe_MQ,NXCRE,2,https://img.youtube.com/vi/sbRH6bwRnzA/mqdefault.jpg,https://youtube.com/video/sbRH6bwRnzA?channelId=UCC2lbKruS3-22iTD_1fe_MQ
https://i.playboard.app/p/AATXAJzwh8kgpvlwK3Lq4JKMO9zvTs798oYgfPK6QJKtlQ/100x100.jpg,https://youtube.com/channel/UCrNRnxyY4zC2KKE9Aos2mPw,123 Andrés,3,https://img.youtube.com/vi/S0FRo3ZHETQ/mqdefault.jpg,https://youtube.com/video/S0FRo3ZHETQ?channelId=UCrNRnxyY4zC2KKE9Aos2mPw
https://i.playboard.app/p/cRyMb7G5vHWGeZEqIlFIswZ_bqSMJnnFEf47YukF5uWhbQi221LktoljBdyKuQLbVnuEbjf6FQ/100x100.jpg,https://youtube.com/channel/UCeVkzeYJC4Z-SUde9UEJBwQ,Morgan Jay,4,https://img.youtube.com/vi/_DSgIbVDveA/mqdefault.jpg,https://youtube.com/video/_DSgIbVDveA?channelId=UCeVkzeYJC4Z-SUde9UEJBwQ
https://i.playboard.app/p/3Xabj_o9nIQlvPZKvqFQ1v2cuew3OoUR7wZ5ZSj2AgKuHfmEGP-hvglR16b6bsLKnJfkPQOtzA/100x100.jpg,https://youtube.com/channel/UC4cf_hG8kM3lmSGy_hvnfwA,HappyTots - Nursery Rhymes and Kids Songs,5,https://img.youtube.com/vi/gJdofsbacT0/mqdefault.jpg,https://youtube.com/video/gJdofsbacT0?channelId=UC4cf_hG8kM3lmSGy_hvnfwA
https://i.playboard.app/p/1viiMvVlhREQhtr8Gzcqfnk6ALZEtmSq5YZgyrjqPCuaOLefyQTB3K-UN-3bH5Wx8Kw6ER72/100x100.jpg,https://youtube.com/channel/UCbpnBdWqEwsbG3U5DwBYo5w,Rap Render,6,https://img.youtube.com/vi/3o2cfVndBDk/mqdefault.jpg,https://youtube.com/video/3o2cfVndBDk?channelId=UCbpnBdWqEwsbG3U5DwBYo5w
https://i.playboard.app/p/CwvPFRFNEabSjV_j-nAi5zrcG1-IU9VUkOgQKV2I0TXL6fF1chhec9WcrxiqWztFQXE2J5f5/100x100.jpg,https://youtube.com/channel/UCiqkIF0F_6y6psq0ullRYdQ,kirkiimad,7,https://img.youtube.com/vi/b-N9QJhqy6w/mqdefault.jpg,https://youtube.com/video/b-N9QJhqy6w?channelId=UCiqkIF0F_6y6psq0ullRYdQ
https://i.playboard.app/p/egEyOjrPHfAGbGLkUn6-mU5ooj62FbzwZp1pBEIHB2HqsSsD7cKf54IeWFvLyTW7avTM3EAjYI4/100x100.jpg,https://youtube.com/channel/UCgORBTgzW9mDRNCDQvedWIA,Unlimited Love Point,8,https://img.youtube.com/vi/FY6h0SyRtnY/mqdefault.jpg,https://youtube.com/video/FY6h0SyRtnY?channelId=UCgORBTgzW9mDRNCDQvedWIA
https://i.playboard.app/p/bR16QTZ1PhVrsM2G831MIOErhVmjRimjRjQARkXTDwAeNR6VzCDrEdrT-TDRNpDORGeVl1ovHnM/100x100.jpg,https://youtube.com/channel/UCVVMMNVUwHbxljqi-xZ-jig,Triple Charm,9,https://img.youtube.com/vi/act-VIr0FT0/mqdefault.jpg,https://youtube.com/video/act-VIr0FT0?channelId=UCVVMMNVUwHbxljqi-xZ-jig
https://i.playboard.app/p/10b23c3f929b96595ca38c0f2ef97936/100x100.jpg,https://youtube.com/channel/UCJuTXaXrB6QuMUCk0TzypyA,Mahaji,10,https://img.youtube.com/vi/K2RseYuQ1RA/mqdefault.jpg,https://youtube.com/video/K2RseYuQ1RA?channelId=UCJuTXaXrB6QuMUCk0TzypyA
https://i.playboard.app/p/yZxxs9zrkWiB0kxy3Sty8GMfs4kFcFBZ_SszV4WEPsRI8YenyqlZm06Tvwv8zEIkDfYBi_IRrw/100x100.jpg,https://youtube.com/channel/UCcq2VnSn0v09AkMdlpQjZag,Z Music Edits,11,https://img.youtube.com/vi/jzRg9z6mZWU/mqdefault.jpg,https://youtube.com/video/jzRg9z6mZWU?channelId=UCcq2VnSn0v09AkMdlpQjZag
https://i.playboard.app/p/E2ei8-TusJsRmVRC7KVFwawjjhADYWGMaWLtY7miavIPhAOBJkpoYFEC4EiGEfPiLsleWdXJ3Q/100x100.jpg,https://youtube.com/channel/UCeDa4b5bStWSuAP1BWanxng,Troy Ave,12,https://img.youtube.com/vi/VN2C0RJN4Yw/mqdefault.jpg,https://youtube.com/video/VN2C0RJN4Yw?channelId=UCeDa4b5bStWSuAP1BWanxng
https://i.playboard.app/p/YN8JXf_N9SD-CljEm7pHLSzwzTtK4OVLNY5iURWmJEpd2zU5ooqQWuquBq5OnZGlqdzDXTzyig/100x100.jpg,https://youtube.com/channel/UC6RIx62SjOSL7SVS4dXluVw,Marcos Sanchez,13,https://img.youtube.com/vi/JTsAYW87QM4/mqdefault.jpg,https://youtube.com/video/JTsAYW87QM4?channelId=UC6RIx62SjOSL7SVS4dXluVw
https://i.playboard.app/p/_LzTYMasie_ADEq95t_qxkpwtdlgpeFHNFo5klCn5WGzWDLSdO5PjaS6FaZiC9OY_tqBY130dQ/100x100.jpg,https://youtube.com/channel/UCvILah8hAWYhYOmAG3ZjvBA,Benson Boone,14,https://img.youtube.com/vi/07EhHlq71FY/mqdefault.jpg,https://youtube.com/video/07EhHlq71FY?channelId=UCvILah8hAWYhYOmAG3ZjvBA
https://i.playboard.app/p/j1szYhuen1uT1D1icpjxHMFyBc0xINWK1eMtSzrB0TL5jliB7t3JB_wJ6UA9twV7VelxpKEc/100x100.jpg,https://youtube.com/channel/UC3lBXcrKFnFAFkfVk5WuKcQ,Kendrick Lamar,15,https://img.youtube.com/vi/sNY_2TEmzho/mqdefault.jpg,https://youtube.com/video/sNY_2TEmzho?channelId=UC3lBXcrKFnFAFkfVk5WuKcQ
https://i.playboard.app/p/saLE0RieN9xz6xrAUEYd6vUU8JhDwbNZmpBo0q6wbF7C9LzlW2CZJGhuZZRV_Dp6j6kCZMKw/100x100.jpg,https://youtube.com/channel/UCksiqtuWYtN2YluvAQnV2dQ,Doechii,16,https://img.youtube.com/vi/riCP9x31Kuk/mqdefault.jpg,https://youtube.com/video/riCP9x31Kuk?channelId=UCksiqtuWYtN2YluvAQnV2dQ
https://i.playboard.app/p/bK-WHcy8XX-Ga7NwtV04VcA5rIoBLXaJz7q0h6AicdSjrte-Ynq1pcOlmXVlDVPz4i6qedMyJg/100x100.jpg,https://youtube.com/channel/UCgI8VzlDGsHCp0-9Een1eKw,BigMarvel The Simulator,17,https://img.youtube.com/vi/z1Th2bw5_zk/mqdefault.jpg,https://youtube.com/video/z1Th2bw5_zk?channelId=UCgI8VzlDGsHCp0-9Een1eKw
https://i.playboard.app/p/2GHEOj_0JlWB6TVYBepesecS2e049Ct7v6wzrbYIf7D4cYVKusL-XrYnFFuNNFiI9zDo1bIa8nY/100x100.jpg,https://youtube.com/channel/UCDzdCE9XbxTbgvuVdhbLtOQ,Connor Price,18,https://img.youtube.com/vi/zrQ0GDoTBOY/mqdefault.jpg,https://youtube.com/video/zrQ0GDoTBOY?channelId=UCDzdCE9XbxTbgvuVdhbLtOQ
https://i.playboard.app/p/9iIWryCaERiacDiYGGU33RdFUc1S6d8tjJgUTSJghpCFX5DRpPIyvJGqfkwkFMm69HfMbMj6lKo/100x100.jpg,https://youtube.com/channel/UCFXvVQRSblS02eyPsdmFCZQ,Dj Adel Pyramid,19,https://img.youtube.com/vi/CmjThf4Njr4/mqdefault.jpg,https://youtube.com/video/CmjThf4Njr4?channelId=UCFXvVQRSblS02eyPsdmFCZQ
https://i.playboard.app/p/FXWB7FIc7lCsN8h4CHHVVwn573JkOB4QroMvvwnmDsGdsm4EJiKAmf4STZ2eFD1PKwHL4OVuVQ/100x100.jpg,https://youtube.com/channel/UCdZPSNaHqzsetGISgtU_7GA,FTPFLAME,20,https://img.youtube.com/vi/jFYlKB_eOm0/mqdefault.jpg,https://youtube.com/video/jFYlKB_eOm0?channelId=UCdZPSNaHqzsetGISgtU_7GA
