comment_author,comment_likes,comment_text,video_id
@sebastianxavier9068,31,"I can't get over how cleverly this captures anxiety. From the actors in a loop inside the house, to breaking out of the loop and anxiety creeping back in, to the changing angles as we start to realise the loop.... there are so many layers and visual metaphors. Absolutely brilliant.",riCP9x31Kuk
@JRonGGG,7,Worst annoying song ever ffs,riCP9x31Kuk
@HiImAk,5,dogshit,riCP9x31Kuk
@erzya4life,3,HOW IS ANYONE LIKING THIS?????,riCP9x31Kuk
@DeVoIta,3,Found this song just to say its fuckin garbage,riCP9x31Kuk
@Syckodog,3,hate this song soo much. a cheap knock-off of an amazing song,riCP9x31Kuk
@bigheadsuperman1406,2,delete this shi 💔😩,riCP9x31Kuk
@Temblizz,2,I just came here to dislike. I am tired of hearing this shit song in every short.,riCP9x31Kuk
@Coditattoos_,2,I came here to express how annoying this song is,riCP9x31Kuk
@OffTopicShow,2,This song is 🗑️,riCP9x31Kuk
@49ofem,2,Hits best on 0% volume,riCP9x31Kuk
@Iamgoingtosea,2,THIS SHIT IS ASS🥀,riCP9x31Kuk
@Dani.G_German,2,Downgrade from the original,riCP9x31Kuk
@armani0504,2,This video just made me love the song more all over again 😂❤❤😍😍🤩🔥🔥💯💯💯❤❤❤,riCP9x31Kuk
@HiImAk,2,"how dare youtube hide this from me, i havent left a hate comment on this video yet",riCP9x31Kuk
@donniebrasco881,1,One of the most annoying song ever,riCP9x31Kuk
@ĐứcMinh-n2c,1,"The symbolism of the a fire next to a fireman who is ignoring it. The way it feels when you have to handle issues alone knowing there's people around who can help, they just don't care.",riCP9x31Kuk
@cameronrodriguezinc,1,Full on minstrel show.. 🤦🏽‍♂️ Black women are so predictable… SMH,riCP9x31Kuk
@Keano24739,1,Fuck your music its starting to get irritating and stop being a copycat doshbag,riCP9x31Kuk
@Achy09-Kuze,1,"Somebody that i used to know fits with this, Your right.",riCP9x31Kuk
@Vida_Houston_RealEstate,44,Why am I crying? this is beautiful,sNY_2TEmzho
@PrettyInAnyColor007,26,I watch this video at least once a day. I love everything about it and the homage to Luther is amazing… true art😍,sNY_2TEmzho
@aqustks,9,15.1 and rising!,sNY_2TEmzho
@XXXTENTACIONTHEGOAT,9,15 million views ❤🎉😮,sNY_2TEmzho
@Dami424,8,Every scene could be a fine art photograph,sNY_2TEmzho
@KristiLattimore,7,Love how she looks like Whitney ❤️❤️,sNY_2TEmzho
@ryandavis301,6,Just saw Kendrick and SZA in Minneapolis last weekend. Best night of my life,sNY_2TEmzho
@izraeldominguez,6,This song skating is MAGICAL,sNY_2TEmzho
@ancientDna1979,6,Black love is so sexy😏 ✊🏾B🖤1ST❤️💚💛,sNY_2TEmzho
@MandyME-q1i,6,❤,sNY_2TEmzho
@Mr.DiamondMundy,6,🔥🔥🔥Banger🔥🔥🔥,sNY_2TEmzho
@JaydenBell-k6p,6,🔥 fire,sNY_2TEmzho
@dianev6180,6,award winning and evocative. so many layers,sNY_2TEmzho
@thobanintaka5695,5,Very clean video 🔥🔥🔥🐐🏆,sNY_2TEmzho
@ThugLife-b8b,5,Put your headphones for better experience 🎧🔥🎧🎧🎧🔥🔥,sNY_2TEmzho
@RubicelTorres-e6c,5,Saludos desde ciudad del Carmen Campeche México,sNY_2TEmzho
@AshleyGardner-h1e,5,They would make the hottest couple,sNY_2TEmzho
@WittyWook,5,BETTER DAYS COMING FASHO,sNY_2TEmzho
@RaynaTurner-g7p,5,I love you SZA so much,sNY_2TEmzho
@Jayson-Ex,5,We must stay focused brothers,sNY_2TEmzho
@GIVEMEMYWHAWHA,11,Bro these recent movies be turning Jack Black into a meme🗿,41O_MydqxTU
@frogginet5353,3,that blocky chicken looks absolutely delicious though i would gobble that entire thing up within 10 minutes,41O_MydqxTU
@NicolasValentin-h8p,3,"THIS IS NOT KFC, ¡¡¡¡¡ THIS IS SLC!!!!!!!!",41O_MydqxTU
@Forza-13,2,I never in a million years though that jack black and Aquaman would be in a movie together singing about chicken.... We were ment to have flying cars but instead we got this😭😭,41O_MydqxTU
@RaulFlores-Martinez,2,this part was so corny,41O_MydqxTU
@adamk-paxlogan7330,2,THIS IS AN ABSOLUTE BANGER OF A MASTERPIECE OF A SONG FACTS FR YEP INDEED WELL SAID WELL DONE FACTS FR W MOVIE AND W SONG YEP INDEED WELL SAID WELL DONE FACTS FR 🤣😂🗿🔥☕🙏👏👍👌😍🤩🎊🎉❤️,41O_MydqxTU
@SerenneRoundy-f8c,2,0:44  OoH jUiCy,41O_MydqxTU
@andresadventures1161,2,"🟩🟩🟩🟩🟩🟩🟩🟩
🟩🟩🟩🟩🟩🟩🟩🟩
🟩🟩🟩🟩🟩🟩🟩🟩
🟩⬛⬛🟩🟩⬛⬛🟩
🟩🟩🟩⬛⬛🟩🟩🟩
🟩🟩🟩🟩🟩🟩🟩🟩
🟩🟩🟩🟩🟩🟩🟩🟩
⬜⬜⬜⬜⬜⬜⬜⬜
⬜⬜⬛⬜⬜⬛⬜⬜
⬜⬜🟨🟨🟨🟨⬜⬜
⬜⬜🟨🟨🟨🟨⬜⬜
⬜⬜⬜🟥🟥⬜⬜⬜
Chicken Jockyyy",41O_MydqxTU
@DeadlyScorpions,1,Wow pretty awesome in slow motion too 🔥🔥,41O_MydqxTU
@MargieCabacungan-e9h,1,😂hhehje,41O_MydqxTU
@geromegirao8036,1,Dance,41O_MydqxTU
@NancyLazowicki-n6y,1,❤,41O_MydqxTU
@samueldotson8526,1,0:45,41O_MydqxTU
@tacomelonGO,1,I can literally sing without lyrics,41O_MydqxTU
@rajib88,1,https://youtube.com/shorts/-YqJNSFI_aU?feature=shared,41O_MydqxTU
@krstnadothager,1,0:16 you hear that? That’s the sound of siziLiEnE,41O_MydqxTU
@AgmethyazidOsorionavia,1,La gente puso tanto esto que hasta me empezó a gustar,41O_MydqxTU
@vinadyfan,1,I feel like someone is gonna make a phonk out of it,41O_MydqxTU
@LongfieldLongfield,1,Steve’s lava chicken or Alex’s cold steak?,41O_MydqxTU
@EthanAgustin-r9p,1,"L-l-l-l-Lava

Finish it👇",41O_MydqxTU
@juanamariarojasbonachea4437,25,"Fui y voté por la reina, y ahora estoy aquí hasta el amanecer.🌅",RUPOZzXyEe8
@juanamariarojasbonachea4437,20,"Esta canción no es sólo hermosa, sino que su letra es apta para todas las edades.
Imaginen a nuestros niños escuchando la música de la innombrable.",RUPOZzXyEe8
@reynacuevas1565,14,"Va despuntando Yuridia, pero es importante que en segundo lugar quede Angelita la Reyna del Regional Mexicano,se lo merece 🎉❤🎉❤🙏🙏😇😇",RUPOZzXyEe8
@Liport-24,11,Esta rola está tan hermosa q hasta las traumadas están aquí comentando miles de veces pero solo es por venir a escuchar la canción 😂😂😂😂😂😂,RUPOZzXyEe8
@juanamariarojasbonachea4437,11,"El día no me alcanza para reproducir y comentar la cantidad de canciones lindas que tienen los esposos, por eso me quedo aquí, hasta que salga el sol.",RUPOZzXyEe8
@juanamariarojasbonachea4437,9,"Mi niña bella, confía en que Dios estará alzándote. Creo que tus fans somos el instrumento utilizado por el todo poderoso para defenderte de tanta injusticia. 
Mi reina 👸 nos aseguraremos que siempre lleves tu corona 👑 puesta❤",RUPOZzXyEe8
@juanamariarojasbonachea4437,8,"Esta canción no es sólo hermosa, sino que su letra es apta para todas las edades.
Imaginen a nuestros niños escuchando la música de la innombrable.",RUPOZzXyEe8
@ValeriaSaraiStop,8,"Bb te adoro, te quiero y amo tu voz, tus canciones... Al infinito ♾️ y más allá. 😊",RUPOZzXyEe8
@marissaarvelo3510,8,Esta súper esta canción,RUPOZzXyEe8
@AnaSanchez-nw7ri,8,un Temazo gracias angela cancion super Hermosaaaa❤❤❤❤❤❤❤❤,RUPOZzXyEe8
@PetradeDoloresBarrazaFelix,7,CON TODO PARÁ LOS 5 MILLONES,RUPOZzXyEe8
@Liport-24,7,Gracias a todos los haters que dejan múltiples comentarios seguimos en tendencia wohooooo🎉❤🎉❤🎉❤🎉❤🎉❤,RUPOZzXyEe8
@marthaflores7881,7,4 millones 🎉🎉🎉,RUPOZzXyEe8
@juanamariarojasbonachea4437,7,"Angelitos  no nos detengamos , votemos por Ángela Aguilar ❤reproduzcamos y comentemos.",RUPOZzXyEe8
@reynacuevas1565,7,"Acabo de ver las encuestas, vayamos a votar por la Reyna del Regional Angelita ❤",RUPOZzXyEe8
@camilacime3063,6,conoci a Angela Aguilar por la llorona solo esa cancion habia escuchado a raiz de toda la polemica comence a seguirla primero como mi apoyo en contra del bulling y por toda lo malo que han hecho con ella escuche su album bolero y me enamore de su musica de ahi he estado seguiemdo sus colaboraciones y sus covers y me he vuelto fan de ella no cabe duda que cuando no conoces o sabes es fácil criticar o  mal hablar de las personsa pero si la estudias a fondo se darian cuenta que es una chica talentosa enamorada de sus vestidos su porte su elegancia me siento orgullosa de ella de todo lo malo siemore hay cosas buenas y lo bueno es que me tiene de fan nueva,RUPOZzXyEe8
@irmasaenz5979,6,Mis bendiciones para esta pareja hermosa de Dios ❤ y que talento de Ángela ❤❤❤,RUPOZzXyEe8
@Nancylgz,6,"Pero tu y yo🎶 somos la excepción 🎶
 ❤❤❤",RUPOZzXyEe8
@Liport-24,6,Love it love it love it ❤❤❤❤,RUPOZzXyEe8
@KittyKateGamerGirl,5,A reproducirla que lleguemos a los 5 millones❤❤❤🥰,RUPOZzXyEe8
@bigxthaplug,2534,ALL THE WAY ft. Bailey Zimmerman VIDEO OUT NOW‼‼‼Comment your favorite part!,7kyHvPNbugk
@HayleyBaby,5,I love Wallen but so glad to see BigX went with Bailey Zimmerman,7kyHvPNbugk
@beehive2066,1,Tupac then BigX,7kyHvPNbugk
@lancehenry1105,1,That was good. Adding this one to the list.. almost better than nelly and tim with over n over again.,7kyHvPNbugk
@anthonysmart-jb6or,1,This my life fr,7kyHvPNbugk
@RandomStuffAnd_More,1,DONT LET ME DOWN EASY IF U GONNA LEAVE ME LEAVE ME ALL THE WAY🗣️🗣️🗣️🗣️🔥🔥🔥🔥🔥🔥🔥🔥,7kyHvPNbugk
@crystaljmolina,1,BOYYY THAT VOICE KEEP EM COMING BAILY,7kyHvPNbugk
@Brock-u8i,1,Heck yeah this song is fire👻,7kyHvPNbugk
@PatriciaLacruz-d8h,1,Damn bigz that tuff Danm it' hits Mon cool 😎,7kyHvPNbugk
@RSG71,1,Best collab of 2025.,7kyHvPNbugk
@joshuaboehm6419,1,This is way to good! I'm bumping this for awhile!,7kyHvPNbugk
@jamestownsend9420,1,Damn this shit makes me take about my ex!!!😢,7kyHvPNbugk
@tinashegotosa6204,1,like this music,7kyHvPNbugk
@masherita442,1,BigXthaPlug you are bigger than that❤❤🔥🔥🔥🔥🔥,7kyHvPNbugk
@sentinel_sniper2,1,I ain't a rap guy but these country/rap songs hit everytime,7kyHvPNbugk
@JasmineSimpson-z9u,1,Who's here in 2025 let me know ❤❤😊🥰😈💕,7kyHvPNbugk
@ericfields7218,0,"Dear my country music fans!
Kane Brown can't make a living making music, because he can't sing.  Even 3 or 4 years old toddlers can sing way way better than him.   He has no future in music..
Don't ever collaborate with Kane Brown, because he can't sing.  He will ruin your reputation.
Kane Brown can't even sing a kid's lullaby.  That's why nobody wants to collaborate with him except his wife.  Kane Brown is a dead horse so stop the flogging.   He can't even sing DO, RE, MI, FA, SOL, LA, SI, DO in tune.  How does he even manage to stay in music business?",7kyHvPNbugk
@janehall3186,0,"Attention please!  It's very important to read my comments.  
I don't wanna chat with weird looking human beings like Lauren Alaina and her mother.   I mean who the hell is Lauren Alaina?   She's just an American Idol contestant loser in 2011.  Lauren Alaina and her mother posted derogatory/disgusting comments in all American Idol winners' music videos and ruined their music careers permanently.  Just because they both were/are very jealous of their success.  They tried to do that to ""Carrie Underwood"" and ruin her career as well.  She was very lucky that she didn't get bashed by Lauren Alaina and her mother with their multiple google fake accounts..    My comments are facts: Kane Brown sings like a toddler.   He can't sing....////",7kyHvPNbugk
@janehall3186,0,"Attention please!  It's very important to read my comments.  
I don't wanna chat with weird looking human beings like Lauren Alaina and her mother.   I mean who the hell is Lauren Alaina?   She's just an American Idol contestant loser in 2011.  Lauren Alaina and her mother posted derogatory/disgusting comments in all American Idol winners' music videos and ruined their music careers permanently.  Just because they both were/are very jealous of their success.  They tried to do that to ""Carrie Underwood"" and ruin her career as well.  She was very lucky that she didn't get bashed by Lauren Alaina and her mother with their multiple google fake accounts..    My comments are facts: Kane Brown sings like a toddler.   He can't sing....//",7kyHvPNbugk
@janehall3186,0,"Attention please!  It's very important to read my comments.  
I don't wanna chat with weird looking human beings like Lauren Alaina and her mother.   I mean who the hell is Lauren Alaina?   She's just an American Idol contestant loser in 2011.  Lauren Alaina and her mother posted derogatory/disgusting comments in all American Idol winners' music videos and ruined their music careers permanently.  Just because they both were/are very jealous of their success.  They tried to do that to ""Carrie Underwood"" and ruin her career as well.  She was very lucky that she didn't get bashed by Lauren Alaina and her mother with their multiple google fake accounts..    My comments are facts: Kane Brown sings like a toddler.   He can't sing....///",7kyHvPNbugk
@only1cano,3,Jaaybo goin crazy fa Cali no bap 😈🔥🔥🔥,sI0VDF65Cac
@joveynorris2448,3,0:21 this part hard 🔥,sI0VDF65Cac
@Av.4aotn,2,Jaaybo trendy trendy 😭,sI0VDF65Cac
@GhostSlayer666,2,The one thing I hate bout him getting more famous is how fuccccin cringe these new fans are 🤦‍♂️😂,sI0VDF65Cac
@whyhaterc,2,Jaaybo hardest in Stockton,sI0VDF65Cac
@AlbertoPosoñu,1,💯❌️3️⃣5️⃣🏴‍☠️🤞🏽🥷🎯👹🇵🇷,sI0VDF65Cac
@malhunchooo,1,🔥🔥,sI0VDF65Cac
@Youginsgettingnoticed,1,G Block🩸,sI0VDF65Cac
@Youginsgettingnoticed,1,G Block🩸,sI0VDF65Cac
@Youginsgettingnoticed,1,G Block🩸,sI0VDF65Cac
@Youginsgettingnoticed,1,G Block🩸,sI0VDF65Cac
@Youginsgettingnoticed,1,G Block🩸,sI0VDF65Cac
@Youginsgettingnoticed,1,G Block🩸,sI0VDF65Cac
@Youginsgettingnoticed,1,G Block🩸,sI0VDF65Cac
@Youginsgettingnoticed,1,G Block🩸,sI0VDF65Cac
@Youginsgettingnoticed,1,G Block🩸,sI0VDF65Cac
@Youginsgettingnoticed,1,G Block🩸,sI0VDF65Cac
@Youginsgettingnoticed,1,G Block🩸,sI0VDF65Cac
@Youginsgettingnoticed,1,G Block🩸,sI0VDF65Cac
@Youginsgettingnoticed,1,G Block🩸,sI0VDF65Cac
@hunterclingan9469,4,"Bob Marley, Tom petty, Tupac, love the homage paid in this video",rseqmSGH7xk
@gglandshomeunixorg,2,"The last thang, I post on 🙅🏿‍♂",rseqmSGH7xk
@dj-dioneymattos2.046,2,"Tuda vez que alguém curtir meu comentário, voltarei aqui para escutar.. essa linda música ❤,,,😊❤.😎....😊❤😊😮",rseqmSGH7xk
@gglandshomeunixorg,1,"Please stop! I ionly see men in your videos, when your sensitivity envolves so much grace! You are here for more... So many Warriors are watching for you to shade them peace. We are the chronic'. We soon will come to SF, and meet. No flower at the bottom of the clif. Only a rock can be a portal to an idlised Island. I write to you. I know you share. My kids will always stand remembering the changes, the Legend.",rseqmSGH7xk
@hlclhdogdlxsto,1,🤍🤍🤍,rseqmSGH7xk
@REYES666-6,1,Uncle  🎉❤😅,rseqmSGH7xk
@REYES666-6,1,"I don't know how to write in English, sorry, I wanted to tell you that this music video should have been released more than 3 years ago; THANK YOU 🙂 😢",rseqmSGH7xk
@gopiyuvan2207,1,Quit the smoke bro,rseqmSGH7xk
@karenkaten9243,1,Wow this is art!,rseqmSGH7xk
@dillicopter2665,1,I don’t usually listen to Snoop but damn this is good. I love the melancholic guitar riff too,rseqmSGH7xk
@alif1384,1,Awesome😍😍😍,rseqmSGH7xk
@hitboyvikibeats4201,1,That guitar 🎸🔥🔥🔥,rseqmSGH7xk
@CHANG999,1,❤,rseqmSGH7xk
@sundeelewis601,1,They should do a remix with Eminem,rseqmSGH7xk
@mcknotoficial,1,WOW,rseqmSGH7xk
@ScorchinScooter,1,I don't even smoke and I feel high just watching this video! 😂😂,rseqmSGH7xk
@helderluamba8149,1,❤❤👏👏👏,rseqmSGH7xk
@Deepflow1891,1,I love the instrumentals so bad and the composition,rseqmSGH7xk
@oroshiyt7556,1,Crazy beat ! Perfeck !,rseqmSGH7xk
@Wonkru4L,1,How did I not know this came out,rseqmSGH7xk
@shaynejohnson3039,2,The transition is dope: but the way he made the Green Day lyrics his own. The raspy cracking fluidity is what made this for me. It’s just genuinely a masterpiece. He put his own twist on every aspect of this . Incorporating his own lyrics folding Green Day in hitting that guitar solo. All while layering it in juices shit and paying homage. Amazing,8PimtJDcGv4
@Keminevs_OG,2,999,8PimtJDcGv4
@jonathanpridmore8643,2,Bro can’t miss right now. Everything he’s putting out is 🔥,8PimtJDcGv4
@Evanthebat15,1,"Such a sick transition, have this on repeat.",8PimtJDcGv4
@davidlindsay9138,1,Bro always been listening to ya always killed it! EST!,8PimtJDcGv4
@Nico-bm8qm,1,This is great but to bad he couldn’t put this effort into the mother of his child and baby. You walk alone because you did that to yourself,8PimtJDcGv4
@Dasher23Gaming,1,RIP JUICE 999❤😢,8PimtJDcGv4
@999wrld0.6,1,The 2 Part was amazing 🙏,8PimtJDcGv4
@ISX_music,1,ew no,8PimtJDcGv4
@YeeeX2,1,"I’ve listened to this atleast 10-15 times today .. I need this on Spotify mgk stat 😂 

If anyone has anymore 🔥 like this from mgk let me know drop it in the comments this is FFIIIRRRREEEEE !!",8PimtJDcGv4
@Checkstatz,1,Anyone who thinks Em ruined this man is beyond delusional.,8PimtJDcGv4
@QPIXE,1,i cant stop listening this masterpiece!!!,8PimtJDcGv4
@Chelsea.mariexo,0,"Can you put this on Spotify like you did the covid ones? Feels like the covid days! I loved the music you brought out then! Also I missed the rap, you spill so much truth in the rap. I love all the music you make but we really get to understand it!! Although I’d like a song about what it’s been like being sober, because I relate to you so much with how you used to feel about your past but I’d like to know what it’s like to be with someone good for your soul and becoming sober within that and the trust you had to build. Because I keep thinking about becoming sober but I don’t think I’ll be able to cope as I don’t have a very strong support system 🤷‍♀️",8PimtJDcGv4
@FWAGOSWRLD,0,Shitty covery and shitty guy who has ran out of lyrics to use 😂 so u cover two songs in one and mix their beats into one,8PimtJDcGv4
@doritoonigiri1005,0,Dam dat joint go hard,8PimtJDcGv4
@doritoonigiri1005,0,Mgk a juice faaannnnnnn??????,8PimtJDcGv4
@b4gotv256,0,Surgggeeeeeeeee,8PimtJDcGv4
@stanislav3874,0,We need this on spotify!,8PimtJDcGv4
@DeanBoi22,0,No one talks about how much Megan Fox has improved,8PimtJDcGv4
@jbrunasa,0,Wow! He’s a genius,8PimtJDcGv4
@pt_reppz_,12,"I’m not religious, but I do believe in God. Listening to this song has been very peaceful and relieving to hear. I enjoy it a lot. Thank you for this wonderful piece of music 💕

Edit: what I meant by not being religious is I don’t go to church, or read the bible, or attend any community groups, but I do believe he exists. Just thought I’d clarify :)",T1LRsp8qBY0
@josiahboudreaux4542,1,Genuinely why does this go soo hard 0:47,T1LRsp8qBY0
@thesandboxclub4738,1,I feel bad for all my atheists out there.,T1LRsp8qBY0
@gracyaaron5448,1,Nice song bro,T1LRsp8qBY0
@Ko-koplays951,1,0:46 I love you Lord❤,T1LRsp8qBY0
@Noob2Videoz,1,Amen,T1LRsp8qBY0
@candacealston293,1,"I just finished watching Hardly Initiated and I never heard of this guy.  I really enjoyed his conversation and his love for The Lord!!
I am adding this song to my playlist.  
Continue allowing the Holy Spirit to lead!!!!",T1LRsp8qBY0
@Aicentralsongs,1,"Amen 😇😇. 

Luke 24:44 [Jesus said:] “These are the very things I told you about while I was still with you; everything written about me in the Law of Moses, the writings of the prophets, and the… “You will know the truth, and the truth will set you free.”",T1LRsp8qBY0
@LilianaMelancon,1,"My half-sister, who i love the most, i only  saw her every 3-4 mouths, and i felt like nothing  could make me happier  until god helped me he healed me, and now i am happy and better because  god!!!!❤❤❤❤✝️✝️✝️✝️✝️",T1LRsp8qBY0
@mariamh8556,1,I love this song,T1LRsp8qBY0
@peytonvy8456,1,Hi,T1LRsp8qBY0
@AndpIays12,1,My bday is 25th of april,T1LRsp8qBY0
@ShimmyGamer,1,0:51 ❤️❤️❤️❤️❤️❤️,T1LRsp8qBY0
@KelseyWinn,1,I love this song so much 😍😍😍😍😍😍❤❤❤❤❤❤❤❤❤❤ this is the best song right now,T1LRsp8qBY0
@AbigailLemalu,0,thank you Forrest for this song this song make me cry because they are many times I forget Jesus thank you praise the Lord and God bless you all 🙏🙏🙏,T1LRsp8qBY0
@Laaxxyeditz,0,The way bro ran to the stage while filming💀💀.  Praise God👏,T1LRsp8qBY0
@ultimatearc4538,0,Nine days and a huge success,T1LRsp8qBY0
@donnabowkett3716,0,On repeat for me,T1LRsp8qBY0
@doraelle,0,Who’s here after the Pope Died 😭😭😭 (Let’s all pray for him),T1LRsp8qBY0
@Lizzyrizzy5783,0,I love this now this will think my cat is back alive I missed her sooo much that she was so ill and old😢😢😢😢😢😢😢,T1LRsp8qBY0
@BossLady97-t2x,9,I love dis shit omm 😂 its been on repeat since it dropped ❤,arbTAljiC-E
@lilbrazzymusic,6,R&B Kevin Gates🔥,arbTAljiC-E
@harrysalt5277,3,I'MMA GORILLLAA 🦍😭,arbTAljiC-E
@DBD_Dan,2,Nah this might just be da one,arbTAljiC-E
@KingFromNY,2,I love when he makes songs like this.    Shit be hitting different  🔥,arbTAljiC-E
@marshgoatyt7445,2,I love that house 🔥,arbTAljiC-E
@Connie_Garcia-f2k,2,🔥 🥵 🔥 🔥 🥵 🔥 🥵,arbTAljiC-E
@Actionmovies-r6e,1,Woooouuu🇷🇼🇷🇼🇷🇼🇷🇼🇷🇼💪,arbTAljiC-E
@1kila2flyy,1,Nahhhh you’re himmmm brodigyy,arbTAljiC-E
@saucemoneyboiautomere1065,1,K.G YOU NEED A ALBUM OF THIS TONEEEEE YEAH,arbTAljiC-E
@juggdekaprio,1,This Joint was beautiful 🥹,arbTAljiC-E
@shellimammi7377,1,"Ain’t gone lie , kehlani would have slid on this ho with him. 😭🥰 but Kevin don’t never disappoint 🩷😈",arbTAljiC-E
@Nicole-o5r,1,"I will NEVAAAAAAA..I do mean never,  purchase anything that Kevin Gates, sell. He can stop putting out them singles on Spotify, I don’t care if it’s 1 cent. I WILL NEVER SUPPORT anything he does, ever again.


I want BW to know, that you matter and your money matters. Think long and hard before supporting this peasant again. 

Yall not tired, BW. There are powers in numbers. You matter!",arbTAljiC-E
@DP-oi9nd,1,Whats a beyonce edit,arbTAljiC-E
@NyikaWachira,1,playing games summer walker,arbTAljiC-E
@RoderickWarren23,1,This Ho jam 🦍💯,arbTAljiC-E
@doodastacks,1,NAAH PBM😂😂😂,arbTAljiC-E
@GivenchyoWave369,1,He swerved on tb😮🔥🔥🔥🔥🔥,arbTAljiC-E
@sagetheone8648,1,Mannn I need to know ole girl @ frfr😅,arbTAljiC-E
@Bjon937,1,Peasant 😊,arbTAljiC-E
@SarikIlxomjanov,2,respect from Uzbekistan 🇺🇿,MI9ZpIKgyf0
@naphakphakjirawattanakul237,2,Respect from Thailand to all Iranian ❤,MI9ZpIKgyf0
@earthangelpuppy,1,Fox X Tifa (Star Fox/Final Fantasy) - Azizam (Ed Sheeran),MI9ZpIKgyf0
@earthangelpuppy,1,SMG4: 3 Smash PEONS!!!,MI9ZpIKgyf0
@earthangelpuppy,1,"3SP (3 Smash Peons):
Fox McCloud
Luigi Mario
Ganondorf Dragmire",MI9ZpIKgyf0
@AnjaliGadaladeniya,1,🇱🇰😘😘,MI9ZpIKgyf0
@natemarks4241,1,Anyone else feeling Nelly's 'Ride Wit Me' when listing to the chords.,MI9ZpIKgyf0
@TheSamboTv,1,Thank you for the beautiful music you made.From Iran❤🇮🇷Music is one of the ways of friendship between cultures and nations.,MI9ZpIKgyf0
@earthangelpuppy,1,"Welcome To Tombstone, Scarazona!",MI9ZpIKgyf0
@SaharSweetart,1,Come out all persians as I am also Iranian,MI9ZpIKgyf0
@minaa5142,1,❤azizam,MI9ZpIKgyf0
@earthangelpuppy,1,Sheriff Betelgeuse's Theme Song: Azizam By Ed Sheeran,MI9ZpIKgyf0
@earthangelpuppy,1,"Marmaduke: Mickey Mouse
Jezebel: Regina Rabbit

Marmaduke: Fox McCloud
Jezebel: Tifa Lockhart

Marmaduke: Puss In Boots
Jezebel: Kitty Softpaws",MI9ZpIKgyf0
@cubua89,0,"Love you, Ed ",MI9ZpIKgyf0
@2022winner-l3v,0,Love you 😍,MI9ZpIKgyf0
@AMA-xr3px,0,AZIZAM ❤,MI9ZpIKgyf0
@BenyaminGhafouri-tg5ox,0,Perfect 😂❤,MI9ZpIKgyf0
@ArashRostami-s9x,0,"بسیار زیبا بود....👏👏👏👏👏👏👏👏👏👏👏👏👏👏
به امید جهانی آزاد و سرشار از صلح و دوستی",MI9ZpIKgyf0
@tinasaeedi5838,0,🥺🇮🇷❤,MI9ZpIKgyf0
@kianashateri4348,0,thay was perfect😍😍😍😍,MI9ZpIKgyf0
@DanyOme,480,"Los Amo mucho att el único heredero que dejo la tranca ❤ LBMA , todos comenten  
La L y .",hoE5jz4zbvg
@Llorente417,14,Porque este tema no ha llegado al MILLÓN ?????👏🏽👏🏽👏🏽👏🏽👏🏽👏🏽👏🏽👏🏽👏🏽👏🏽👏🏽APOYEN A ESTOS CUBANOS 🇨🇺🇨🇺🇨🇺,hoE5jz4zbvg
@raveloofficial,4,"Duros ❤🇨🇺🇨🇺 enfocados y rompiendo, ese beat flow vieja escuela 🥵🔥🔥🔥",hoE5jz4zbvg
@JoseCarlosSensei-my3mp,2,Esto tiene que seguir subiendo la tendencia 🙏🏻🇨🇺🌎🔥. Estamos en la #15❤,hoE5jz4zbvg
@CristianRuizRojas-t9n,1,Tremendo palo 💪bendiciones y éxitos,hoE5jz4zbvg
@YordiTorres-kx1yr,1,Hijo acaba de llenar un estadio ya pa q se callen porq el traste del bebe lo lleno piensan q es dios 😂,hoE5jz4zbvg
@ElizabethHernandez-w3j4s,1,Tendenciaaaaaaaaa los duros 🔥🔥🔥🔥,hoE5jz4zbvg
@Brian-gamer-777-BZK,1,Asere lo uvieras dejado como lo ibas a sacar quedaba mejor no se comparen conmigo que se ven funny revise la lista y nama me gana bad bunny montando caballo  porque ustedes son poni si estuviera en la habana me dijeran Tony Tony montana haciendo lo que me da la gana  yo si no tuve que firmar con fulana y del cielo esta cayendo la lana no son como yo tu no eres como yo ellos no son como yo hay no no no  not like us dena not like us,hoE5jz4zbvg
@LisetMuñoz-y4b,1,Los mejores reparteros no paro de escuchar sus temas,hoE5jz4zbvg
@DarielCabreraelias,1,La l y . ❤🎉🎉🎉,hoE5jz4zbvg
@jasiel-m7d,1,Otra vez tendencia 🔥🔥🇨🇺🇨🇺,hoE5jz4zbvg
@YosuelArmando,1,Mi tanke ya ya se fue del estadio duro 💪🏻 duro 💪🏻 mi rey 🫂 bendiciones 🙏🏻❤️.La L y ❤️,hoE5jz4zbvg
@Samuelito-artista,1,Se creen mucho soy muy arrogantes mejores que ustedes están los lápices se kedaron mordió con el tema que saco ja rulay  tiki taka 😂😂🤣,hoE5jz4zbvg
@AdelCalunga,1,Estuvo muy buena la música el desarrollo de Cuba👍👍👍,hoE5jz4zbvg
@JaironMiranda-tu5ph,1,A q no puedo creer en 4 días tendencia en la música 😅  y tan 400 mil vista  Jajajjaa y Charly y el otro con millones y no se escuchan en la calle ni son tendencia en la música con los temas inyectados,hoE5jz4zbvg
@MirulenaVelazquez,0,Se le fué la mano 🥵🥵,hoE5jz4zbvg
@RIMUCRAFT-zw9os,0,Palo 💥💯,hoE5jz4zbvg
@rubielparada6292,0,Esto es  tendencia claro q si  ❤❤❤ Bendiciones 🎉🎉,hoE5jz4zbvg
@abelcaballerostable2293,0,Esta gente estan pegaos fula hasta en los lucas lo ponen  en la tv cubana increíble,hoE5jz4zbvg
@marcelloperrone5763,0,El ome me enseña el himno y si tengo tiempo voy y grabo😮‍💨😮‍💨,hoE5jz4zbvg
@LogarAcc,11,"This feels like an evening spring breeze, idk how to explain it, it's so calming and joyful",XdFpzaM07i0
@AsianSatire,5,Lavagirl!,XdFpzaM07i0
@people.are.assholes,4,i have an unhealthy obsession w this song. omg listened to it like 50 times today,XdFpzaM07i0
@vandres493,2,The way she’s this generation’s Radiohead,XdFpzaM07i0
@dangerluvzzzz,2,"need a cigarette to make me feel better.... addison this is so tumblr 2012 vibes! the pink hair, the editing, the earphones being used to ur imagination to shut the world out...... anyone hating on this girl is simply jealous bc this is a breath of fresh air that we haven't seen in pop music videos in a long time",XdFpzaM07i0
@isabellaglock6204,2,the video is so cool!,XdFpzaM07i0
@helloleanne2,2,wtf I came back..... this is actually good and artistic,XdFpzaM07i0
@bratxcx,1,thank you Addison for reminding me who tf i am❤️ 4/4,XdFpzaM07i0
@BeautifulATree,1,Yuhp🩷,XdFpzaM07i0
@zadeybops,1,Love the little aspect of the audio going out on the right side of her headphones at the opening. DETAILS. 🩷🎧,XdFpzaM07i0
@neilc.633,1,"What the holy f is this?  Music is subjective and all that nice stuff, but Jesus.",XdFpzaM07i0
@Jessashfair,1,"When I saw “Iceland” I instantly thought of Bjork. Addison has been giving Bjork vibes but now I’m starting to really see she is getting inspiration from her. That’s the pop girlie we need in America right now. I love this move, Addison.",XdFpzaM07i0
@millyess247,1,the best thing to happen to pop music since lady gaga,XdFpzaM07i0
@altandant8413,1,"been here since ""obsessed"" I love that song and every other is just Real and genuine! <3",XdFpzaM07i0
@DecembersGreatest,1,This is wild good omgggg <3,XdFpzaM07i0
@paul2901,1,i love that she wants this so much and we as fans are so here for it,XdFpzaM07i0
@pantsuwizardo6400,1,"i like the nips poking out in the thumbnail, thats about it.",XdFpzaM07i0
@jumanawebber1376,1,"Ok, I just saw this, and yes, I like it. yaaay ❤❤❤❤❤❤❤",XdFpzaM07i0
@indigo3610,1,Addison Rae is the only new artist I actually like. Wow. Insa Song and video,XdFpzaM07i0
@Hvnnahs.life1,1,Listening to Headphones On while wearing Headphones is so celestial.,XdFpzaM07i0
@BensonBoone,9265,I have no words. Brian May — you are truly one of the most legendary musicians of all time. Thank you for sharing this moment with me. Coachella 2025… I’ll never forget it.,hxD10j0t9t4
@kainatmughal4871,85,"The audience was SO DEAD, they did NOT understand how epic this is and how legendary Brian May is. Woulda been screaming my soul out.",hxD10j0t9t4
@addonacaanoos3310,6,"Benson is such a spectacular performer, yet he never failed to acknowledge Brian May multiple times throughout their performance. That's when you know you've got a unique one. Really happy to see them both on stage.",hxD10j0t9t4
@Madmen604,1,Boone has a strong voice!  Great singer.,hxD10j0t9t4
@CactusKitty42,1,"I think this might go down in history as the most crowd underrated performance ever
BRIAN MAY AND BENSON BOONE!",hxD10j0t9t4
@ShirleyLacruz,1,Espectacular wow,hxD10j0t9t4
@yucel238,1,ES INCREIBLE la falta de cultura musical de ese público...¡¡¡¡!!!!,hxD10j0t9t4
@yucel238,1,"Benson y Brian: venid a Europa, a España, por favor!!!!!!!! ❤❤❤",hxD10j0t9t4
@box4859,1,"Baby, no, no no! The glitz doesn't suit you, but I'm just one face in the crowd.",hxD10j0t9t4
@charliepearce5254,1,I’m a 2000s kid but grew up on 70s-90s rock and R&B and holy cow I would’ve had butterflies the entire time if I was in his shoes singing with Sir May. I bet you he was super nervous! Fantastic performance. Saw the Grammys performance and now the Coachella performance you’ve gained a new fan sir!,hxD10j0t9t4
@ali.market,0,"Lo hubieran hecho en Argentina, ese publico es un Desastre, en Argentina Hubiera explotado todo",hxD10j0t9t4
@zangampouphaomei1145,0,❤,hxD10j0t9t4
@DeniRizkova,0,fkin legendary can't believe the people weren't screaming their lungs out,hxD10j0t9t4
@guadalupealvarez2954,0,ESPECTACULAR!!!,hxD10j0t9t4
@MaggieBone-x9k,0,wow.  i could not stop crying the entire performance,hxD10j0t9t4
@danielaastete4409,0,Benson could be a good front man for queen so people who follows him could start listening to Queen,hxD10j0t9t4
@billymontufar7239,0,Sin palabras....... QUÉ MARAVILAAAAAAAAAAAAAAA!!!!,hxD10j0t9t4
@carlosborquez8864,0,He doesn’t even sound good,hxD10j0t9t4
@FatCatCharlieShop,0,Yasssss! I'm so disappointed that the crowded did not cheer louder for BRIAN MAY! Epic way to bring him into this tribute...love this!,hxD10j0t9t4
@jeffdevc6422,0,Slightly out of tune….bit weird…,hxD10j0t9t4
@Kamaal-i9e,44,Who here in summer 2025 🎉🎉🎶🌞☀️☀️☀️☀️☀️☀️☀️☀️🌞🌞🌞🌞☀️☀️☀️☀️☀️,Gm_rzcTNZv4
@annasmith2035,11,I am an 81 yo retired and love this song.cannot stop moving.,Gm_rzcTNZv4
@NorthernWisconsinandStuff,10,"Only 8k views when I listened. This is going to explode! First heard it at Bacon Beeacch, South Beach.  Where them fans at???",Gm_rzcTNZv4
@SunshineMoonlight-b3k,8,"We out here, texas love 4 ever ❤",Gm_rzcTNZv4
@brandonharper3221,8,This joint is a club banger 💥💥💥,Gm_rzcTNZv4
@amandahairston5674,7,Wooooooooooooooooooooo I love this song.... Just in time for the family reunions and summer cook outs;-),Gm_rzcTNZv4
@mariscal-e7t,6,This track is pure summer vibes! Already picturing everyone hitting this dance at cookouts and reunions. Definitely adding this to my summer playlist!,Gm_rzcTNZv4
@jlhsc4185,6,LAWD HAVE MERCY IM FROM THE 803 BABY DAMN THIS FEELS GOOD!!!!!,Gm_rzcTNZv4
@nikkiagyapong,6,This song is 🔥 and the dance took me three weeks to learn.   Great cardio,Gm_rzcTNZv4
@mcac990,5,Can’t stop playing this and dancing lol about to drop the last 15 pounds I need to this song😂🎉❤,Gm_rzcTNZv4
@tinacollier1447,4,Love this song.,Gm_rzcTNZv4
@prettiah,3,Do y’all got your boots on the ground because I need to have them ready for tomorrow,Gm_rzcTNZv4
@ipaullas,3,Holy smokes that bassline😻,Gm_rzcTNZv4
@shenaarchie9382,2,"Yall THIS IS MY NEW NEW NEW JAM!!! AND GUESS WHAT???? I KNOW EVERYTHING HE IS SAYING!!!! SIR...U R NOW MY FAVORITE ARTIST.  IM SHARING THIS SONG ""ALLL OVER MY PLATFORM""!",Gm_rzcTNZv4
@pointtdexter,2,"Good god almighty, this is one bad mamma jamma",Gm_rzcTNZv4
@sydneynhleko9362,2,🇿🇦 Approves ❤,Gm_rzcTNZv4
@BurnieLewis,2,Ok,Gm_rzcTNZv4
@BurnieLewis,2,Boots on the ground,Gm_rzcTNZv4
@TtGreen-h5j,2,❤️❤️😇❤️😇❤️❤️❤️❤️❤️❤️❤️❤️❤️❤️❤️❤️❤️❤️❤️❤️❤️❤️❤️❤️❤️❤️❤️❤️❤️🍑🍑🍑🍑🍑🍑🍑🍑🍑🍑🍑,Gm_rzcTNZv4
@styl_propr,2,#DontStopGetItGetIt  🗣️‼️🪭,Gm_rzcTNZv4
@Wolfthegreat779,16,CALIFORNIA STARTED GANGSTA RAP!!! 🗣️🗣️🗣️,MgcWdsTjqgs
@2Want3d-y3y,2,Draco so loud it need a pacifier,MgcWdsTjqgs
@nctwo2001,2,Big EBK,MgcWdsTjqgs
@ismaelmelendrez3747,1,You giys think he had something to do with the popes passing??,MgcWdsTjqgs
@JaieOconnor,1,,MgcWdsTjqgs
@TreyHopperIII-n9x,1,🗑 🚮,MgcWdsTjqgs
@CheftheCoach,1,Stand overs really are emotionally therapy and closure,MgcWdsTjqgs
@CheftheCoach,1,JayBo and Q50 need to do one together.....have mfs reallly scared to come out lol,MgcWdsTjqgs
@GerardoIantosca1972,1,"You know what’s the best part , he don’t no co-sign.",MgcWdsTjqgs
@Trey.lifestyle-j2n,1,Only people who watch fade gone like it,MgcWdsTjqgs
@Thanosmaybe-hehe,1,Joe mama films 😂,MgcWdsTjqgs
@deontrestigler8532,1,🔥🔥🔥,MgcWdsTjqgs
@julianoropeza969,1,Northern cali stand up,MgcWdsTjqgs
@RDGjdot_hawkem,0,Bro got a bh lil jeff rink,MgcWdsTjqgs
@RDGjdot_hawkem,0,Must not kno this yn twn,MgcWdsTjqgs
@geedav2844,0,Get em geedav50 das what im talking bout,MgcWdsTjqgs
@38slug80,0,The beat chanting JAAYBO real boogie man 😎,MgcWdsTjqgs
@larrymcmullen7208,0,When he said turning up 7 and 4 died after that......yo......he definitely speaking on that,MgcWdsTjqgs
@Letstalkbikes365,0,Brother like a real life gta character,MgcWdsTjqgs
@Ebklifestyle,0,Did he say sumin bout lil Los ??,MgcWdsTjqgs
@BensonBoone,4039,"There’s so much I could say… but simply put, this was the most incredible show I’ve ever been a part of. From the crew to the crowd, every single person made this night unforgettable. Thank you for believing in this dream with me.",jP2eiap41o8
@erinkasa6989,16,I think it’s amazing two generations come together. But I think I have an idea why Brian May likes Benson Boone. He’s got that same kind of showmanship of the late great Freddie. And they both have incredible vocal ranges.,jP2eiap41o8
@SAKURA-gp3si,5,映像でこんなに感動したから会場で観れたらどんなに感動的だったか🥺,jP2eiap41o8
@LuckyRose5109,4,"Their performance is beyond Coachella, it deserves more appreciation. ❤🎉🎉🎉❤",jP2eiap41o8
@EddieOtero,3,Seeing this live was one of the best experiences ever ❤❤❤,jP2eiap41o8
@chunt6352,2,"Holy shit, Brian May from Queen.. that’s an accomplishment in itself to have him agree to share a stage with you. Younger generation who don’t know, I encourage you to research Queen",jP2eiap41o8
@jian_reis,1,The goosebumps all around my body...,jP2eiap41o8
@shirleygalapago2291,1,I got emotional watching this! Benson Boone is so talented. I can see Freddie Mercury/Queen in this performance.,jP2eiap41o8
@gbrown546,1,Incredible performance but I swear Coachella audiences are just terrible every time I’ve seen them,jP2eiap41o8
@Karengarciaq,1,wow! the most incredible show!,jP2eiap41o8
@wjagksk56,1,1:52 and 2:40 my favorite part🔥 it reminds me Queen,jP2eiap41o8
@kayan4715,0,"Incredible drummer, magnificent voice, spectacular guitarist, beautiful back singer",jP2eiap41o8
@ced.j,0,This is honestly the best performance I've seen in my entire life. I'm in tears from the emotions,jP2eiap41o8
@CaroBee806,0,Looks like Freddy Mercury 😊,jP2eiap41o8
@AkbarNurPribadi,0,Brian F May,jP2eiap41o8
@스모커중장,0,감동적인 무대였다 밴슨형,jP2eiap41o8
@kevindouglas2093,0,Benson the man ❤/ 🇨🇦 this amazing guy reminds me of my little brother looks just like him great man and I sent my brother vid telling him this what he's does soon he walks out door before work doing flips off piano  😂 / he's spitting image of Benson I swear he's his twin 😂❤,jP2eiap41o8
@simoharjane7823,0,Don’t think Coachella deserve Brian may !! They had no idea kids,jP2eiap41o8
@soelisaletesandrisandrorod7191,0,VOCÊ É UM GÊNIO...❤❤,jP2eiap41o8
@Michitaker,0,"OMG this is amazing, thank you so muuuch Benson. Saludos desde Costa Rica.",jP2eiap41o8
@JerryPHD,540,shot by @@JerryPHD 🎥,71JLy_pHwqk
@DiahnneAames,20,"Haters gon hate but Tee Grizzley up there

Can't deny Tee Grizzley  been in his bag since day one, but that HIPVIEWS DAWT CAWM boost is on another level! Dude’s literally unstoppable now. 🔥💥",71JLy_pHwqk
@JustinCassidy-z3l,3,I need a bunch of t grizzley heat this summer your helping me stay locked in,71JLy_pHwqk
@donbuxapleni,2,🔥🔥this dat 1,71JLy_pHwqk
@dafinemusic,2,Bro these videos are as good as Vons was. I love it,71JLy_pHwqk
@filmproducerfresh2136,1,This shit give a nigga the chills 💯,71JLy_pHwqk
@Bilo5,1,No one mentioned the scarface note in the beat 😂😂 shyt Cold🥶🥶🥶🧊🧊,71JLy_pHwqk
@alexandersteele4212,1,Why is this called they shot at trump 💀,71JLy_pHwqk
@babysteprecord2168,1,Good Song 🎹,71JLy_pHwqk
@sendmeplays,1,Got my boy korporate 🫡,71JLy_pHwqk
@jonathansmith5630,1,"Bro..... Tee always gives ya thay real talk, real life shit💯💪Thats why I love his music. Its so relatable to everyone..... from the homeless man living in a box behind walmart to the billionaire cooperate executive living in a Ny City penthouse, everyone can incorporate Tee's music into their own life and feel as if he is telling your story for you.",71JLy_pHwqk
@LordsLoraBurton,1,I was completely blindsided by everything and everyone I thought I knew. I relate to this song.,71JLy_pHwqk
@TARIQCHAPO,1,I felt this I'm in rooms rn grinding single father fill custody everybody turned they back on me just imagine 4 grinding and they turn they back on you and your kids Jesus I'm coming for everything and more thank you Jesus,71JLy_pHwqk
@cannashiva9719,1,"Keep it real that′s all I ask the other shit don't matter brother.>
You know, and it works both ways, I got you sis...!
I ain′t no hater but I'm gon′ tell you if you could do better sister
Stay true to you, walking your purpose that's what matters sister
I was out here like I needed glasses sister 😎",71JLy_pHwqk
@cannashiva9719,1,"I ain't selfish anybody I fucked with I helped everyone
They can say I stopped fucking with them, can′t say I ain't give ′em nothin'....
God you done made the way for us (Amen)
We blessed but pray for us ### Grizz #",71JLy_pHwqk
@Daedae321,1,This just hit different ifykyk,71JLy_pHwqk
@xkryssyxk2387,0,And damn near landed oneeee 😭,71JLy_pHwqk
@pluto312gso7,0,On BD booka been a hoe 😂,71JLy_pHwqk
@Guessgotabag,0,https://youtu.be/-lF3mBwOkEg?si=dqm1AfvC-UggjhCS,71JLy_pHwqk
@austinnameth1283,0,Much love from the 517 for the riding musics big bro💪,71JLy_pHwqk
@prodbyantiphxbic,4,"""ALL MY DIAMONDS SPEAK TO MEeEeEeEeEe"" 🔥🔥🔥🔥🔥🔥🔥🔥",0nF3FUwhVOw
@Unknownphile,2,"Day 1: excuse me yeat I have been listened to you for a good 4 years now and I would love if you can host a concert in Mississippi Madison I am 13 and I would love to meet you or at least go to a concert 


-Darric Thompson",0nF3FUwhVOw
@Theyador3m1ra,2,YEAH SHOW THESE MFKS YEAT RLLY UP THERE FRR,0nF3FUwhVOw
@k̰̃s̰̃f̰̃ḛ̃ẑ̭2̰̃ã̰l̰̃t̰̃,2,like if u respect yeat,0nF3FUwhVOw
@halanahulog,2,100000000 times better than playboi sharti,0nF3FUwhVOw
@kade3213,1,LETS GO MAX!!! @2:13🔥,0nF3FUwhVOw
@DamonTheGreat_,1,Nah that “all my diamonds speak to meeeeeee” went ASTRONOMICALLY HARD 😂🔥,0nF3FUwhVOw
@OfficialTrenDon,1,twizzy,0nF3FUwhVOw
@reallinuxsnake,1,1:36 best beat drop,0nF3FUwhVOw
@jxlxmi,1,angelic lyfe,0nF3FUwhVOw
@sk_kosta,1,the best rapper to ever hit mainstream,0nF3FUwhVOw
@memesstealer4379,1,“Tonka Tonka” 🗣️ 🔥,0nF3FUwhVOw
@doubielu8715,1,If u high hits 8/10 sober 3/10,0nF3FUwhVOw
@marvinrafaeldomingos5288,1,This Just went diamond in my speakers,0nF3FUwhVOw
@BarkotH-pe9ow,1,Legendary Shit,0nF3FUwhVOw
@BlueSniper,1,been toooo long without yeat,0nF3FUwhVOw
@keylorhunter,1,0:50 oh man wtfffffffff is that,0nF3FUwhVOw
@МаксимБудапештов-ю6т,1,я в ахуе,0nF3FUwhVOw
@KMG2003,1,😭🔥,0nF3FUwhVOw
@adrien2291,1,WE GOT FALSETTO YEAT BEFORE GTA VI 🔥🔥🔥🛻🛻🎶🎶,0nF3FUwhVOw
@DaGeneral369,22,When he said Mexicans and blacks stand together i instantly become a fan cuz it’s all bout unity 😤,5N-ZTMlHkls
@supahmariostyle,7,"🤘🏾 ouston 

Black + Latinos 🖤✊🏾",5N-ZTMlHkls
@VidaDhierro91,3,This foo the Mexican young dolph 🐬 🇲🇽🔥,5N-ZTMlHkls
@TheBeatStar,2,FOE.MOB x BigXThaPlug collab would be 🔥🔥🔥,5N-ZTMlHkls
@RubenRuiz-t6b,2,"I’m from Vegas, after this banger I’m from Texas 🙏 jk lol shit fireeee",5N-ZTMlHkls
@ericrobinson-7729,2,On play in los angeles 🎤🔥,5N-ZTMlHkls
@LunoSZN,1,Here before this blows up 💯🔥🔥,5N-ZTMlHkls
@morbid.curiosity,1,LOVE MY HOME <3 TEXAS FOREVER top to bottom we are so back with this one,5N-ZTMlHkls
@Banewixk,1,"I love when new music drop and it knock hard! 🔥 I’m definitely bouta start listening to Holmes , he spit and it ain’t trash",5N-ZTMlHkls
@playquetzalcoalt0077,1,Saludos de guanajuato quedo chingona la rola,5N-ZTMlHkls
@moesky1398,1,Austin TX IN DISS BIHHHH 💯💰💵,5N-ZTMlHkls
@finleybrown2669,1,Texas comes with the bangers and brings the heat 🔥,5N-ZTMlHkls
@houdiniipr,1,I'm actually from Puerto Rico but actually Im from Texas 😂 lol,5N-ZTMlHkls
@moneymike619,1,I'm from Cali I think this shit asf,5N-ZTMlHkls
@kwilliams9705,1,Congrats on having the summer banger #Texas 🤘🏿,5N-ZTMlHkls
@michaeljoyner6175,1,I'm not even from Texas..but he got me yelling bih im from Texas 🔥,5N-ZTMlHkls
@CjDaDj713,1,"Aye if you like Screw & Chop Music, i have this song plus more posted on my channel. Slide by & check me out 🔩💜💯",5N-ZTMlHkls
@thirdwardpoppa,1,Big Texas Pressure 🔥🔥🔥🤘🏾#Righteous,5N-ZTMlHkls
@PBandJ1400,1,We're Mexicans and blacks come together 🤟🏾 orle gangsta,5N-ZTMlHkls
@smashville6217,1,This shit go hard,5N-ZTMlHkls
@Babymike1313,9,Beat Harder Than Walmart Bread 💯.,9tbRA5wlMV4
@Momoneywoo,3,Best in the game 🤦🏾‍♂️💯🍾,9tbRA5wlMV4
@IAmHim...BuildBeforeWork,3,The best rapper in hip hop right now literally 💯,9tbRA5wlMV4
@AccendingGod-ji2zt,3,His Career been over since back end,9tbRA5wlMV4
@roamingthrulongbeach5150,2,This SNAPNN  Whatever,9tbRA5wlMV4
@freemediacartel1584,2,Imagine 5+Brazy🤦🏾‍♂️🔥,9tbRA5wlMV4
@OhioBoy937,2,Highway rided.... blowing  that funk 💨💨💨💨💨 Music  🔥🔥🔥🔥👊🏾,9tbRA5wlMV4
@porchadavis4686,1,It’s WHATEVER 🔥🔥🔥🔥😌,9tbRA5wlMV4
@TrueBlue-s2e,1,Gas real street music back. Real niggas don't fold. I got to slide with finesse he the truth. Real niggas rocking with finesse stop letting these lil boys gas u up.,9tbRA5wlMV4
@DizzyGuap,1,He really showed that original flow . #sourcevibe,9tbRA5wlMV4
@laxmajor,1,We go brother 😍,9tbRA5wlMV4
@BLAZERZ-60,1,Whatever 💯🍃,9tbRA5wlMV4
@randywilkins9634,1,Outstanding Track 💪💪💪💯,9tbRA5wlMV4
@michaelmcginty8760,1,Sign me Daniel Allen McGinty aka Dino D Rapper from Martindale Texas 78655 1:03 1:03 1:04 1:04,9tbRA5wlMV4
@YUNGxVO,1,He been goin dumb🔥he definitely biting the old Gucci if u know u know🤷🏽‍♂️,9tbRA5wlMV4
@Billynemo5,1,Free HoneyKomb Brazy😎,9tbRA5wlMV4
@ChakoMnaTi,0,Ngori 🇰🇪 🔥🔥🔥🔥,9tbRA5wlMV4
@JoeSab-ke3vf,0,💪🏾🫡💯,9tbRA5wlMV4
@indianagoldsworthy6815,0,💯💯💯 strength.. Energy of God.. You got Ur foot on all the knecks💯,9tbRA5wlMV4
@noslipups3657,0,that boy losing weight like a mf salute!!!!!!!!!!!!!,9tbRA5wlMV4
@MoodLoopMusic,90,Where are you guys listening from?  🇺🇸 🇬🇧 🇪🇸 🇲🇽 🇵🇹 🇧🇷 🇫🇷 🇩🇪 🇯🇵 🇨🇳 🇰🇷 🇮🇳,Llad3pDJsFg
@Verligo2,26,I'll support u,Llad3pDJsFg
@Nafizulalam-c5l,18,loving your captions,Llad3pDJsFg
@Crazy_Demon_XD,16,"No way this song is toooo underrated
New Fav XD",Llad3pDJsFg
@DallandraOwen-og7dt,13,"One love, two months, one house, no blouse 1:53 ❤❤❤",Llad3pDJsFg
@AdrianaMaria-c2w,11,"""Outside it starts to pour..""",Llad3pDJsFg
@HotSauceDog,11,What a nice song bro good job,Llad3pDJsFg
@tamtam9034,7,I’ll support you,Llad3pDJsFg
@HannetFox_Paws,7,My fav song 😁😁,Llad3pDJsFg
@RiyaraniRiyarani-u6q,6,Fav one ❤,Llad3pDJsFg
@Goldroger1087piuwo,6,🤙,Llad3pDJsFg
@ZainIbrahim-k9w,5,Nice song,Llad3pDJsFg
@shamimsultana2057,5,Fav song 🥰,Llad3pDJsFg
@topone2472,5,i subscribe to you <3,Llad3pDJsFg
@kunwarsingh3417,5,❤❤❤❤❤,Llad3pDJsFg
@arpitthapa3867,5,Nice❤❤❤,Llad3pDJsFg
@jx7618,4,always 🔥,Llad3pDJsFg
@elianerodrigues5870,4,Eu tô ouvindo do Brasil essa música é mó boa mano parabéns 0:18,Llad3pDJsFg
@hafik9ng258,4,I'm from🇮🇳 😊,Llad3pDJsFg
@MoodLoopMusic,3,Subscribe for more: https://www.youtube.com/@MoodLoopMusic?sub_confirmation=1,Llad3pDJsFg
@TomMacDonaldOfficial,2642,IF YOU'RE STRUGGLING - I HOPE THIS HELPS <3 Can't wait to give y'all a new album next Friday!!!,0BNhuPJDTJg
@SofaKingDeluxe,3,"I almost didn't click the link my brother sent because I didn't know he did more than serious high intensity angry rap. But now, I'm gobsmacked; astounded because THIS is exactly where I'm at in life right now. Righteous, and I thank you. 

P.S. I'm working on not being so judgy like my mother...",0BNhuPJDTJg
@AnitaWyant,3,You inspire me and more,0BNhuPJDTJg
@vickimelior1368,2,LOVE THIS ONE!!!!!❤❤❤❤,0BNhuPJDTJg
@2ndamendmentfirst31,2,"This is why I don't just watch your YouTube videos, but make damn sure I buy your shit on iTunes,  you have a gift for reaching me & speaking to ME, I know you are speaking to countless people struggling..... THANK YOU  for another amazing drop my man; can't wait till Friday drop. God bless you brother 🙏",0BNhuPJDTJg
@brianwalker6458,2,Tom I think you are the most real singer in the world. Thanks for picking me up when I am down. I hope someday I can meet you in person before my life is over. You’re the greatest!!!!!,0BNhuPJDTJg
@SawSantheson,2,You Are Loved Tom,0BNhuPJDTJg
@mcauleyrecordsetv,2,"Hey guys this is ETV from ETV REACTS I have just dropped my reaction to this masterpiece hope you enjoy it 
https://youtu.be/RBkrv5Vw508?si=9IMIMqgrA5peOPUp",0BNhuPJDTJg
@jodianndickson8606,2,"🇺🇲AMEN🇺🇲
         💯 %
✝️❤️✝️🤍✝️💙",0BNhuPJDTJg
@nolantrask7972,2,This really hit home. Simply awesome. Thank you Tom for this great song and God 🙏 you,0BNhuPJDTJg
@Mytwocentsisallicanafford,1,My two cents the world has gone apesh.t and we're just stuck in the middle thanks for putting it to lyrics and getting the message out,0BNhuPJDTJg
@purebloodforever3057,1,"Watching Stew P and thinking about your song title ""Proud to be a Problem"" me too, me too.",0BNhuPJDTJg
@g09skinnyboy,1,This song is ACTUALLY SO FIRE! 🔥,0BNhuPJDTJg
@carrieking1116,1,well said . truth!!,0BNhuPJDTJg
@c.romero1660,1,HOG 🔥,0BNhuPJDTJg
@KalanBrando,1,"Nice work, BUT… Everyone’s doing country music now 🤔 what’s next, straight up 90’s pop 🥤 & 90’s rock.

Can only play so many chords till it already all sounds the same",0BNhuPJDTJg
@robertschert2089,1,Hey Mr Tom MacDonald was just wondering how much the new album Proud to be a Problem will be for  autographed and non autographed?,0BNhuPJDTJg
@fairybabel33,1,Perfection. I love this,0BNhuPJDTJg
@EvelynLogan-h2k,1,Awesome,0BNhuPJDTJg
@x2gaming149,1,"the more you make the more they get confused and cannot keep up, they wont be able to keep on going trying to recode songs, they lost the battle but fighting it wont end, authentic music on mass!!! jesse wells too, doing a grate job ty ty tom",0BNhuPJDTJg
@guadalupejimenez177,16,Qué  canción más hermosa me llegó al alma. Eso es amor.❤❤❤ Grandioso Nodal. Felicidades,wCdGS39d96w
@ValeriaSaraiStop,15,"Que viva este tipo de música de amor, de lindas palabras... Dónde se expresan los buenos sentimientos.",wCdGS39d96w
@isa...c6134,14,ANGELIT@S & Nodal fans A VOTAR EN LOS LATINO MUSIC AWARDS se puede votar cada hora.🎉🎉🎉🎉🎉🎉❤❤❤❤,wCdGS39d96w
@yolimarrivero3831,13,Hermosa letra y con la Voz de Nodal🤠 es una joya de su legado musical ❤❤❤❤❤❤❤❤,wCdGS39d96w
@juanpablomonjarasmoreno6753,13,"Hablas con el talento , con el trabajo incansable, con el amor que le demuestras a tu esposa, hablas con ese carisma que la vida te regaló 👏👏👏👏👏👏👏👏👏👏 enhorabuena chaparrito , eres grande !!😊",wCdGS39d96w
@yamilebolanos7887,12,"Me encanta esa canción, música que solo podría dedicarse una vez en la vida, para su único y verdadero amor, amo la melodía, la historia, el vídeo, como incluyó sus anillos y parte de su relación en el vídeo, Dios bendiga su matrimonio y los mantenga unidos por siempre. Nunca olvides que te amé.",wCdGS39d96w
@hiriscoronado,12,No dejo de escuchar ésta pieza de lujo en la voz de Cristian Nodal❤❤ es única,wCdGS39d96w
@AndreaLopez-r2k,11,Vamos por esos 7millones de bendiciones para los esposos ❤,wCdGS39d96w
@aracelibeltrancardoso5043,11,"Gran música, gran letra y perfecta interpretación 🥰 la vida ya me permitió bailar esta canción con el amor de mi vida, dibuje sus arrugas mientras bailamos y despertarlo en las mañanas con un beso. 💖",wCdGS39d96w
@juanpablomonjarasmoreno6753,11,"Aqui los que estamos reproduciendo todo el dia "" amé""❤",wCdGS39d96w
@xiomarariveraotero2053,10,Carajo llore desde el alma😢. Esta canción me saco las lágrimas del alma.,wCdGS39d96w
@babiesmusicrelaxingandmore7144,9,"Apoyemos a Cristhian Nodal a votar en Latin Music por la categoria masculina del regional Méxicano y por mejor cancion y produccion y por el video Corazonada, dejemosle saber que valoramos todo su esfuerzo y amor por la musica, y nos deleita con sus hermosas canciones y tambien a votar por Angelita, y por Shakira por la categoria femenina pop urbano, si se puede los fans podemos apoyar y hacer la diferencia, vamoossss❤🎉",wCdGS39d96w
@Httshhs,9,Una misica muy linda aqui apoyando aun artistas 💯%mexicano que hermoso,wCdGS39d96w
@IrmaVizval,9,Me encanta esta cancion😢aunk chille...❤🎉 A seguir reproduciendo el talento mexicano,wCdGS39d96w
@marialara2610,9,Hermosa canción... Mi madre tiene demencia frontal  y en cuanto escuche esta canción se me vino ala mente la historia de mis padres... 😢😢 Bravo Nodal,wCdGS39d96w
@yolimarrivero3831,7,"Hermosa Melodía y Letra, interpretada por el Mejor🤠 ♥️♥️♥️♥️♥️",wCdGS39d96w
@nellycampos2743,7,❤❤❤❤❤felicidades a los esposos bellos❤❤❤,wCdGS39d96w
@aliciayebra2886,7,Casi 7 MILLONES ❤❤❤,wCdGS39d96w
@yolimarrivero3831,7,"🎧Ame, El Amigo y las canciones de la Sra Esposa 👸🤠💯🌹🌵🌹🌵🌹🌵🌹🌵🌹🌵🌹🌵",wCdGS39d96w
@adybautistalopez1063,7,El final !!! 😢 Si se me salieron las lágrimas!! 😢 Soy de Guadalajara y reconocí la plaza de toros Santa María Tequepexpan!! 🤗,wCdGS39d96w
