category,categoryId,channelTitle,commentCount,country,description,id,likeCount,publishedAt,tags,title,url,viewCount
music,10,IamdoechiiVEVO,24650,US,"“Anxiety” Doechii

Directed by James Mackel for Adele Drive

Production Company: Adele Drive 
Executive Producers: Anthony “Top Dawg” Tiffith, Anthony Moosa Tiffith
EP: Langston Griffith-Siebens

Production Company: More Avenue
Produced by Jolene Mendes, Sophia Sabella, Pablo Feldman

Director of Photography: Nico Aguilar
Production Designer: Hensel Martinez
Choreographer: Robbie Blue
Stunt Coordinator: Robert Brown 
Creative Directors: James Mackel, Connor Tingley, Sammy McEntire, Langston Griffith-Siebens
Editor: Sammy McEntire

VFX: Pendulum
Colorist: Bryan Smaller

Featuring: Courtney Hargrett, Sydney Hargrett

Production Manager: Rachel Nagao
Production Coordinator: Megan Short
Location Manager: Ron Dabach
Production Accountant: Jessica Feder

First Assistant Director: Jonas Morales
Second Assistant Director: Damon Limbrick
Second Second Assistant Director: Jane Kim

Assistant Choreographer: Marie Spieldenner

First Assistant Camera: Connor Lambert
Second Assistant Camera: Jordan Oglesby
Loader: McKay Todd
Steadicam Operator: Chris Loh
Crane Operator: Clay Platner
Crane Tech: Ned Hurlbut
Matrix Techs: Simon Shin, Doug McCormick
VTR: Bob Mills

Chief Lighting Technician: Tony Varoula
Assistant Chief Lighting Technician: Don Davidson
Electrics: Fred Palluzi, Nick Arnold
Hyphenate Driver / Electric: Anthony Olmos

Key Grip: John Day
Best Boy Grip: Stu Brumbaugh
Grips: Sara Elia, Adam Baker, Hermexial Drexilus
Dolly Grip: Kenneth Colbentz
Hyphenate Driver / Grip: Peter Yauri

Transportation Gang Boss: Rick Antonette

Art Directors: Helen Morales, Adam Miko, Justin Brown
Set Decorator: Natalia Brito
Lead Person: Leo Arroyo
Hyphenates: Talyn LaTour, Maximo Huete
On-Set Dresser: Nick De La Rosa
Set Dresser: Drew Wall
Scenics: Danielle Manning, Anya Dikareva, Krystall Schott, Hailee Field
Shoppers: Heidy Orellana, Simone Arielle Moscovitch, Kaylinn Duffy, Alina Çelik
Graphic Designer: Mackenzie Murray, Remy Levy
Art Assistant: Dylan Dobler

Special Effects / Pyro: John Eggett

Doechii’s Team –
Assistant to Doechii: Caroline Fromm
Stylist: Sam Woolf
Styling Assistant: Juliette Hill
Makeup Artist: Chelsea Uchenna
Hair: Evalyn Denis
BTS Stills: Xavier Scott Marshall 
BTS Video: Zenzele Moore Ysaguirre

Capitol Music Group
Capitol Creative: Chase, Salomon 
Capitol Digital: Danielle Nicholson 

Dancers / Stunts / Background Wardrobe –
Costume Designer: Lisa Madonna
Assistant Costume Designers: Dani Dolinger, Justin Rose

Courtney & Sydney’s Wardrobe –
Costume Designer: Rasheeda Raines

Dancers / Background Hair & Makeup –
Key Makeup Artist & Key Body Painter: Nadia Reese Stone
Additional Makeup Artists & Body Painters: Laurel Charleston, Megan Dupuy, Morrisa Pena
Additional Makeup Artist: Elise Gehrke
Additional Hair Stylist: Gabriela Aceves

Dancer Agencies: BLOC, UTA, MSA, CTG, GO2

Principal Dancers: Peyton Matthias, Andrea Bess, Ardyn Flynt, Keera Kittles, Randi Moraga, Kaylin Motton, Hezekiah Anthony, Lucas Debiasi, Mariyah Hawkins, Gavin Morales, Selena Hamilton, Janae Holster, Anthony Ciaccio, Aysia Ianiero, Zachary Venegas, Rex Kline, Jakevis Thomason, Gabi Barra, Dyllan Blackburn, Jordyn Green, Kenneth Espiritu, Jalen Rashad, Anthony Curley, Dai Boyd, Hannah Winship, Hamly Tavarez, Angel Mammolitti, Robbie Olmos, Jaylen Pea, Augustine Perez

Ensemble Dancers: Shanie Blais, Shelby Davis, Nevaeh Eloi, Kailani Rae, Forest Lee, Davon Rashawn, Denna Thompson, Chaz Buzan, Ava Berstine-Mitchell, Tina Jarmusz, Sofie Loeken, Ally Waller, Alyssa Sniff, Matthew Kubitz, Austin Lee, Jaelyn Heath, Gregg Sainvilus, Kyndall Ash, Liv Battista, Dominique LaRaine, Preslee Tucker, Kyla Chaney, Ania Crist, Athena Cruz, Jordan Gaskin, Alexandria Schacter, Daniel Asamoah, Zion Harris, Seth Kai, Grayson McGuire, Phi Voba, JJ Allen, Caryn Mueller, Carlin Dixon, Rauf Yasit

Stunt Performers: Tyler Elliott, Joe Santos, Brian In, LK Lavecchia

Background: Marquise Smith, Martyrs Smith, Sara Salazar, Andrea Salazar, Katie Molloy, Emma Molloy, Olga Fridman, Yulia Maleko

Medics: Heidi Rodriguez, Krisztina Barabas

Production Assistants: John Bonin, Donovan Watson, Patrick Wirth, Omar Gutierrez, Luther Sartor, Joseph Steven Huegel, Cameron Robson, Jonathan Davis, Jhovanny Esparza, Daved Olivencia, Danny Mullen, Anthony Vega, Julio Almaguer, Matt Dulberg, Jeffrey Petro, Dylan Myers, Julie Nyznik, Julian Domingues, Bella Soto

Matmen: Alfredo Papadaki

Post –
Post Producer: Sammy McEntire

VFX Supervisor: Ryan Zum Mallen
VFX Producer: Damian Giampietro
VFX Creative Director: Sammy McEntire
Compositors: Victor Velasco & Diana Iatsenko
QC: Dena Zum Mallen
On-Set VFX Supervisor: Ben Kadie
Additional VFX Cleanup: Paume Post Production
Sound Design: Adam Carl

Color House: Company 3
Color Producer: Mario Castro

Special Thanks: Sony, Kodak, Panavision, Amanda Sasaki, Calvert Studios, Image Locations",riCP9x31Kuk,447009,2025-04-18T15:00:06.000Z,"[Doechii, Top Dawg Entertainment/Capitol Records, Hip Hop]",Doechii - Anxiety (Official Video),https://www.youtube.com/watch?v=riCP9x31Kuk,6892434
music,10,KendrickLamarVEVO,53823,US,"Kendrick Lamar “GNX” is available now: https://my-gnx.com/
 
Director: Karena Evans
Production Company: project3 / Fela
Executive Producers: Cornell Brown, Taj Critchlow, Dean Rosen
Producers: Kendrick Lamar, Dave Free, Tina Chuldzhyan, Fuliane Petikyan, Jamie Rabineau, Sam Canter
Director of Photography: Adam Newport-Berra
1st AD: Evrard Salomon
Production Designer: Lauren Nikrooz
Wardrobe Department Head: Karizza Sanchez
Wardrobe Stylist (KL): Taylor McNeill
Wardrobe Stylist (SZA): Alejandra LaPilusa
Wardrobe Stylist (Cast): Jess Mori
Editor: Kat Webber
VFX: Sunset Edit
Sound Design: Concrete Sound
Color: Mikey Rossiter
Commissioner: Michelle An
 
https://shop.my-gnx.com
https://www.instagram.com/kendricklamar
https://twitter.com/kendricklamar
https://www.facebook.com/kendricklamar
 
#luther #KendrickLamar #SZA #GNX 

Music video by Kendrick Lamar, SZA performing luther.© 2025 pgLang, under exclusive license to Interscope Records",sNY_2TEmzho,955997,2025-04-11T16:01:32.000Z,"[Kendrick Lamar, SZA, pgLang, under exclusive license to Interscope Records, Hip Hop]",Kendrick Lamar & SZA - luther,https://www.youtube.com/watch?v=sNY_2TEmzho,15204721
music,10,Lil Wayne - Topic,2008,US,"Provided to YouTube by Universal Music Group

She Will · Lil Wayne · Drake

She Will

℗ 2011 Cash Money Records Inc.

Released on: 2011-08-16

Producer: T-Minus
Recording Engineer: Michael “BANGER” Cadahia
Recording Engineer: Edward Lidow
Recording Engineer: Noah ""40"" Shebib
Mixing Second Engineer, Recording Second Engineer: Elizabeth Gallardo
Mixing Engineer: Fabian Marascuillo
Mastering Engineer: Brian ""Big Bass"" Gardner
Composer Lyricist: D. Carter
Composer Lyricist: A. Graham
Composer Lyricist: Tyler Williams

Auto-generated by YouTube.",v_5qP1YukCA,20152,2025-04-16T04:03:10.000Z,"[Lil Wayne, リルウェイン, リル・ウェイン, Drake, ドレイク, She Will, シー・ウィル, シー・ウィル feat. ドレイク]",She Will,https://www.youtube.com/watch?v=v_5qP1YukCA,1295108
music,24,WaterTower Music,6043,US,"Steve's Lava Chicken (Official Music Video), from the #OriginalSoundtrack of A Minecraft Movie
Performed by Jack Black
Available now: https://lnk.to/MinecraftMovieSDTKID

Subscribe to WaterTower Music on YouTube:
http://bit.ly/WaterTowerSub

Listen to more: https://www.youtube.com/playlist?list=PLBKadB95sF44XzSGYF6ZGqZPFW7LjzUcC

#MinecraftMovie #Minecraft

Tracklist:
1. I Feel Alive - Jack Black
2. When I'm Gone (""A Minecraft Movie"" Version) - Dirty Honey
3. Change Song - Dayglow
4. Zero to Hero - BENEE
5. Could This Be Love? - Bret McKenzie
6. Just Can't Get Enough (from ""A Minecraft Movie”) [Instrumental Version] - Jamieson Shaw
7. Steve's Lava Chicken - Jack Black
8. Birthday Rap - Jack Black & Jason Momoa
9. Ode to Dennis - Jack Black
10. Minecraft (from “A Minecraft Movie”) - Mark Mothersbaugh
11. Mintage  - Mark Mothersbaugh
12. Midport Village - Mark Mothersbaugh
13. Day to Night - Mark Mothersbaugh
14. Steve in The Nether - Mark Mothersbaugh
15. Chicken Fight Club - Mark Mothersbaugh
16. I Need a Win, Man - Mark Mothersbaugh
17. I'm Coming With / Minecraft - Mark Mothersbaugh
18. Nitwit Crosses and Steve Finds / Minecraft - Mark Mothersbaugh
19. Woodland Mansion Planning - Mark Mothersbaugh
20. Steve vs. Malgosha - Mark Mothersbaugh
21. Piglins Attack - Mark Mothersbaugh
22. Heroic Henry / Minecraft - Mark Mothersbaugh
23. Let's Go Fight Some Pigs - Mark Mothersbaugh
24. Run from the Great Hog - Mark Mothersbaugh
25. Back in The Nether - Mark Mothersbaugh

About A Minecraft Movie: 
From Warner Bros. Pictures and Legendary Pictures and starring Jason Momoa and Jack Black, A Minecraft Movie, directed by Jared Hess, is the first ever big screen, live-action adaptation of Minecraft, the best-selling video game of all time. Welcome to the world of Minecraft, where creativity doesn't just help you craft, it's essential to one's survival! Four misfits—Garrett ""The Garbage Man"" Garrison (Momoa), Henry (Hansen), Natalie (Myers) and Dawn (Brooks)—find themselves struggling with ordinary problems when they are suddenly pulled through a mysterious portal into the Overworld: a bizarre, cubic wonderland that thrives on imagination. To get back home, they'll have to master this world (and protect it from evil things like Piglins and Zombies, too) while embarking on a magical quest with an unexpected, expert crafter, Steve (Black). Together, their adventure will challenge all five to be bold and to reconnect with the qualities that make each of them uniquely creative…the very skills they need to thrive back in the real world.  

Connect with A Minecraft Movie:
Instagram: https://www.instagram.com/AMinecraftMovie
TikTok: https://www.tiktok.com/@AMinecraftMovie
Facebook: https://www.facebook.com/AMinecraftMovie
X: https://x.com/AMinecraftMovie

Connect with WaterTower Music:
Instagram: https://www.instagram.com/watertowermusic
TikTok: https://www.tiktok.com/@watertowermusic
Facebook: https://www.facebook.com/WaterTowerMusic
X: https://x.com/watertowermusic
Official site: https://www.watertower-music.com/

About WaterTower Music:
WaterTower Music, the in-house label for the WarnerMedia companies, releases recorded music as rich and diverse as the companies themselves. It has been the soundtrack home to many of the world’s most iconic films, television shows and games since 2001. Featured releases include the soundtracks for Aquaman, The Hobbit, Interstellar, Game of Thrones, Crazy Rich Asians, King Arthur, Zack Snyder’s Justice League, Westworld and Dune.

Jack Black - Steve's Lava Chicken (Official Music Video) | A Minecraft Movie Soundtrack | WaterTower
https://youtu.be/41O_MydqxTU",41O_MydqxTU,254932,2025-04-09T18:12:30.000Z,"[Movie soundtracks, movie soundtracks playlist, watertower music, film soundtrack, Music, Soundtrack, film music, best soundtracks of 2025, minecraft, Jack Black, Danielle Brooks, Jared Hess, Emma Myers, Sebastian Hansen, Jennifer Coolidge, Overworld, Netherworld, Piglins, Malgosha, Steve, Garbage Man, Garrett, Rock, minecraft song, minecraft theme, Henry, Natalie, Dawn, Creepers, Zombies, Villagers, Nitwit, crafting, mining, lava, chicken, la la la lava, ch ch ch chicken, lava chicken song]",Jack Black - Steve's Lava Chicken (Official Music Video) | A Minecraft Movie Soundtrack | WaterTower,https://www.youtube.com/watch?v=41O_MydqxTU,18600166
music,10,Morgan Wallen - Topic,226,US,"Provided to YouTube by Universal Music Group

I Ain't Comin' Back · Morgan Wallen · Post Malone

I Ain't Comin' Back

℗ 2025 Big Loud Records, under exclusive license to Mercury Records/Republic Records, a division of UMG Recordings, Inc.

Released on: 2025-04-18

Producer, Mixing Engineer: Joey Moi
Recording Engineer, Digital Editing Engineer: Ryan Yount
Recording Second Engineer: Katelyn Prieboy
Recording Second Engineer: Austin Brown
Production Manager: Ally Gecewicz
Digital Editing Engineer: Scott Cooke
Digital Editing Engineer: Matt McCartney
Digital Editing Engineer: Eivind Nordland
Mastering Engineer: Ted Jensen
Composer Lyricist, Vocalist: Morgan Wallen
Vocalist: Post Malone
Background Vocalist: Wes Hightower
Composer Lyricist: Louis Bell
Composer Lyricist: Michael Hardy
Composer Lyricist: Austin Post
Composer Lyricist: Ernest Keith Smith
Composer Lyricist: Ryan Vojtesak

Auto-generated by YouTube.",NCOHOZMRM1Q,23839,2025-04-17T10:00:41.000Z,"[Morgan Wallen, Post Malone, ポストマローン, ポスト・マローン, I Ain't Comin' Back]",I Ain't Comin' Back,https://www.youtube.com/watch?v=NCOHOZMRM1Q,668000
music,10,Angela Aguilar Oficial,34212,US,"Suscríbete a mi canal haciendo click aquí 👉 https://cutt.ly/bymXR8Y 

🚩 No te pierdas de nada siguiéndome en redes sociales: 
- Instagram: https://www.instagram.com/angela_aguilar_/ 
- TikTok: https://www.tiktok.com/@angelaaguilar_ 
- Facebook: https://www.facebook.com/AngelaAguilarOficial/ 
- X: https://x.com/AngelaAguilar__ 
- Canal WhatsApp: https://whatsapp.com/channel/0029Vah2E88AzNbsiYI3zm3l",RUPOZzXyEe8,95552,2025-04-17T00:00:06.000Z,"[angela aguilar, nuevo angela aguilar, angela aguilar 2025, nadie se va como llego, nueva cancion de angela aguilar, regional mexicano]",Ángela Aguilar - Nadie Se Va Como Llegó (Video Oficial),https://www.youtube.com/watch?v=RUPOZzXyEe8,4191741
music,10,BigXthaPlug,6531,US,"BigXthaPlug - All The Way feat. Bailey Zimmerman (Official Music Video)

Stream All The Way: https://symphony.to/bigxthaplug-2/all-the-way 

🔔 Subscribe to BigXthaPlug's channel: https://bit.ly/3SLQimL

Follow BigXthaPlug:
https://www.instagram.com/bigxthaplug
https://twitter.com/BigXthaPlugg
https://www.tiktok.com/@bigxthaplug_
https://www.facebook.com/p/bigxthaplug-100063805581381/
https://www.bigxthaplugofficial.com/
Everything BigX: https://bigxthaplug.komi.io/

Follow Bailey Zimmerman:
https://www.tiktok.com/@bailey.zimmerman  
https://www.facebook.com/baileyzimmermanmusic  
https://www.instagram.com/bailey.zimmerman  
https://www.twitter.com/baileyzimmerman  

Lyrics:

Don’t let me down easy 
If you’re gonna leave me 
Baby go and leave me all the way 
Don’t ask for all your things back
Cussin’ out my name yeah
Just to go and take back what you say 
Burn all the bridges 
Don’t ask forgiveness
Walk away like I’m someone you hate 
Don’t let me down easy 
If you’re gonna leave me 
Baby go and leave me all the way

Aye, if it's over it's over so f*ck it
Just don't act like my love wasn't nothing 
Like I wasn't the one you was holding at night telling all your secrets and hugging
Cause you right, it's too good to be true
Was a point all I needed was you 
But sh*t time after time all this fussing and fighting it's time you do what you do
And it's cool, mama said there was fish in the sea 
I got lost in the pool
Knew it was coming, I watched how you move, 
how you turned your back on me and leave Me to lose
Remember the text how you said that you do
Said that you'd never leave we would fight til it’s due
But as it went on I was fighting for you
Sent a text it turned green why the f*ck it ain't blue 
Guess you gone and I get it
Said you stay and you wanted my name but you left so I'm guessing that  you never meant it 
Said you’d try and hold on cause the love was so strong now I'm standing alone in this kitchen
Singing sad songs but I'm knowing that this sh*t don't last long
If you're leaving then leave cause your bags gone
But just know that you can never come back home

Don’t let me down easy 
If you’re gonna leave me 
baby go and leave me all the way 
Don’t ask for all your things back
Cussin’ out my name yeah
Just to go and take back what you say 
Burn all the bridges 
Don’t ask forgiveness
Walk away like I’m someone you hate 
Don’t let me down easy 
if you’re gonna leave me 
baby go and leave me All the way

Aye, if you say that you done then no takes backs 
Said you fell outta love and I hate that
But see me I was stuck like a drug really fiening for love and somehow I can't shake back
When you walked out that door I was hurting
All the dreams in my head you was perfect
You remember the very first time that we chilled and I reached for your hand where the nerves at
Time will pass cause sh*t that’s what it do it be time I be sick sitting thinking about you 
It was death do us apart till you gave me the blues 
Really played with my heart had me lost in the view
Thought this sh*t was fair game but you made up the rules 
On my hear left a scar and a bruise
Hope that you can stand on all the sh*t that you did cause I’m done 
Yeah I’m finally through

Don’t let me down easy 
If you’re gonna leave me 
Baby go and leave me all the way 
Don’t ask for all your things back
Cussin’ out my name yeah
Just to go and take back what you say 
Burn all the bridges 
Don’t ask forgiveness
Walk away like I’m someone you hate 
Don’t let me down easy 
If you’re gonna leave me 
Baby go and leave me all the way

#BigXthaPlug #baileyzimmerman #newmusic",7kyHvPNbugk,202964,2025-04-04T19:00:06.000Z,"[bigxthaplug, bigxtheplug, big x the plug, big x tha plug, bigxtraplug, bigx the plug, bigxthaplug lyrics, bigxthaplug shorts, bigxthaplug bailey zimmerman song, bigxthaplug country song, bailey zimmerman, all the way bigx, all the way bailey zimmerman, bailey zimmerman all the way, bigx all the way music video, all the way music video, bigxthaplug all the way, bailey zimmerman bigxthaplug new song, bigxthaplug music video, bigx bailey zimmerman, bailey zimmerman bigxthaplug]",BigXthaPlug - All The Way feat. Bailey Zimmerman (Official Music Video),https://www.youtube.com/watch?v=7kyHvPNbugk,9671907
music,10,EBK Jaaybo,3514,US,"#HOMEBODY -  OUT ON ALL PLATFORMS

Socials:
      Instagram |  https://www.instagram.com/ebkjaaybo
           Tik Tok |  https://www.tiktok.com/@ebkjaaybo_
            Twitch | https://www.twitch.tv/nightingalejaaybo
Vlog Channel | https://youtube.com/@ebkjaaybovlog

For business inquiries :
Email : JaymaniGormanebk@gmail.com 

Streaming Platforms:
 Apple Music | https://music.apple.com/us/artist/ebk-jaaybo/1546909526 
          Spotify | https://open.spotify.com/artist/7iKgSlIINjat3bsCYiNMYX
  Soundcloud | https://on.soundcloud.com/UyZFs

#ebkjaaybo #homebody #rap",sI0VDF65Cac,30083,2025-04-19T00:00:07.000Z,"[ebk jaaybo, ebk, ebk young joc, young slobe, ebk tootie, ebk jublockshotta, ebk osama, ebk leebo, ebk lil play, daboii, bbg steppaa, r3 da chiliman, sugar hill ddot, ebk jaaybo nojumper, ebkjaaybo, ebkjaaybo nojumper, ebkjaaybo no jumper, ebkjaaybo adam22, ebk jaaybo adam22, jaaybo, boogieman, ebkjaaybo boogieman, boogieman tiktok, the biggest g, first day out, jerryphd, fuck everybody, ebk jaaybo fuck everybody, fuck everybody video, ebk jaaybo homebody, homebody, ebk video]",EBK Jaaybo - Homebody (Official Music Video),https://www.youtube.com/watch?v=sI0VDF65Cac,684688
music,10,SnoopDoggVEVO,6491,US,"Last Dance with Mary Jane ft. Tom Petty & Jelly Roll exclusive 7” and 4/20 merch collection available now at https://shop.snoopdogg.com
 
Snoop Dogg “Last Dance”, (feat. Tom Petty & Jelly Roll) produced by Dr. Dre, out now - https://snoopdogg.lnk.to/lastdance. Snoop Dogg’s album ‘Missionary’, produced by Dr. Dre, available now- https://snoopdogg.lnk.to/Missionary
 
Music Video Directed by: Dave Meyers 
 
Follow Snoop Dogg:
Website: https://snoopdogg.com
Official Store: https://shop.snoopdogg.com
Facebook: https://www.facebook.com/snoopdogg
Instagram: https://www.instagram.com/snoopdogg
Twitter: https://x.com/snoopdogg
Snapchat: https://www.snapchat.com/add/snoopdogg
  
#SnoopDogg #JellyRoll #TomPetty


Music video by Snoop Dogg, Dr. Dre, Tom Petty, Jelly Roll performing Last Dance With Mary Jane.© 2025 Death Row/Aftermath/Interscope Records",rseqmSGH7xk,143460,2025-04-20T17:00:07.000Z,"[Snoop Dogg, Dr. Dre, Tom Petty, Jelly Roll, Death Row/Aftermath/Interscope Records, Hip Hop]",Last Dance with Mary Jane ft. Tom Petty & Jelly Roll (Official Music Video),https://www.youtube.com/watch?v=rseqmSGH7xk,2838946
music,10,mgk,6242,US,"mgk - Empty Out Your Pockets (Juice WRLD) x Boulevard of Broken Dreams (Green Day) 

Directed by: Sam Cahill

Follow mgk:
http://twitter.com/machinegunkelly
http://instagram.com/machinegunkelly
https://tiktok.com/@mgk
http://facebook.com/machinegunkelly
http://MachineGunKelly.lnk.to/newsletter
http://machinegunkelly.com

#mgk #emptyoutyourpockets #juicewrld",8PimtJDcGv4,82463,2025-04-16T19:35:48.000Z,,mgk - Empty Out Your Pockets (Juice WRLD) x Boulevard of Broken Dreams (Green Day),https://www.youtube.com/watch?v=8PimtJDcGv4,1462428
music,22,Forrest Frank,3111,US,"OH LORD I NEED YOU NOW MORE THAN EVER!

IG: @hiforrest",T1LRsp8qBY0,48613,2025-04-14T03:53:54.000Z,,Forrest Frank - YOUR WAY'S BETTER (Official Lyric Video),https://www.youtube.com/watch?v=T1LRsp8qBY0,1943904
music,10,kevingatesTV,1772,US,"Kevin Gates - No Names (Official Music Video)  

Stream/Download: https://k-evingates.lnk.to/nonames

LUCA BRASI 4' ON THE WAY SIGN UP FOR UPDATES https://laylo.com/kevingates/ZBn4hfd2

SIGN UP FOR ALL EXCLUSIVE KEVIN GATES UPDATES 
https://music.breadwinneralumni.com/

Subscribe for more official content from Kevin Gates:
https://kevingates.lnk.to/Subscribe

Follow Gates
TikTok: https://www.tiktok.com/@iamkevingates
Instagram: http://instagram.com/iamkevingates
Twitter: http://twitter.com/iamkevingates
Facebook: https://facebook.com/kvngates
Soundcloud: https://soundcloud.com/kevingates
Website: https://www.breadwinneralumni.com/

Production House - Super Friends
Production Company - Pixel Potions

Marketing/Creative - @coreynotes
EP - @iamrobertvalentino
Director/DP - @dir.joshjones
Producer - @dylanpalley

Gaffer - @jacobalvaradodp
Key Grip - @lightscamerasteve

Production Designer - @odegaards
Art Assist - @Anthony Escobedo

PA - @daphne.1111
Casting - @millticketceo
@iammoriah
@cheatcodecasting

Artist Stylist - @pariyaluv
HMUA - @rasheedaameera @stacy.didit

Edit/Color/VFX - @dir.joshjones

#kevingates #nonames",arbTAljiC-E,25757,2025-04-15T23:00:07.000Z,"[kevin gates, kevin, gates, 2 phones, by any means 2, OfficialBWA, I'm Him 2, I'm Him, big bruddah, kevin gates big bruddah, Don't Be Mad, therapy sessions, Kevin Gates Therapy Sessions, kevin gates therapy sessions, Kevin Gates Lingo, kevin gates lingo, No Names, no names, kevin gates no names, Kevin Gates no names, no, names, nonames, no names music video, no names summer walker cover, no names Kevin Gates cover, Kevin Gates Beyonce cover, no names kevin]",Kevin Gates - No Names [Beyoncé Edit] (Official Music Video),https://www.youtube.com/watch?v=arbTAljiC-E,683045
music,10,Ed Sheeran,27737,US,"'Azizam' out now: https://es.lnk.to/azizamYC

More from Azizam: https://www.youtube.com/playlist?list=PLjp0AEEJ0-fHPcd8kayQGMdKv5mppM0QH

Subscribe to Ed's channel: http://bit.ly/SubscribeToEdSheeran

Follow Ed on...
Instagram: http://instagram.com/teddysphotos
TikTok: https://www.tiktok.com/@edsheeran
Facebook: http://www.facebook.com/EdSheeranMusic
Twitter: http://twitter.com/edsheeran
Discord: http://discord.gg/edsheeran
Official Website: http://edsheeran.com

Credits
Written and Directed by: Saman Kesh @saman_kesh
https://www.samankesh.com
Commissioner: Dan Curwin @dancurwin
Producer: Nicole Powell @nicolepow
Production Company: 42 Branded @42_branded
Executive Producers: Otis Bell @otisob1 and Clancie Brennan @clancie_brennan
Director of Photography: Kaname Onoyama @kaname.onoyama
Addit’l Cinematography (LA): Omer Ganai @omerganai
Choreographer: Charlie Mayhew @charliemayhew_
1st AD: James Amos
PM: Guy Fuhrer @guyfuhrer (UK) / Bria Wentzel @freetobria (LA)
Production Designer: Ricky Eyres @echoartists
Ed Sheeran Styling &amp; Grooming: Liberty Shaw @libertyshaw_stylist
Ed Sheeran Styling: Hilary Owen @hilary_owenstylist
Food Stylists: Hami Sharafi @igotitfrommymaman Tanya Sadourian @tanyasadourian
Costume Designer: Natalie Humphries @echoartists
Additional Styling (LA): @rachel_olsonn
Makeup and Hair Lead: Ameneh Mahloudji
Casting: @lanecastinguk @charliemayhew_
Editor: Emma Blackman / Cartel @ecblackman @cartel.tv
VFX: Territory Studio @territorystudio
Sound: Aaron Taffel @aarontaffel
Colourist: Luke Morrison / ETC @thehux @electrictheatrecollective6082 

Starring:
Googoosh @googoosh
Andy @andymusic1
Omid Djalili @omiddjalili
Shervin Alenabi @shervinalenabi
Eyelar @eyelarx
Ilya Salmanzadeh @ilya_music

--
Azizam Lyrics:

Azizam
Meet me on the floor tonight
Show me how to move like the water
In between the dancing lights
Be mine be mine
Azizam

I wanna be nowhere but here with you now
I wanna be one in this space
I wanna be tangled and wrapped in your cloud
I wanna be close to your face

Well tomorrow can wait
Losing time in this place
Till the sun is awake
Be like a magnet on me

I don’t care what they say
We can do it our way
And if love’s just a game
Then come and play

Azizam
Meet me on the floor tonight
Show me how to move like the water
In between the dancing lights
Be mine be mine
Azizam

Azizam
Azizam

I wanna get lost in your ocean and drown
I wanna be careless and free
I wanna live here in the moment we found
I wanna be all that you see

Well tomorrow can wait
Losing time in this place
Till the sun is awake
Be like a magnet on me

I don’t care what they say
We can do it our way
And if love’s just a game
Then come and play

Azizam
Meet me on the floor tonight
Show me how to move like the water
In between the dancing lights
Be mine be mine
Azizam

Azizam
Meet me on the floor tonight
Show me how to move like the water
In between the dancing lights
Be mine be mine
Azizam

Azizam
Azizam
Azizam",MI9ZpIKgyf0,106066,2025-04-17T16:00:06.000Z,"[edsheeran, ed sheeran, official, official video, lyrics, azizam, azizam ed sheeran, new ed sheeran song, ed sheeran azizam, play, ed sheeran play, ed sheeran new music, meet me on the floor tonight, azizam song, azizam single, azizam my love, azizam new song, azizam out now, azizam music video, music video, azizam official video, azizam persian video, azizam persian music video, ed sheeran persian wedding, persian wedding, farsi, ed sheeran farsi, ed sheeran music video]",Ed Sheeran - Azizam (Official Music Video),https://www.youtube.com/watch?v=MI9ZpIKgyf0,7747007
music,10,Dany Ome & Kevincito El 13 ,2039,US,"Escuchar aqui: 


Subscríbete y no te pierdas los estrenos:
https://www.youtube.com/channel/UCuBGNyEpfrbbhZ3r3vIjnfg?sub_confirmation=1

✌️ Síguenos en: 
Dany Ome: https://songshare.com/artist/wl0uvdo6
Kevincito El 13: https://songshare.com/artist/t20ksj1i
Spotify ""Dany Ome"" : https://open.spotify.com/artist/4uQjbkbjzXEE1SsnMHFK1v
Spotify ""Kevincito El 13"" : https://open.spotify.com/artist/3ajdx40gqTuGi01ZemBDe9
Instagram ""Dany Ome"" : https://www.instagram.com/es.dany.ome1
Instagram ""Kevincito El 13"" : https://www.instagram.com/kevincitoel13",hoE5jz4zbvg,16637,2025-04-17T19:25:06.000Z,,La L y . - Dany Ome & Kevincito el 13 (Video Official) Leyenda,https://www.youtube.com/watch?v=hoE5jz4zbvg,569743
music,10,Lord Huron - Topic,140,US,"Provided to YouTube by Virgin Music Group

The Night We Met · Lord Huron

Strange Trails

℗ 2015 Whispering Pines, distributed by Mercury Records, a division of UMG Recordings, Inc.

Released on: 2015-04-07

Lead Vocals, Guitar, Sound Engineer, Writer, Producer: Ben Schneider
Drums, Sound Engineer: Mark Barry
Keyboards, Bass Guitar: Miguel Briseño
Guitar: Tom Renaud
Sound Engineer: Ben Tolliday
Mixing Engineer: Rick Parker
Mastering Engineer: Dave Cooley

Auto-generated by YouTube.",90DKXLbzLto,7159,2025-04-07T10:00:15.000Z,"[Lord Huron, Strange Trails, The Night We Met]",The Night We Met,https://www.youtube.com/watch?v=90DKXLbzLto,571505
music,10,AddisonRaeVEVO,5362,US,"Official Video for “Headphones On” by Addison Rae
Listen to & Download “Headphones On” out now: http://addisonrae.lnk.to/headphoneson
 
Directed by Mitch Ryan
 
LYRICS
 
Put your headphones on
Guess I gotta accept the pain
Need a cigarette to make me feel better
Every good thing comes my way
So I
Still get dolled up
 
Guess I gotta accept the pain
Need a cigarette to make me feel better
Every good thing comes my way
So I
So I put my headphones on
 
I put my headphones on
Listen to my favorite song
(Listen to my favorite song)
Soaking up the rain
Letting my hair down
So I put my headphones on
Come and put your headphones on
 
Wish my mom and dad could’ve been in love
Guess some things aren’t meant to last forever
I compare my life to the new it girl
Jealousy’s a rip tide, it pulls me under
 
You can’t fix what has already been broken
You just have to surrender to the moment
 
Guess I gotta accept the pain
Need a cigarette to make me feel better
Every good thing comes my way
So I
Still get dolled up
 
Guess I gotta accept the pain
Need a cigarette to make me feel better
Every good thing comes my way
So I
 
So I put my headphones on 
(I put my headphones on)
Listen to my favorite song
(Listen to my favorite song)
Soaking up the rain
Letting my hair down
So I put my headphones on
 
Come and put your headphones on
Listen to my favorite song
 
I know the lows are what makes the highs higher
So I tell myself this as a reminder
Life’s no fun through clear waters
 
You can’t fix what has already been broken
You just have to surrender to the moment
 
Guess I gotta accept the pain
Need a cigarette to make me feel better
Every good thing comes my way
So I
Still get dolled up
 
Guess I gotta accept the pain
Need a cigarette to make me feel better
Every good thing comes my way
So I
 
So I put my headphones on
(I put my headphones on)
Listen to my favorite song
(Listen to my favorite song)
Soaking up the rain
Letting my hair down
So I put my headphones on
 
Gonna dance
Gonna dance
Till the wheels fall off
You know I can’t get enough
 
Gonna dance
Gonna dance
Till the wheels fall off
You know I can’t get enough
 
Gonna dance
Gonna dance
Till the wheels fall off
You know I can’t get enough
 
Gonna dance
Gonna dance
Till the wheels fall off
Till the wheels fall off

Follow Addison:
https://www.instagram.com/addisonraee
https://www.tiktok.com/@addisonre
https://x.com/whoisaddison

Follow ARHQ:
https://www.instagram.com/arhq
https://www.tiktok.com/@arhq
https://x.com/addisonrae_hq

www.addisonrae.com
 
Text Addison:
310-356-9261
 
#AddisonRae #HeadphonesOn",XdFpzaM07i0,82059,2025-04-18T04:00:06.000Z,"[Addison Rae New Song, Addison Rae New Music, AddisonRe, TikTok, Viral, die, Charlie xcx, Brat, Music Video Pop, Diet Pepsi, Addison New Song, When we drive in your car I’m your baby, Untouched XO, Aquamarine, Honey dive into me, Addison Aquamarine, Addison Pepsi, Addison Diet Pepsi, High Fashion, Addison High Fashion, don’t need your drugs, I’d rather get high fashion, Addison Headphones On, Addison Headphones, Headhpones On, So put my headphones on]",Addison Rae - Headphones On (Official Video),https://www.youtube.com/watch?v=XdFpzaM07i0,1318321
music,10,Benson Boone,5400,US,"Watch Benson Boone's performance of ""Bohemian Rhapsody"" with Special Guest Brian May live at Coachella 2025

🔔 Subscribe to Benson's Channel: https://bit.ly/3RV5Na8

Pre-Order 'American Heart' the second album from Benson Boone – available June 20th: https://BensonBoone.lnk.to/AmericanHeart


Follow Benson Boone:
http://www.BensonBoone.com
https://www.Tiktok.com/@bensonboone
http://www.Instagram.com/BensonBoone
http://www.Twitter.com/BensonBoone
http://www.Facebook.com/BensonBoone

#BensonBoone #BrianMay #BohemianRhapsody #CoachellaOnYouTube",hxD10j0t9t4,116080,2025-04-15T03:11:14.000Z,"[Benson Boone, Benson Boone lyrics, Beautiful Things, benson boone new song, Benson Boone New Music, benson boone beautiful things, new benson boone, new benson boone song, benson boone sorry im here video, benson boone coachella, benson boone coachella 2025, benson boone coachella performance, benson boone coachella bohemian rhapsody, benson boone coachella queen, coachella, benson boone performing bohemian rhapsody, bohemian rhapsody, benson boone bohemian rhapsody]",Benson Boone with Special Guest Brian May - Bohemian Rhapsody (Live at Coachella 2025),https://www.youtube.com/watch?v=hxD10j0t9t4,4742227
music,10,803Fresh,233,US,"803Fresh - Boots On The Ground (Official Audio) 
Where Them Fans At?

Stream/Download here: https://803fresh.lnk.to/bootsontheground

Where Dem Fans At?

Boots on the Ground
by 803Fresh​
LYRICS:
Lord have mercy
the Wizard got them bang
live in the building yeah yeah I dance
my heart dancing huh you ready
where them fans at
where them fans at
where them fans at
where them fans at
hit me one time
oh oh oh oh oh
I got my boots on the ground
boots on the ground
oh oh oh oh oh oh
I got my boots on the ground boots on the ground
where the fans at
get up out your seat
let your body move
cowboys and cowgirls they're feeling that groove
sipping on Moonshine fire fire rolling
i'mma get behind that thing girl
and hold it hold it hold it hold it
oh oh oh oh
got my boots on the ground
boots on the ground yes sir where them thangs at
oh oh oh oh oh
got my boots on the ground boots on the ground
fans please where them thangs at
hope you got good knees cause we gonna get it up
everybody's dancing to that juke joint love
hold on to your wig hold on to your man
cause the step is in the building y'all
and they throwing them fans
come on whoa oh whoa oh whoa
got my boots on the ground
boots on the ground yeah
where the band at oh
got my boots on the ground baby boots on the ground
wait a minute huh
where them fans at
boots on the ground huh
kicking up some dust kicking
up some dust boots on the ground
kicking up some dust
wait a minute now
where them fans at
where them fans at
where them fans at
hit me one time
hit me two time
oh oh oh oh oh
I got my boots on the ground
boots on the ground yeah yeah
oh oh oh oh oh
I got my boots on the ground
boots on the ground
man let me do that one more time
for the ones who ain't hear me
boots on the ground
kicking up some dust
boots on the ground
kicking up some dust
wait a minute now
where them fans at
where them fans at
where them friends at
hit me one time
hit me two time
oh oh oh oh oh oh
I got my boots on the ground
oh wait a while yeah
oh oh oh oh oh
I got my boots on the ground
oh my yeah yeah
boots on the ground
where them fans at
where they at
boots on the ground
where them fans at
where them fans at
where them fans at oh*

Follow 803Fresh: 
https://www.instagram.com/803Freshsc
https://www.tiktok.com/@803fresh

#803Fresh #BootsOnTheGround #WhenThemFansAt #wheredemfansat",Gm_rzcTNZv4,8692,2025-04-11T14:21:02.000Z,"[803Fresh, 803fresh, 803, 803 fresh, Boots On The Ground, boots on the ground, 803Fresh Boots On The Ground, 803fresh boots on the ground, 803fresh boots, Where Them Fans At?, where them fans at, Where Them Fans At, Line Dance, boots on the ground line dance, where dem fans at, Where them fans at dance, Boots on the Ground, Boots on the Ground 803Fresh, 803Fresh Boots on the Ground, Boots on the Ground official music video, Where Them Fans At 803Fresh]",803Fresh - Boots On The Ground [Where Them Fans At] (OFFICIAL AUDIO),https://www.youtube.com/watch?v=Gm_rzcTNZv4,1138189
music,10,EBK Jaaybo,2479,US,"#LONGLIVEMYBROTHER -  OUT ON ALL PLATFORMS

Socials:
      Instagram |  https://www.instagram.com/ebkjaaybo
           Tik Tok |  https://www.tiktok.com/@ebkjaaybo_
            Twitch | https://www.twitch.tv/nightingalejaaybo
Vlog Channel | https://youtube.com/@ebkjaaybovlog

For business inquiries :
Email : JaymaniGormanebk@gmail.com 

Streaming Platforms:
 Apple Music | https://music.apple.com/us/artist/ebk-jaaybo/1546909526 
          Spotify | https://open.spotify.com/artist/7iKgSlIINjat3bsCYiNMYX
  Soundcloud | https://on.soundcloud.com/UyZFs

#ebkjaaybo #longlivemybrother #rap",MgcWdsTjqgs,49107,2025-04-11T21:00:07.000Z,"[ebk jaaybo, ebk, ebk young joc, young slobe, ebk tootie, ebk jublockshotta, ebk osama, ebk leebo, ebk lil play, daboii, bbg steppaa, li rye, djay ghost, r3 da chiliman, sugar hill ddot, jblacc, db boutabag, ebk jaaybo nojumper, ebkjaaybo, ebkjaaybo nojumper, ebkjaaybo no jumper, ebkjaaybo adam22, ebk jaaybo adam22, jaaybo, boogieman, ebkjaaybo boogieman, boogieman tiktok, the biggest g, first day out, jerryphd, fuck everybody, ebk jaaybo fuck everybody, fuck everybody video]",EBK Jaaybo - Long Live My Brother (Official Music Video),https://www.youtube.com/watch?v=MgcWdsTjqgs,1664761
music,10,Benson Boone,2920,US,"Benson Boone  - Beautiful Things (Live at Coachella 2025)

Watch Benson Boone's performance of ""Beautiful Things"" live at Coachella 2025 with Special Guest Brian May

🔔 Subscribe to Benson's Channel: https://bit.ly/3RV5Na8

Pre-Order 'American Heart' the second album from Benson Boone – available June 20th: https://BensonBoone.lnk.to/AmericanHeart

Listen to 'Fireworks & Rollerblades' the debut album from Benson Boone now at: https://BensonBoone.lnk.to/FireworksRollerblades
Listen to ""Beautiful Things"": https://BensonBoone.lnk.to/BeautifulThings

Follow Benson Boone:
http://www.BensonBoone.com
https://www.Tiktok.com/@bensonboone
http://www.Instagram.com/BensonBoone
http://www.Twitter.com/BensonBoone
http://www.Facebook.com/BensonBoone

#BensonBoone #BeautifulThings #CoachellaOnYouTube",jP2eiap41o8,56567,2025-04-15T04:07:58.000Z,"[Benson Boone, Benson Boone lyrics, Beautiful Things, benson boone new song, Benson Boone New Music, benson boone beautiful things, new benson boone, new benson boone song, benson boone sorry im here video, benson boone coachella, benson boone coachella 2025, benson boone coachella performance, benson boone coachella bohemian rhapsody, benson boone coachella queen, coachella, benson boone beautiful things live, benson boone coachella beautiful things, beautiful things coachella]",Benson Boone  - Beautiful Things (Live at Coachella 2025),https://www.youtube.com/watch?v=jP2eiap41o8,2879307
music,10,Finesse2tymes - Topic,16,US,"Provided to YouTube by Mob Ties / Bread Gang / Atlantic Records

Whatever · Finesse2tymes

Whatever

℗ 2025 Mob Ties / Bread Gang / Atlantic Records

Producer: DJ KJ
Masterer, Mixer, Recorded By: Clay Perry
Vocals: Finesse2tymes
A And R Administrator: Irene Sourlis
A& R Manager: Success Davis
Writer: Ricky Hampton
Writer: Kevin Davis Jr.

Auto-generated by YouTube.",Fxc5Ev9gcCc,5015,2025-04-17T10:02:43.000Z,"[Finesse2tymes, Whatever]",Whatever,https://www.youtube.com/watch?v=Fxc5Ev9gcCc,155021
music,10,Tee Grizzley,1782,US,"The official video for Tee Grizzley's ""They Shot At Trump"" - OUT NOW

Directed by @JerryPHD 

Stream ""They Shot At Trump"": https://teegrizzley.lnk.to/TSAT 

Pre-Order 'Forever My Moment': https://teegrizzley.lnk.to/forevermymoment

Subscribe to Tee Grizzley's Channel: http://flyt.it/SubscribeTee

Follow Tee:
https://www.tiktok.com/@tee_grizzley
https://www.instagram.com/teegrizzley/
https://twitter.com/teegrizzley
https://www.facebook.com/teegrizzley1/
https://open.spotify.com/artist/6AUl0ykLLpvTktob97x9hO?si=xNQXzi90TwSK8oYD4s5JsA
https://music.apple.com/us/artist/tee-grizzley/1177271472

#TeeGrizzley #GrizzleyGang #TheyShotAtTrump #ForeverMyMoment

℗ 2025 Grizzley Gang Music under exclusive distribution by 300 Entertainment",71JLy_pHwqk,43641,2025-04-15T04:00:07.000Z,"[Tee Grizzley, 2 Vaults, Activated, Chris Brown, Hip Hop, Detroit, TeeGrizzley, Jettski Grizzley, Bloodas, First Day Out, WSHH, TGrizzly, Jetski Grizzley, Tgrizzley, tee grizzley, tee grizzley new music, tee grizzley new album, They Shot At Trump, Tee Grizzley - They Shot At Trump, They, Shot, At, Trump, Tee Grizzley shot at trump, shot at trump, new song shot at trump, tee grizzley shot at trump, tee grizzley shot trump, shot at trump tee grizzley, tee grizzley song about trump]",Tee Grizzley - They Shot At Trump [Official Video],https://www.youtube.com/watch?v=71JLy_pHwqk,1426434
music,10,Yeat Music,5666,US,"#Yeat #TheBell #coachella 

STORE: https://yeatofficial.com/
STREAM: https://yeat.lnk.to/TheBell

Directed/Edited by: @alexedep @dumbdays_
Shot by: @cqshoots @alexedep
Executive Producer: @zackbia
Producer: @shootervisualz
Production Manager: @carefreejrod
Additional Footage by: @philiphoangx  @qt.pi @brennanadams_ @cultcert
Drone: @joeyfpvx
1st AC: @philiphoangx
2nd AC / Drone Assist: @calebkeller.film 
Gaffer: @isaacmarz
BBG: @cinemeon
Key Grip: @valtabianjr
Production Assistants: @tonydiemondz @lolranalol @qt.pi
Picture Cars: @josh909348 @adrian.llanes.94 @nochillbryantt
Title GFX: @reduciano
Color: @braxtonapana",0nF3FUwhVOw,96507,2025-04-18T16:00:01.000Z,"[yeat, thebell, lyfestyle, 2093, adl, up2me, 2021 yeat, coachella, yeat coachella performance, yeat coachella full performance, yeat new song, all my diamonds speak to me, yeat new song coachella]",Yeat - The Bell (Real Lyfe Shit),https://www.youtube.com/watch?v=0nF3FUwhVOw,1337462
music,10,RNB.FOEMOB,1217,US,"RNB.FOEMOB - Texas
Stream/Download: https://rnbfoemob.lnk.to/Texas

Subscribe for more official content from RNB.FOEMOB: https://RNBFOEMOB.lnk.to/Youtube

Connect w/ RNB.FOEMOB
Instagram: https://RNBFOEMOB.lnk.to/Instagram
TikTok: https://RNBFOEMOB.lnk.to/TikTok
Twitter: https://RNBFOEMOB.lnk.to/Twitter
Facebook: https://RNBFOEMOB.lnk.to/Facebook

Listen to RNB.FOEMOB
Apple Music: https://RNBFOEMOB.lnk.to/AppleMusic
Spotify: https://RNBFOEMOB.lnk.to/Spotify
Soundcloud: https://RNBFOEMOB.lnk.to/Soundcloud
Audiomack: https://RNBFOEMOB.lnk.to/Audiomack
TIDAL: https://RNBFOEMOB.lnk.to/TIDAL
Amazon Music: https://RNBFOEMOB.lnk.to/AmazonMusic

The official YouTube channel for recording artist, RNB.FOEMOB. Subscribe for the latest music videos, performances, and more.

 #RNB.FOEMOB #Texas",5N-ZTMlHkls,18404,2025-04-16T19:00:28.000Z,,RNB.FOEMOB - Texas [Official Music Video],https://www.youtube.com/watch?v=5N-ZTMlHkls,393329
music,10,Quavo - Topic,321,US,"Provided to YouTube by Universal Music Group

Legends · Quavo · Lil Baby

Legends

℗ 2025 Quality Control Music, LLC, under exclusive license to UMG Recordings, Inc.

Released on: 2025-04-11

Producer: Wheezy
Producer: ATL Jacob
Recording Engineer, Rapvocalist: Quavo
Recording Engineer: Zeus Negrete
Recording Engineer: Miguel ""Wav Surgeon"" Correa
Mixing Engineer: Manny Marroquin
Mastering Engineer: Colin Leonard
Rapvocalist: Lil Baby
Aand Radministrator: Elizabeth Isik
Composer Lyricist: Quavious Marshall
Composer Lyricist: Dominique Jones
Composer Lyricist: Wesley Glass
Composer Lyricist: Jacob Canady

Auto-generated by YouTube.",WnQKxEt3pi8,32248,2025-04-10T10:01:37.000Z,"[Quavo, クエイヴォ, Lil Baby, リルベイビー, リル・ベイビー, Legends]",Legends,https://www.youtube.com/watch?v=WnQKxEt3pi8,1378082
music,10,Finesse2tymes,417,US,"FOLLOW FINESSE2TYMES
Instagram: https://Finesse2Tymes.lnk.to/Instagram
TikTok: https://Finesse2Tymes.lnk.to/TikTok
Twitter: https://Finesse2Tymes.lnk.to/Twitter
Facebook: https://Finesse2Tymes.lnk.to/Facebook
Discord: https://finesse2tymes.lnk.to/Discord

SUBSCRIBE TO FINESSE2TYMES YOUTUBE
https://Finesse2Tymes.lnk.to/Youtube

LISTEN TO FINESSE2TYMES
Apple: https://Finesse2Tymes.lnk.to/AppleMusic
Spotify: https://Finesse2Tymes.lnk.to/Spotify
Amazon: https://Finesse2Tymes.lnk.to/Amazon
Soundcloud: https://Finesse2Tymes.lnk.to/SoundCloud
Audiomack: https://Finesse2Tymes.lnk.to/Audiomack
 
The official YouTube channel of Finesse2Tymes. Subscribe for the latest music videos, performances, and more.",9tbRA5wlMV4,10956,2025-04-18T05:00:09.000Z,"[Finesse2Tymes, Finesse 2 Tymes, Finesse 2Tymes, Finesse2Times, Finesse 2 Times, Finesse 2Times, Finesse Two Tymes, 1finesse2tymes, Moneybagg Yo, Bread Gang, J Prince, Mob Ties, back end, it's cool when they do it, its cool when they do it, it's a problem when I do it, its a problem when I do it, luv n hip hop, tiktok]",Finesse2Tymes - Whatever [Official Music Video],https://www.youtube.com/watch?v=9tbRA5wlMV4,330521
music,10,MoodLoop,247,US,"Subscribe for more: https://www.youtube.com/@MoodLoopMusic?sub_confirmation=1
download: https://song.link/i/635016640
#lyrics #tiktok #fyp",Llad3pDJsFg,4860,2025-04-15T07:00:24.000Z,"[lyrics, music, mix, tiktok, mood, vibe]",The Neighbourhood - Sweater Weather (lyrics),https://www.youtube.com/watch?v=Llad3pDJsFg,964124
music,24,Tom MacDonald,6074,US,"NEW ALBUM DROPS APRIL 25th ONLY AT http://www.HangOverGang.com

Autographed albums & limited edition merch packs available while supplies last. Be there at 9 AM sharp. Things will go fast.

SUBSCRIBE TO THIS CHANNEL &  CONNECT W/ TOM MACDONALD!
FACEBOOK: http://www.facebook.com/TomMacDonaldOfficial
INSTAGRAM: http://www.instagram.com/hangovergang
TWITTER: http://www.twitter.com/IAmTomMacDonald
WEBSITE: http://www.hangovergang.com
SPOTIFY: https://open.spotify.com/artist/6DvlemMOlMH6VD9tB7BPRf?si=4CTSdAMnTKW-cL8_i2jd-w
iTUNES: https://apple.co/2BQucZO

WRITTEN BY Tom MacDonald
BEAT PRODUCED BY Tom MacDonald

DIRECTED BY Nova Rockafeller
SHOT BY Korey Burns & Jenna MacDonald
VISUAL FX BY Jared Potter

EDITED BY Nova Rockafeller

MIXED & MASTERED by Evan Morgan 
http://www.evanmorganproductions.com 
http://www.youtube.com/user/emorganproductions
http://www.instagram.com/EMorganProductions",0BNhuPJDTJg,66939,2025-04-18T15:59:24.000Z,"[tom macdonald, tom macdonald rap, tom macdonald rapper, tom macdonald american flag, tom macdonald facts, tom macdonald ben shapiro, Tom MacDonald New Song, New Tom MacDonald, tom macdonald trump, trump tom macdonald, you missed tom macdonald, trump rap, maga rapper, daddy's home, Roseanne rap, man in the sky, tom macdonald cant cancel all of us, can't cancel all of us, cant cancel all of us tom macdonald, cant cancel all of us lyrics, Tom MacDonald man in the sky]","Tom MacDonald - ""Proud To Be A Problem""",https://www.youtube.com/watch?v=0BNhuPJDTJg,2342153
music,10,ChristianNodalVEVO,16149,US,"Christian Nodal - Amé | Video Oficial

Escúchala y guárdala en plataformas
› https://Nodal1.lnk.to/AME

Escucha los éxitos de Christian Nodal: https://SonyMexico.lnk.to/ChristianNodalPLExitos
Ve más videos de Christian Nodal: https://www.youtube.com/playlist?list=PL2cg72xd9U-hrEALNia_s_xzfysuNoiFX

Sigue a Christian Nodal en
› TikTok: https://www.tiktok.com/@nodal
› Instagram: https://www.instagram.com/nodal/
› Facebook: https://www.facebook.com/christiannodaloficialmx

Letra / Lyrics

Si te olvido
Platícame la historia de nosotros
Cuéntame de dónde te conozco
Para ver si así recuerdo poco a poco

Si te olvido
Cuéntame por qué me enamoré
Y cómo te preparas el café
Dame el primer beso por segunda vez
¿Cuál fue la primer balada que te dediqué?
Si te olvido, solo cuenta que te amé

Amé
Las mañanas que empezaban con un beso
Cuando el aire despeinaba tu cabello
El brillo en el anillo de tu dedo

Y amé
Cuando cada luna fue luna de miel
Dibujarnos las arrugas en la piel
Si te olvido, nunca olvides que te amé
Amén

Amé
Las mañanas que empezaban con un beso
Cuando el aire despeinaba tu cabello
El brillo en el anillo de tu dedo

Y amé
Cuando cada luna fue luna de miel
Dibujarnos las arrugas en la piel
Si te olvido, nunca olvides que te amé
Amén

#ChristianNodal #Amé

(C) 2025 Sony Music Entertainment México, S.A. de C.V. Bajo Distribución en Exclusiva de Christian Nodal",wCdGS39d96w,147847,2025-04-11T00:00:26.000Z,"[latin, latin music, musica en español, mexico, video, video oficial, video con letra, lyric, lyrics video, video letra, letra de la canción, christian nodal, ame, banda, romanticas, canciones romanticas, mariachi, balada, balada romantica, christian nodal ame, ame christian nodal, canciones para dedicar, Amé, Intense, Mariacheño, Melancholy, Nostalgic, Reflective, Sad, Sentimental]",Christian Nodal - Amé (Video Oficial),https://www.youtube.com/watch?v=wCdGS39d96w,6918919
music,10,Marilyn Manson,,US,"In anticipation of his upcoming 2025 One Assassination Under God Tour, iconic rock legend MARILYN MANSON has revealed a cover of luminary musician Phil Collins’ seminal song ""In The Air Tonight."" The single has been released with the B-side track ""As Sick As The Secrets Of (Sleep)"" on a Maxi Single CD, which sold out in just 4 hours. The tracks are available for streaming everywhere now.

🎧 STREAM AT
https://mm.bfan.link/in-the-air-tonight.yde

🎥 ""AS SICK AS THE SECRETS OF (SLEEP)""
https://youtu.be/EqlMztp23-c

🎟️ TOUR DATES
https://marilynmanson.com

Subscribe to Marilyn Manson on YouTube:
https://nblast.de/subs-mm-yt

Official Marilyn Manson music videos:
https://www.youtube.com/playlist?list=PLQrnR8RDYWbstejBNOa0BPlv6j5V2PWIj

Follow Marilyn Manson
https://marilynmanson.com
https://www.instagram.com/marilynmanson
https://www.facebook.com/MarilynManson
https://tiktok.com/@marilynmanson
https://x.com/marilynmanson

---

One Assassination Under God - Chapter 1, the twelfth album by Marilyn Manson, was released on November 22, 2024 via Nuclear Blast Records.

🛒 SHOP & LISTEN
https://mm.bfan.link/oaug-ch-1.yde

---

#MarilynManson #NuclearBlastRecords #NuclearBlast #Metal #MetalMusic #Rock",RmJsk0_Gt5E,42131,2025-04-18T13:59:00.000Z,"[Marilyn Manson, Marilyn Manson As Sick As The Secrets Within, Marilyn Manson Music Video, Marilyn Manson Official Video, Marilyn Manson Official Music Video, Marilyn Manson VEVO, Marilyn Manson Raise The Red Flag, Marilyn Manson Sacrilegious, Marilyn Manson OAUG, Marilyn Manson Chapter 1, Marilyn Manson As Sick As The Secrets Of Sleep, Phil Collins, Phil Collins In The Air Tonight, In The Air Tonight, Marilyn Manson Phil Collins, Marilyn Manson In The Air Tonight]",Marilyn Manson - In The Air Tonight,https://www.youtube.com/watch?v=RmJsk0_Gt5E,735048
