category,categoryId,channelTitle,commentCount,country,description,id,likeCount,publishedAt,tags,title,url,viewCount
news,22,farah gio,45312,US,,5X5V59MHXNk,518045,2025-04-15T11:01:18.000Z,,"14-Year-Old Smirks in Court, Says ""I'll Be Going Home Soon""#shorts #crime #news",https://www.youtube.com/watch?v=5X5V59MHXNk,8044526
news,25,NowThis Impact,7664,US,Never forget: Sen. Elizabeth Warren kicked off her career as a college professor.,M5o6Nq6jEdA,107431,2025-04-20T15:01:14.000Z,"[CNBC, Constitution, Elizabeth Warren, NowThis, Senator Warren, TV interview, US Constitution, USNews, Warren explains, academic background, career beginnings, college professor, media moments, political education, political leadership, powerful women, women in politics]",When Elizabeth Warren Schooled CNBC on the Constitution,https://www.youtube.com/watch?v=M5o6Nq6jEdA,1724338
news,25,Eyewitness News ABC7NY,2307,US,"#shorts 

Story here 👉️ https://7ny.tv/3Y0IMGF

For the first time, security footage obtained by ABC News shows the moment an alleged stowaway sneaked onto a transatlantic flight at JFK Airport.

Check out more Eyewitness News - http://abc7ny.com/ 

Find us on social media:
FACEBOOK: https://www.facebook.com/ABC7NY/ 
INSTAGRAM: https://www.instagram.com/abc7ny/ 
TWITTER: https://twitter.com/abc7ny 
TIKTOK: https://www.tiktok.com/@abc7ny 

We’re abc7NY, also known as Channel 7 and WABC-TV on TV, home to Eyewitness News, New York’s Number 1 news.   We hope you love us on YouTube as much as you do on television! 

NEW TIPS: 
Online: http://abc7ny.com/submit-a-news-tip/2599968/ 
Email: abc7ny@abc.com 

About WABC-TV:  https://abc7ny.com/about/

#nyc #news #breakingnews",uKyDCijwm9g,71295,2025-04-16T17:20:55.000Z,"[abc7ny, wabc-tv, eyewitness news, 7online, wabc eyewitness news]",'Very unusual': Newly released videos show accused stowaway boarding flight,https://www.youtube.com/watch?v=uKyDCijwm9g,2898884
news,23,Jimmy Kimmel Live,4740,US,"Easter weekend is upon us and there doesn’t seem to be a lot of Easter spirit this year, Easter Bunnies at the mall have been particularly lonely this year, Easter and 4/20 will fall on the same day for the only time until 2087, egg prices are so high that there has been an outpouring of ideas for other stuff to color, the Dollar Tree is being affected by tariffs, Trump has been doing an Extreme Makeover of the White House by turning everything, the Prime Minister of Italy stopped by to try and talk some sense into him, we’re still awaiting the release of the Epstein files, This Week in Unnecessary Censorship, and we introduce our first ever “Angry Canadian of the Night.” Between the tariffs and this nonsense about becoming a state Canadians have really bonded. They have a common enemy now and it’s us! So if you are a Canadian who would like to share you consternation, record yourself and upload it on the social media platform of your choosing (except for X - we do not use that) with #PUCKOFF.

SUBSCRIBE to get the latest #Kimmel: http://bit.ly/JKLSubscribe
 
Follow Jimmy Kimmel on Instagram: https://bit.ly/KimmelInstagram 
Follow Jimmy Kimmel Live on Instagram: http://bit.ly/JKLInstagram
Follow Jimmy Kimmel Live on TikTok: https://bit.ly/JKLTikTok 
Like Jimmy Kimmel on Facebook: http://bit.ly/KimmelFB  
Like Jimmy Kimmel Live on Facebook: http://bit.ly/JKLFacebook  
Visit the Jimmy Kimmel Live Website : http://bit.ly/JKLWebsite 
 
About Jimmy Kimmel Live: 
 
Jimmy Kimmel serves as host and executive producer of Emmy® nominated “Jimmy Kimmel Live,” ABC’s late-night talk show. “Jimmy Kimmel Live” is well known for its viral video successes, with over 16 billion views and more than 19 million subscribers on the show’s YouTube channel. Some of Kimmel’s most popular comedy bits include Celebrities Read Mean Tweets, Lie Witness News, Halloween Candy YouTube Challenge, Jimmy and Cousin Sal pranking Aunt Chippy and music stars like Rihanna and Dua Lipa surprising Jimmy in the middle of the night.",0y7hSzUYlJM,86948,2025-04-18T03:45:01.000Z,"[jimmy, jimmy kimmel, jimmy kimmel live, late night, talk show, funny, comedic, comedy, clip, comedian, mean tweets]","Trump Redecorates White House in ALL GOLD, Still Waiting on Epstein Files & Canadians are MAD!",https://www.youtube.com/watch?v=0y7hSzUYlJM,3197459
news,24,LastWeekTonight,11487,US,"John Oliver discusses the ongoing chaos surrounding Donald Trump and tariffs, why the past week could have lasting repercussions, and why your grandma might be looking to start an OnlyFans. 

Subscribe to the #lastweektonight YouTube channel for more almost news as it almost happens: www.youtube.com/lastweektonight  

Or find us on your favorite social media platform we may or may not have discussed at length on the show:

Instagram: https://www.instagram.com/lastweektonight
TikTok: https://www.tiktok.com/@lastweektonighthbo 
Threads: https://www.threads.net/@lastweektonight 
Bluesky: https://bsky.app/profile/lastweektonight.com 
Facebook: https://www.facebook.com/lastweektonight  

Or visit our official site for all that other stuff at once: https://www.hbo.com/lastweektonight",5zQ0WewZY50,158839,2025-04-14T06:30:06.000Z,,Trump & Tariffs: Last Week Tonight with John Oliver (HBO),https://www.youtube.com/watch?v=5zQ0WewZY50,6816849
news,25,Megyn Kelly,2534,US,"Kevin O'Leary reacts to Shark Tank contestant explaining how tariffs are affecting her business.

LIKE & SUBSCRIBE for new videos everyday: https://bit.ly/3Aw93yw

Watch full clips of The Megyn Kelly Show here: https://bit.ly/3xFXNxI

Sign up for my 'American News Minute' weekly email: https://www.megynkelly.com

Tune in live on SiriusXM at 12-2pmET: SiriusXM.us/TheMegynKellyShow

Find the full audio show wherever you get your podcasts:
Apple — https://podcasts.apple.com/us/podcast/the-megyn-kelly-show/id1532976305
Spotify — https://open.spotify.com/show/0awxEJH88Xur0GHXuteBLw?si=0EcxxHSLQhO2uYmpUN13KQ&dl_branch=1

Follow The Megyn Kelly Show on all social platforms:
Twitter — https://twitter.com/MegynKellyShow
Instagram — https://www.instagram.com/megynkellyshow/
Facebook — https://www.facebook.com/MegynKellyShow

Connect with me on social media:
Twitter — https://twitter.com/megynkelly
Instagram — https://www.instagram.com/megynkelly/
Facebook — https://www.facebook.com/MegynKelly",ZXG9o8Vj4tw,33311,2025-04-21T20:15:05.000Z,"[Megyn Kelly, Megyn, Megyn Kelly Show, The Megyn Kelly Show, megyn kelly, megyn kelly show, megyn kelly on, megyn kelly vs, megyn kelly reacts, megyn kelly interviews, megyn kelly full show, megyn kelly full podcast, megyn kelly full episode, the megyn kelly show, megyn kelly news, full megyn kelly]",Kevin O'Leary Reacts to Shark Tank Contestant Explaining How Tariffs Are Affecting Her Business,https://www.youtube.com/watch?v=ZXG9o8Vj4tw,525766
news,25,MSNBC,6180,US,"MSNBC’s Lawrence O’Donnell details how no president until Donald Trump has been “stupid enough” to roil the stock market by attacking the Federal Reserve chair, attacks that, along with Trump’s tariffs, have tanked the stock market into its “1932 performance level.”
For more context and news coverage of the most important stories of our day click here: https://www.msnbc.com/

» Subscribe to MSNBC: https://www.youtube.com/msnbc
» Subscribe to MSNBC on TikTok https://www.tiktok.com/@msnbc 
» Subscribe to MSNBC on Instagram https://www.instagram.com/msnbc 
Download our new MSNBC app for the latest breaking news and daily headlines at a glance: https://www.msnbc.com/information/download-msnbc-app-n1241692

Follow MSNBC Show Blogs 
MaddowBlog: https://www.msnbc.com/maddowblog
ReidOut Blog: https://www.msnbc.com/reidoutblog

MSNBC delivers breaking news, in-depth analysis of politics headlines, as well as commentary and informed perspectives. Find video clips and segments from The Rachel Maddow Show, Morning Joe, The Beat with Ari Melber, Deadline: White House, The ReidOut, All In, Last Word, 11th Hour, and Alex Wagner who brings her breadth of reporting experience to MSNBC primetime. 
 
Connect with MSNBC Online 
Visit msnbc.com: https://www.msnbc.com/ 
Subscribe to the MSNBC Daily Newsletter: https://link.msnbc.com/join/5ck/msnbc-daily-signup

#stockmarket #trump #jeromepowell",uYAUnAnDc-k,39318,2025-04-22T03:38:08.000Z,[Lawrence O'Donnell],Lawrence: Trump plunging stock market to its ‘Make America 1932 Again' moment,https://www.youtube.com/watch?v=uYAUnAnDc-k,1498375
news,23,The Daily Show,10441,US,"Ronny Chieng breaks down how JD Vance's comments calling Chinese people ""peasants"" have escalated both the shade war and the trade war with China, impacting American industries from automakers to Hollywood. Plus, Troy Iwata chimes in on the one thriving business of the trade war: TikTok luxury knockoffs. #DailyShow #China #Trump #Tariff 

0:00 - China-US Trade War Heats Up
0:54 - JD Vance Shades China
1:30 - China Strikes Back after Vance's Comments
2:22 - Citizens Outraged Over VP's ""Peasants"" Comments
4:08 - China Hits Back at Trade War
5:42 - Some Hollywood Movies Banned in China
6:31 - TikTok Manufacturers Offer to Sell Directly to Americans
7:45 - Troy Iwata Weighs in on Trade War

Subscribe to The Daily Show:
https://www.youtube.com/channel/UCwWhs_6x42TyRM4Wstoq8HA/?sub_confirmation=1 

Follow The Daily Show:
Twitter: https://twitter.com/TheDailyShow
Facebook: https://www.facebook.com/thedailyshow
Instagram: https://www.instagram.com/thedailyshow

Stream full episodes of The Daily Show on Paramount+: http://www.paramountplus.com/thedailyshow

Follow Comedy Central:
Twitter: https://twitter.com/ComedyCentral
Facebook: https://www.facebook.com/ComedyCentral
Instagram: https://www.instagram.com/comedycentral

About The Daily Show:
Jon Stewart and The Best F**king News Team host The Daily Show, an Emmy and Peabody Award-winning program analyzing the biggest stories in news, politics, and culture through a sharp, satirical lens. The Daily Show redefined the late night show category on TV and, with an audience of over 51M across social media platforms, has become a launching pad for some of the biggest stars in entertainment. 

The Daily Show airs weeknights at 11/10c on Comedy Central.",PFNTHObSSKE,137733,2025-04-17T02:01:19.000Z,"[the daily show, the daily show episodes, comedy central, comedians, comedian, funny video, comedy videos, funny clips, daily show, news, politics, china, jdvance, tariff, tradewar]",China Strikes Back at Tariffs by Roasting JD Vance & Selling Out Luxury Retailers | The Daily Show,https://www.youtube.com/watch?v=PFNTHObSSKE,8011981
news,22,Visión Política MX,1934,US,"🔍 ¿Sabías que bancos privados retenían tus impuestos por MESES? La presidenta Sheinbaum canceló su autorización tras descubrir 18,000 irregularidades mensuales y un desvío de $124,000 MILLONES de pesos.

💰 ¿Cómo afectaba esto al país? ¿Qué bancos están involucrados? ¿El Banco del Bienestar será la nueva opción? Te lo explico en 30 segundos.

👇 ¿Tú qué opinas? ¡Déjalo en los comentarios! ▶️ Comparte para que más gente se entere.
.
.
#Impuestos #Dinero #Sheinbaum #BancoAzteca #Hacienda #NoticiasMX #Mexico #Denuncia  #ricardosalinas",0wpRtI81A9Y,106136,2025-04-18T02:01:12.000Z,,Sheinbaum los SACÓ por no pagar los IMPUESTOS,https://www.youtube.com/watch?v=0wpRtI81A9Y,3268310
news,25,Trish Regan,2783,US,"SUBSCRIBE To My YOUTUBE Channel ▶️ https://Youtube.com/TrishReganChannel for daily videos from the Trish Regan Show

Become a Trish TEAM MEMBER to get access to perks:
▶️ https://www.youtube.com/channel/UCBlMo25WDUKJNQ7G8sAk4Zw/join

SUBSCRIBE to my financial newsletter at ▶️ https://76research.com - Use Code DOLLAR to get the $1 a month special price for ▶️ https://76report.com

Help support the show and check out my MERCH! ▶️ https://trishregan.shop/




Follow me on:

Instagram: https://www.instagram.com/trish_regan/

Twitter: https://twitter.com/trish_regan

Facebook: https://www.facebook.com/RealTrishRegan

#trish #trishreganshow",6EyscJ8FtYc,43589,2025-04-21T13:00:10.000Z,"[Trish Regan, news, politics, trish regan show, trish regan podcast, trish regan primetime, trish, breaking news, political commentary, opinion, conservative, democrat, trump, inflation, economy, twitter, economics, donald trump, fox, trump news, live news]",IRS Employees NOT PAYING Taxes?!,https://www.youtube.com/watch?v=6EyscJ8FtYc,480517
news,25,Fox News,1391,US,"President Trump took a trip down memory lane to recall the time the Easter Bunny stopped President Biden from answering the media's questions and led him away. #foxnews #trump #shorts #fox #news

Subscribe to Fox News! https://bit.ly/2vBUvAS
Watch more Fox News Video: http://video.foxnews.com
Watch Fox News Channel Live: http://www.foxnewsgo.com/

FOX News Channel (FNC) is a 24-hour all-encompassing news service delivering breaking news as well as political and business news. The number one network in cable, FNC has been the most-watched television news channel for 18 consecutive years. According to a 2020 Brand Keys Consumer Loyalty Engagement Index report, FOX News is the top brand in the country for morning and evening news coverage. A 2019 Suffolk University poll named FOX News as the most trusted source for television news or commentary, while a 2019 Brand Keys Emotion Engagement Analysis survey found that FOX News was the most trusted cable news brand. A 2017 Gallup/Knight Foundation survey also found that among Americans who could name an objective news source, FOX News was the top-cited outlet. Owned by FOX Corporation, FNC is available in nearly 90 million homes and dominates the cable news landscape, routinely notching the top ten programs in the genre.

Watch full episodes of your favorite shows
The Five: https://www.foxnews.com/video/shows/the-five
Special Report with Bret Baier: https://www.foxnews.com/video/shows/special-report
Jesse Watters Primetime: https://www.foxnews.com/video/shows/jesse-watters-primetime
Hannity: https://www.foxnews.com/video/shows/hannity
The Ingraham Angle: https://www.foxnews.com/video/shows/ingraham-angle
Gutfeld!: https://www.foxnews.com/video/shows/gutfeld
Fox News @ Night: https://www.foxnews.com/video/shows/fox-news-night

Follow Fox News on Facebook: https://www.facebook.com/FoxNews/
Follow Fox News on Twitter: https://twitter.com/FoxNews/
Follow Fox News on Instagram: https://www.instagram.com/foxnews/",JJR7Q2kQgI0,24692,2025-04-21T19:17:43.000Z,"[Fox News Channel, FNC, Fox News, News]",Trump trolls Biden for letting Easter Bunny lead him away from the media #foxnews #trump #shorts,https://www.youtube.com/watch?v=JJR7Q2kQgI0,408898
news,2,The Debate Den,4971,US,"Jennings Did Not HOLD BACK! #shorts #shorts_video 

 Copyright Disclaimer: - Under section 107 of the copyright Act 1976, allowance is mad for FAIR USE for purpose such a as criticism, comment, news reporting, teaching, scholarship and research. Fair use is a use permitted by copyright statues that might otherwise be infringing. Non- Profit, educational or personal use tips the balance in favor of FAIR USE.


#politics 
#cnn",ksEgfNt7VgE,55886,2025-04-16T22:05:37.000Z,"[Jennings Did Not HOLD BACK! #shorts, politics, cnn, illegal immigrants]",Jennings Did Not HOLD BACK! #shorts,https://www.youtube.com/watch?v=ksEgfNt7VgE,824935
news,25,adn40Mx,2859,US,"#vocesadn #RR 
¿No quieres perderte de nada? Suscríbete  https://bit.ly/3qr0d27 
Escúchanos en www.adn40.mx/adn40-radio 

Síguenos en todas nuestras redes: 
Facebook ️➡️ https://www.facebook.com/ADN40mx 
X ➡️ https://x.com/adn40
Instagram ️➡️ https://www.instagram.com/adn40mx 
TikTok ️➡️ https://www.tiktok.com/@adn40mx 
Spotify ➡️ https://spoti.fi/37IaOzA 

Toda la información ️➡️ https://www.adn40.mx/ 
No te pierdas la transmisión de noticias adn40 en vivo ➡️ https://www.youtube.com/watch?v=_No4YKXjsF4

🔶Mientras otros quieren que los veas, nosotros ponemos la mirada en ti. #adn40 las noticias que van #SiempreConmigo 📰",Y1BPhsBMbIo,155291,2025-04-16T17:06:46.000Z,"[noticias, noticias México, adn40, noticias adn40]",La guerra comercial entre Estados Unidos y China revela un gran secreto,https://www.youtube.com/watch?v=Y1BPhsBMbIo,3045066
news,25,David Pakman Show,17450,US,"💪 AG1 is offering you a FREE $76 GIFT when you sign up at https://drinkag1.com/pakman
-- David has been warned, as a naturalized US citizen, not to leave the country at this time
---
Become a Member: https://www.davidpakman.com/membership 
Become a Patron: https://www.patreon.com/davidpakmanshow
Buy David's book: https://davidpakman.com/book 
Book David Pakman: https://www.cameo.com/davidpakman 
---
David on Instagram: http://www.instagram.com/david.pakman 
David on Bluesky: https://bsky.app/profile/davidpakman.bsky.social
David on Threads: https://www.threads.net/@david.pakman 
TDPS Subreddit: http://www.reddit.com/r/thedavidpakmanshow/ 
Pakman Discord: https://www.davidpakman.com/discord 
Facebook: http://www.facebook.com/davidpakmanshow 
---
David's tech:
- Camera: Panasonic Lumix G85 https://amzn.to/4fOir5a 
- Microphone: Shure SM7B: https://amzn.to/3hEVtSH 
- Voice Processor: dbx 266xs https://amzn.to/3B1SV8N 
- Stream Controller: Elgato Stream Deck XL https://amzn.to/4fOGJvE 
- Microphone Cloudlifter: https://amzn.to/2T9bhne 

-Timely news is important! We upload new clips every day! Make sure to subscribe!

Original show date April 21, 2025

#davidpakmanshow #immigration #trump",YWuTdSGJHaU,99887,2025-04-22T00:15:04.000Z,"[immigrants warned to not leave country, trump deporting citizens, trump deportations, trump immigration, trump el salvador, trump, trump presidency, trump economy, project 2025, donald trump, 2024 election, trump trade war, elon musk, rfk jr, jd vance, joe biden, kamala harris, trump republicans, trump war]",I'VE BEEN WARNED: DO NOT LEAVE THE COUNTRY,https://www.youtube.com/watch?v=YWuTdSGJHaU,2201029
news,24,Law&Crime Network,621,US,"Karen Read is back on trial again after investigators say she drove drunk, hit her Boston cop boyfriend, John O'Keefe, then left him to die in the snow. O’Keefe was found dead outside the home of fellow Boston police officer Brian Albert, in Canton, Massachusetts. In July of 2024, a judge declared a mistrial in her first trial. Read has been charged with second-degree murder, motor vehicle manslaughter, and leaving the scene of a collision causing death. 

Subscribe to Law&Crime Network: https://bit.ly/LawAndCrimeNetwork

STAY UP-TO-DATE WITH THE LAW&CRIME NETWORK:
Watch Law&Crime Network on YouTubeTV: https://bit.ly/3td2e3y
Where To Watch Law&Crime Network: https://bit.ly/3akxLK5
Sign Up For Law&Crime's Daily Newsletter: https://bit.ly/LawandCrimeNewsletter
Read Fascinating Articles From Law&Crime Network: https://bit.ly/3td2Iqo

Submit Tips to Law&Crime: tips@lawandcrime.com
For Advertising Inquiries, Please Contact: sales@lawandcrime.com
For Licensing Inquiries, Please Contact: licensing@lawandcrime.com

LAW&CRIME NETWORK SOCIAL MEDIA:
Instagram: https://www.instagram.com/lawandcrime/
Twitter: https://twitter.com/LawCrimeNetwork
Facebook: https://www.facebook.com/lawandcrime
Twitch: https://www.twitch.tv/lawandcrimenetwork
TikTok: https://www.tiktok.com/@lawandcrime

LAW&CRIME NETWORK PODCASTS: https://lawandcrime.com/podcasts/

SUBSCRIBE TO ALL OF LAW&CRIME NETWORK YOUTUBE CHANNELS:
Main Channel: https://www.youtube.com/channel/UCz8K1occVvDTYDfFo7N5EZw
Law&Crime Shorts: https://www.youtube.com/channel/UCVXOqoOCYbi-iXChKAl6DTQ
Channel B: https://www.youtube.com/channel/UCXCLaaClAWQiTkl3pw9ZdLw
Channel C: https://www.youtube.com/channel/UCMV3pzWIhJGLYzoHyxBjjNw",Cqa61g04fGc,3163,2025-04-22T20:09:08.000Z,"[law and crime, law and crime network, true crime, truecrime, true crime videos, court, trials, law&crime]",LIVE: Karen Read Murder Trial — MA v. Karen Read — Day One,https://www.youtube.com/watch?v=Cqa61g04fGc,387172
news,25,Latinus_us,1162,US,,Bv_UC2hVrIk,108576,2025-04-15T16:26:53.000Z,,#LatinusDiario. China revela el giro secreto en la producción de marcas de lujo. #Latinus,https://www.youtube.com/watch?v=Bv_UC2hVrIk,2525238
news,25,Brian Tyler Cohen,5263,US,"ANOTHER DAY: JD Vance gets humiliation OF HIS CAREER in bad news update.

For more from Brian Tyler Cohen:
Straight-news titled YouTube: https://www.youtube.com/@BrianTylerCohenNews
YouTube (español): https://www.youtube.com/@briantylercohenespanol
Order my #1 NYT bestselling book: https://www.harpercollins.com/pages/shameless
Newsletter: https://plus.briantylercohen.com
Twitch: https://www.twitch.tv/briantylercohen
Apple Podcasts: https://apple.co/36UvEHs
Spotify: https://open.spotify.com/show/0066rKCBIycIMI4os6Ec5V
Twitter: https://twitter.com/briantylercohen
Instagram: https://www.instagram.com/briantylercohen
Facebook: https://www.facebook.com/briantylercohen
TikTok: https://www.tiktok.com/@briantylercohen
Bluesky: https://bsky.app/profile/briantylercohen.bsky.social
Threads: https://www.threads.net/@briantylercohen",kziIzkz9cBo,42784,2025-04-22T04:30:26.000Z,"[Trump, Republicans, Democrats, brian cohen, politics, news]",JD Vance suddenly hit with ULTIMATE HUMILIATION | Another Day,https://www.youtube.com/watch?v=kziIzkz9cBo,686619
news,25,Senator John Kennedy,3299,US,,sVraA9BthzM,12485,2025-04-20T17:07:05.000Z,,Kennedy: Democrats asking wrong question about budget,https://www.youtube.com/watch?v=sVraA9BthzM,634816
news,24,Telemundo 51 Miami,289,US,"ICE detuvo a un joven ciudadano estadounidense en Florida, pese a que presentó su acta de nacimiento y seguro social, denunció su familia.

El arresto desató protestas y reabrió el debate sobre las políticas migratorias.

#ICE #inmigracion #florida #arresto",560vmDjj-xo,4678,2025-04-21T20:27:33.000Z,,Dicen que ICE lo detuvo por “no parecer americano”,https://www.youtube.com/watch?v=560vmDjj-xo,219026
news,25,Democracy Now!,3418,US,"After Harvard rejected demands by the Trump administration, the government said it's freezing $2.2 billion in federal grants and $60 million in contracts to the Ivy League school.",9DZVjRNOmwo,57076,2025-04-16T16:00:16.000Z,"[Democracy Now, Amy Goodman, News, Politics, democracynow, Independent Media, Breaking News, World News]",Harvard rejected Trump takeover. Will other institutions join the fight?,https://www.youtube.com/watch?v=9DZVjRNOmwo,1440797
news,25,ABC News,1036,US,"Just hours after greeting the faithful for an Easter Sunday blessing, Pope Francis died on Easter Monday. James Longman reports from Vatican City on the 88-year-old pontiff's cause of death, his will and his final wishes; David Muir looks back at the extraordinary life and legacy of Pope Francis, who’s known as the People's Pope, and the impact he had on the world; and more on tonight’s broadcast of World News Tonight with David Muir.

00:00 Intro 
01:55 Vatican: Pope Francis died of stroke, heart failure at age 88
07:21 David Muir looks back at the extraordinary life and legacy of Pope Francis
15:06 Delta plane's engine catches fire moments before takeoff in Orlando
16:06 Stocks drop as Trump pressures Fed Chairman to lower interest rates
17:11 Hegseth dismisses reports he shared sensitive military attack plans with wife
17:56 Police: Semi-truck hauling flammable material explodes on Indiana highway
18:21 DHS Secretary Kristi Noem's purse stolen at Washington, D.C. restaurant 
18:49 Following death of Pope Francis, cardinals to meet to select new pope

ABC World News Tonight with David Muir delivers the news that matters most. Watch to get the latest news stories and headlines from around the world. 
 
Follow ABC World News Tonight on...  
Instagram: https://www.instagram.com/abcworldnewstonight/    
TikTok: https://www.tiktok.com/@abcworldnews   
X (formerly Twitter): https://twitter.com/ABCWorldNews   
Facebook: https://www.facebook.com/WorldNewsTonight   
Threads: https://www.threads.net/@abcworldnewstonight    
   
ABC News is your trusted source for breaking news, analysis, exclusive interviews, headlines, and videos: https://abcnews.go.com/    
Subscribe to ABC News on YouTube: https://bit.ly/2vZb6yP   
Watch full episodes on Hulu: http://abcn.ws/3bzvQQn   
  
#WorldNewsTonight #DavidMuir #News #ABCNews",tOwyMxWrvsw,8184,2025-04-22T02:17:37.000Z,"[news, breaking news, live news, daily news, world news, us news, pope, francis, vatican, catholic, religion, church, easter, politics, stocks, economy, fire, trump, flying, airlines]","ABC World News Tonight with David Muir Full Broadcast - April 21, 2025",https://www.youtube.com/watch?v=tOwyMxWrvsw,679665
news,25,48 Hours,895,US,"A smooth-talking professional poker player is under suspicion for the brutal murder of his parents. ""48 Hours"" correspondent Peter Van Sant reports.  Watch more full episodes of ""48 Hours"" on Pluto TV.

#48hours #crime #murder

True crime. Real justice. ""48 Hours"" investigates the most intriguing crime and justice cases that touch on all areas of the human experience including greed and passion. ""48 Hours,"" which premiered in 1988, has developed a rich history of original reporting and impact journalism that has helped exonerate wrongly convicted people, caused cold cases to be reopened and solved, and along the way changed lives.

Subscribe to the ""48 Hours"" YouTube channel: https://youtube.com/48hours
Watch full episodes of ""48 Hours"": https://cbsnews.com/48-hours/full-episodes/
Listen to the ""48 Hours"" podcast: https://link.chtbl.com/48-Hours
Listen to the ""My Life of Crime with Erin Moriarty"" podcast: https://link.chtbl.com/CBSNewsMLOC
Follow ""48 Hours"" on Instagram: https://instagram.com/48hoursCBS/
Like ""48 Hours"" on Facebook: https://www.facebook.com/48hours
Follow ""48 Hours"" on Twitter: https://twitter.com/48hours
Subscribe to our newsletter: https://cbsnews.com/newsletter/
Download the CBS News app: https://cbsnews.com/mobile/
Try Paramount+ free: https://paramountplus.com/?ftag=PPM-05-10aeh8h

For video licensing inquiries, contact: licensing@veritone.com",NqTNmUeVo54,10377,2025-04-22T11:00:40.000Z,"[48 hours, cbs news, Ernie Scherer, ernest scherer, charlene scherer, PLEASANTON, California, poker, true crime, full episodes, double murder]",The Country Club Murders | Full Episode,https://www.youtube.com/watch?v=NqTNmUeVo54,464486
news,25,NBC News,1035,US,"Remembering Pope Francis; Conclave to find new pope will begin within weeks; Stock market falls as Trump escalates attacks on Fed chair; and more on tonight’s broadcast.

00:00 Introductions
1:26 Remembering Pope Francis 
8:32 Conclave to elect new pope
11:07 Stocks sink as Trump attacks fed chair
12:07 New Hegseth signal chat controversy
14:22 Nandine Menendez found guilty
14:42 Harvard sues Trump administration
16:00 Plane fire emergency evacuation
17:44 DHS secretary cash stolen
18:03 Driver walks away from truck crash
18:22 Record-setting day at Boston Marathon
18:50 Pope Francis lifted children's spirits 

For more context and news coverage of the most important stories of our day, click here: https://www.nbcnews.com

» Subscribe to NBC News: http://nbcnews.to/SubscribeToNBC
» Watch more NBC video: http://bit.ly/MoreNBCNews

NBC News Digital is a collection of innovative and powerful news brands that deliver compelling, diverse and engaging news stories. NBC News Digital features NBCNews.com, MSNBC.com, TODAY.com, Nightly News, Meet the Press, Dateline, and the existing apps and digital extensions of these respective properties.  We deliver the best in breaking news, live video coverage, original journalism and segments from your favorite NBC News Shows.

Connect with NBC News Online!
NBC News App: https://apps.nbcnews.com/mobile
Breaking News Alerts: https://link.nbcnews.com/join/5cj/breaking-news-signup?cid=sm_npd_nn_yt_bn-clip_190621
Visit NBCNews.Com: http://nbcnews.to/ReadNBC
Find NBC News on Facebook: http://nbcnews.to/LikeNBC
Follow NBC News on Twitter: http://nbcnews.to/FollowNBC
Follow NBC News on Instagram: http://nbcnews.to/InstaNBC

#popefrancis #hegseth #trump",A8yU_1A4z50,6798,2025-04-22T02:00:08.000Z,"[Health, International News, Lester Holt, Making A Difference, NBC Nightly News, National News, News, Nightly News, U.S. News, breaking news, evening news, politics, world news]",Nightly News Full Episode - April 21,https://www.youtube.com/watch?v=A8yU_1A4z50,643444
news,24,Stephen A. Smith,5660,US,"On this special edition of the Stephen A. Smith Show, Stephen joins to talk about the latest situation with cohost Shannon Sharpe

On The Stephen A. Smith Show, Smith gives you his renowned point of view, breaking barriers beyond the world of sports, and tackling pertinent issues across entertainment, pop culture, society, business, and politics. Three times a week, you'll hear his LIVE unfiltered opinions on the day's biggest headlines as well as straight-shooting interviews with top celebrities, game-changers, and thought leaders across the societal arena. 

The Stephen A. Smith Show is sure to entertain, inform, and motivate anyone who tunes in.

Connect with me on social media:
Twitter: https://x.com/stephenasmith
Instagram: https://www.instagram.com/stephenasmith/
TikTok: https://www.tiktok.com/@stephenasmith
Facebook: https://www.facebook.com/stephena/
LinkedIn: https://www.linkedin.com/in/stephen-a-smith-763b31194/",HtwLF1PbB4g,14482,2025-04-22T21:41:31.000Z,"[Stephen A. Smith, Stephen A, Stephen A. Smith Podcast, Know MERCY, NO MERCY, FIRST TAKE, ESPN First Take, NBA Countdown, Podcast, Motivation, Inspiration, Stephen A. Smith Cowboys, stephen a smith, stephen a. smith, Stephen A Smith Podcast]",My thoughts on the Shannon Sharpe situation,https://www.youtube.com/watch?v=HtwLF1PbB4g,595882
news,17,ESPN,1841,US,"On First Take, Stephen A. Smith, Shannon Sharpe and Carlos Boozer discuss the Los Angeles Lakes; 117-95 loss to the Minnesota Timberwolves in Game 1 of the 2025 NBA Playoffs.

0:00 How bad of a loss was this for the Lakers?
5:50 What adjustments do the Lakers need to make in Game 2?
8:00 Stephen A. characters the Lakers loss a 7 on a scale of 1-10
9:20 Magic Johnson’s comments on Lakers’ Game 1 loss
10:00 Were the Lakers the biggest surprise of the weekend?
#espn #nba #firsttake 

✔️ Subscribe to ESPN+ http://espnplus.com/youtube
✔️ Get the ESPN App: http://www.espn.com/espn/apps/espn
✔️ Subscribe to ESPN on YouTube: http://es.pn/SUBSCRIBEtoYOUTUBE
✔️ Subscribe to NBA on ESPN on YouTube: http://bit.ly/SUBSCRIBEtoNBAonESPN
✔️ Watch ESPN on YouTube TV: http://es.pn/YouTubeTV

#ESPN",cjKMbxqb-n8,6493,2025-04-21T16:12:04.000Z,,Stephen A. WARNS Lakers to WATCH OUT for Ant-Man 👀 ‘He’s not going to fade away!’ 🗣️ | First Take,https://www.youtube.com/watch?v=cjKMbxqb-n8,590048
news,22,Hawk's Podcasts / mdg650hawk,1983,US,"Yeah that should probably be investigated

Join this channel to get access to perks:
https://www.youtube.com/channel/UCCcrmvbQbfwSZaTgBZPrjMQ/join

HAWK'S PODCASTS
If you haven't listened to Hawk's podcasts you are missing out! Check it out here: https://www.hawkpodcasts.com

SUPPORT & CONNECT WITH HAWK
- Support on Patreon: https://www.patreon.com/mdg650hawk
- Support Hawk's Merch Store: https://hawkmerchstore.com
- Connect on TikTok:  https://www.tiktok.com/@mdg650hawk7thacct
- Connect on YouTube: https://www.youtube.com/@hawkpodcasts

ALL HAWK PODCASTS INFO
- Additional Podcasts Available Here: https://www.hawkpodcasts.com or in Youtube Membership Channels
- Listen to Hawk Droppings Audio Only On Your Favorite Platform:
  •  Spotify: https://spoti.fi/3RWeJfy
  •  Apple Podcasts: https://apple.co/422GDuL
  •  YouTube: https://youtube.com/@hawkpodcasts
  •  iHeartRadio: https://ihr.fm/47vVBdP
  •  Pandora: https://bit.ly/48COaTB
  •  Simplecast: https://hawk-droppings.simplecast.com",N92xx_lf8zQ,20470,2025-04-22T17:08:43.000Z,"[hawk, hawk podcasts, hawkeyewhackamole, hawkpodcasts, mdg650hawk]",Yeah that should probably be investigated,https://www.youtube.com/watch?v=N92xx_lf8zQ,224993
news,25,CNN,22260,US,"CNN's Elle Reeve talks with supporters and opponents of President Trump in South Dakota. Here's what they think now, with tariffs looming. #CNN #News",Wsn1baT3WaU,44329,2025-04-17T13:49:23.000Z,,This area of South Dakota voted for Trump by roughly 70%. Here's what they think now,https://www.youtube.com/watch?v=Wsn1baT3WaU,2844874
news,24,Valuetainment,2384,US,"As Trump targets China with heavy tariffs, the U.S. shifts its focus to India. A new trade agreement between the U.S. and India sends positive signals to the markets. Meanwhile, Chinese factories are shutting down and U.S. small businesses feel the heat. Can India become the next global powerhouse?
------
▶️ WATCH FULL EPISODE: https://bit.ly/3GmaRCd 

📺  PBD'S INTERVIEW W/ ‪@Channel5YouTube‬ - THURS 4/24 @ 9AM: https://bit.ly/42TIZhw

🥤THE VT YETI COLLECTION: https://bit.ly/4iHfe8Q

👕 THE LATEST VT MERCH: https://bit.ly/3BZbD6l

📕 PBD'S BOOK ""THE ACADEMY"": https://bit.ly/41rtEV4

📰 VTNEWS.AI: ⁠⁠⁠https://bit.ly/3OExClZ

🎙️ FOLLOW THE PODCAST ON SPOTIFY: ⁠⁠https://bit.ly/4g57zR2

🎙️ FOLLOW THE PODCAST ON ITUNES: ⁠⁠https://bit.ly/4g1bXAh

🎙️ FOLLOW THE PODCAST ON ALL PLATFORMS: https://bit.ly/4eXQl6A

📱 CONNECT ON MINNECT: ⁠⁠https://bit.ly/4ikyEkC

👔 BET-DAVID CONSULTING: ⁠⁠https://bit.ly/3ZjWhB7

🎓 VALUETAINMENT UNIVERSITY: ⁠⁠https://bit.ly/3BfA5Qw

📺 JOIN THE CHANNEL: ⁠⁠⁠https://bit.ly/4g5C6Or

💬 TEXT US: Text “PODCAST” to 310-340-1132 to get the latest updates in real-time!

SUBSCRIBE TO:
@VALUETAINMENT  
@ValuetainmentComedy  
@theunusualsuspectspodcast  
@bizdocpodcast   

ABOUT US:
Patrick Bet-David is the founder and CEO of Valuetainment Media. He is the author of the #1 Wall Street Journal Bestseller “Your Next Five Moves” (Simon & Schuster) and a father of 2 boys and 2 girls. He currently resides in Ft. Lauderdale, Florida.",nKgRjj4BV5U,12551,2025-04-22T16:01:14.000Z,"[valuetainment, patrick bet david, Valuetainment Media, pbd podcast, economy, money, news, politics, Trump tariffs, US India trade deal, China manufacturing crisis, US China trade war, PBD Podcast, market volatility, small business struggles, India economy 2025, US economic policy, manufacturing exodus from China, JP Morgan trade forecast, structured notes, American jobs, trade war impact, China factory closures, Modi Trump agreement, economic sentiment, stock market April crash]","""This Scares The CRAP Out Of China"" – JD Vance & Modi's U.S. - India Trade Deal THREATENS China",https://www.youtube.com/watch?v=nKgRjj4BV5U,475222
news,25,LiveNOW from FOX,5840,US,"Polk County Sheriff Grady Judd announced the arrests of suspected gang members who are in the U.S. illegally. The sheriff's office says the suspects ""have been committing crimes, including robbery, in and around Polk County,"" adding that they're facing enhanced charges due to their immigration status.

Subscribe to LiveNOW from FOX! https://www.youtube.com/livenowfox?sub_confirmation=1
Where to watch LiveNOW from FOX: https://www.livenowfox.com/
Follow us @LiveNOWFOX on Twitter: https://twitter.com/livenowfox

Raw and unfiltered. Watch a non-stop stream of breaking news, live events and stories across the nation. Limited commentary. No opinion. Experience LiveNOW from FOX.",rksb0PdfR0o,35567,2025-04-18T15:54:26.000Z,"[news, united states, politics, grady judd presser, polk co sheriff, grady judd on illegal immigrants, venezulan gang members arrested in florida, livenow-from-fox, video, polk county, sheriff judd, polk county sheriff judd, polk county sheriff's office, grady judd, arrests made]",Grady Judd on arrests of Illegal immigrant gang members in Florida,https://www.youtube.com/watch?v=rksb0PdfR0o,1089612
news,23,Saturday Night Live,1558,US,"Weekend Update anchors Colin Jost and Michael Che tackle the week's biggest news, like Trump pausing his chaotic tariffs for 90 days, Robert F. Kennedy Jr. recommending to keep fluoride out of the water and Trump saying his doctor told him he had a ""very good soul.""

Saturday Night Live. Stream now on Peacock: https://pck.tv/3n1IyzK

Subscribe to SNL: https://goo.gl/tUsXwM
Stream Current Full Episodes: http://www.nbc.com/saturday-night-live

WATCH PAST SNL SEASONS
Google Play - http://bit.ly/SNLGooglePlay
iTunes - http://bit.ly/SNLiTunes

SNL ON SOCIAL
SNL Instagram: http://instagram.com/nbcsnl
SNL Facebook: https://www.facebook.com/snl
SNL Twitter: https://twitter.com/nbcsnl
SNL TikTok: https://www.tiktok.com/@nbcsnl

GET MORE NBC
Like NBC: http://Facebook.com/NBC
Follow NBC: http://Twitter.com/NBC
NBC Tumblr: http://NBCtv.tumblr.com/
YouTube: http://www.youtube.com/nbc
NBC Instagram: http://instagram.com/nbc

#SNL #JonHamm #Lizzo #SNL50",QToQ03E0qWg,39559,2025-04-13T05:37:12.000Z,"[saturday night live, season 50, snl 50, weekend update, weekend update snl, weekend update saturday night live, colin jost, michael che, trump, elon musk, donald trump, snl news, saturday night live news, jd vance, snl, saturday night live season 50, comedy, sketch comedy, funny, live comedy, SNL, Saturday Night Live, live, new york, sketch, late night, host, music, guest, laugh, impersonation, actor, improv, musician, snl50, jon hamm on snl, guest host jon hamm, snl sketches]","Weekend Update: Trump Pauses Tariffs, Robert F. Kennedy Jr. Wants Fluoride Out of Water -SNL",https://www.youtube.com/watch?v=QToQ03E0qWg,2165348
news,25,Jeff Square,1329,US,,93_-p9bNsT0,,2025-04-17T02:02:23.000Z,,SCOTT JENNINGS ASKED THESE CNN LUNATICS A TOUGH QUESTION. #scottjennings #shorts,https://www.youtube.com/watch?v=93_-p9bNsT0,575814
news,25,Dave the Lawyer,167,US,"Senator John Kennedy and DOJ nominee Brett Shumate agree there is no legal basis for ""universal"" or ""nationwide"" injunctions during this March 26, 2025 Senate Judiciary Committee hearing. These sweeping court orders, which block federal policies beyond the parties involved, have no grounding in statute, Supreme Court precedent, or common law. Kennedy presses the point with sharp questions, while Shumate agrees: the legal foundation just isn’t there.

📅 Hearing Date: March 26, 2025
🏛️ Committee: Senate Judiciary
👤 Witness: Brett Allen Shumate, Nominee for Assistant Attorney General – Civil Division
🧵 Topics: Judicial overreach, Article III, equitable relief, forum shopping

Subscribe for more eye-opening moments from the halls of power. 🏛️🎙️

🔥 Sparks Fly in Congress! A Heated Exchange You Can't Miss! 🔥

Get ready for a fiery clash as tensions boil over between two political heavyweights. It's Congress like you've never seen it before, only on Dave the Lawyer.

🔔 Don't forget to subscribe and hit the bell icon to stay updated on the latest hearings & political showdowns!

📢 Join the Community: https://www.youtube.com/@DaveTheLawyer/join
Become a channel member to unlock hilarious emojis.

🛒 Shop Dave's Mugs: https://davesmugs.store
Check out the store for mugs you see in my videos 

🎵 Music Credits:
""Symphony No. 5"" by Beethoven

📲 Follow Me on Social Media:
X: @DaveTheLawyerX

#politics #congress #senate #house #whitehouse #news #breaking #judiciary #oversight #hearing #DaveTheLawyer",psrvpVaWxuA,10730,2025-04-19T18:25:00.000Z,"[politics, congress, senate, house, white house, news, breaking news, judiciary, oversight, hearing, political debate, government, legislative branch, political analysis, Dave the Lawyer, congressional hearings, political clash, political showdown, US politics, political commentary, legal analysis, government oversight, heated exchange, political conflict, viral moments, trending politics, live hearing, legislative session, committee hearing, political discourse]",ZERO Legal Basis for Universal Injunctions,https://www.youtube.com/watch?v=psrvpVaWxuA,343879
news,25,Fox Business,3706,US,"Heritage Foundation senior fellow for China Strategy Michael Pillsbury on China warning other countries against making deals with the U.S., the escalation in trade moves and Iran's foreign minister visiting China. #foxbusiness #trump #china #chinaus 

Subscribe to Fox Business:  https://bit.ly/2D9Cdse
Watch more Fox Business Video: https://video.foxbusiness.com
Watch Fox Business Network Live:  http://www.foxnewsgo.com/ 

FOX Business Network (FBN) is a financial news channel delivering real-time information across all platforms that impact both Main Street and Wall Street. Headquartered in New York — the business capital of the world — FBN launched in October 2007 and is one of the leading business networks on television. In 2025 it opened the year posting double-digit advantages across business day, market hours and total day viewers in January. Additionally, the network continued to lead business news programming, with each business day program placing among the top 15 shows, while FBN delivered its highest-rated month since April 2023 with market hours.

Follow Fox Business on Facebook:  https://www.facebook.com/FoxBusiness
Follow Fox Business on Twitter:  https://twitter.com/foxbusiness
Follow Fox Business on Instagram:  https://www.instagram.com/foxbusiness",yEPHxZTGbLc,8242,2025-04-21T11:30:46.000Z,"[trade war, china tariffs, president donald trump, trump china, donald trump, latest news, trade war china vs usa, trade war with china, trade war news, trade war latest news, trump tariffs china, china tariffs response, china tariffs latest news, china tariffs on usa, china tariffs trump, china tariffs news, china tariffs us, trump china news, trump china tariff war, trump china policy, china us trade war latest, china us trade, china iran, michael pillsbury china]","This is 'not looking like a smooth transition with the Chinese at all,'  expert warns",https://www.youtube.com/watch?v=yEPHxZTGbLc,645931
news,24,Misstee,2222,US,"Terrence Howard Reveals What Really Happened To Diddy’s Adopted Daughter| Diddy SOLD Her?

Y’all, Terrence Howard just brought evidence of Diddy allegedly his adopted daughter, Ava, and things are about to get out of hand. We thought that Terrence was done with Diddy when he claimed that Diddy tried to put moves on him, but it turns out that Terrence might know more than he told us on the podcast.

And get this: it looks like the feds have caught on to this, because they just updated the indictment against Diddy. They added two new charges and included new victims to the original list of charges. Well, word on the streets is that Ava is allegedly one of the new victims. And like that’s not crazy enough, rumor has it that she will be taking the stand to testify against Diddy in the trial.

Things are starting to heat up, and it looks like Terrence just might be the one to take Diddy down, so let’s break this down.


SUBSCRIBE FOR MORE CELEB DRAMA: https://www.youtube.com/@misstee_

DISCLAIMER: The content on this channel may contain gossip-based information, rumors, or exaggerated portrayals of reality. Please exercise your own discretion while watching and remember that not all information presented may be factual or verified

#misstee",LzFXAVsDMCU,20149,2025-04-19T18:36:11.000Z,"[ellen show, katt williams drops bombshell revealing what really happened to prince, katt williams on what happened to prince, shocking revelations from katt williams about what really happened to prince, quincy diddy, quincy p diddy, quincy diddy dad, quincy p diddy son, quincy p diddy child, quincy diddy son movie, quincy diddy's son, quincy diddy'ys real song, prince death exposed, black american rappers net worth, prince death, entertainment news, black american rappers]",Terrence Howard Reveals What Really Happened To Diddy’s Adopted Daughter| Diddy SOLD Her?,https://www.youtube.com/watch?v=LzFXAVsDMCU,386121
news,25,Forbes Breaking News,432,US,"Speaking to reporters in the Oval Office, President Trump said he'll keep information related to the assassination attempt in Butler, Pennsylvania, to himself.

Fuel your success with Forbes. Gain unlimited access to premium journalism, including breaking news, groundbreaking in-depth reported stories, daily digests and more. Plus, members get a front-row seat at members-only events with leading thinkers and doers, access to premium video that can help you get ahead, an ad-light experience, early access to select products including NFT drops and more:

https://account.forbes.com/membership/?utm_source=youtube&utm_medium=display&utm_campaign=growth_non-sub_paid_subscribe_ytdescript


Stay Connected
Forbes on Facebook: http://fb.com/forbes
Forbes Video on Twitter: http://www.twitter.com/forbes
Forbes Video on Instagram: http://instagram.com/forbes
More From Forbes:  http://forbes.com",tg0cwGMvMLM,2308,2025-04-22T22:43:39.000Z,,Trump Says He'll Keep Butler Assassination Attempt Investigation Info To Himself: 'Very Personal',https://www.youtube.com/watch?v=tg0cwGMvMLM,60752
news,25,"Ryan Hall, Y'all",662,US,"Free Live 24/7 Weather Radar And Alerts: https://www.youtube.com/watch?v=0tDeAg_mGa0 
 
🔔 SUBSCRIBE and turn on notifications to stay informed about developing weather situations!

Internet provided by: https://isptek.co/ 

⚠️ PLEASE NOTE: This video is meant to supplement official forecasts from the National Weather Service. Always follow forecasts and warnings from local officials.

🌪️ Y'ALL SQUAD DISASTER RELIEF:
Learn more about our nonprofit organization helping communities affected by severe weather: https://theyallsquad.org  
https://x.com/TheYallSquad

🛒 SHOP:
Weather radios, Y'all-O-Meters, and more at https://shopryanhall.com  

#weatherchannel #ryanhall #ryanhallyall

Join this channel to get access to exclusive perks:
https://www.youtube.com/channel/UCJHAT3Uvv-g3I8H3GhHWV7w/join

Subscribe to these other channels:
Ryan Hall, Y'all XTRA: https://www.youtube.com/@RyanHallYallXTRA
Y'all Squad: https://www.youtube.com/@YallSquad
Meteorologist Andy Hill: https://www.youtube.com/@metandyhill

Check out the Y'all Squad discord server!
https://discord.gg/ryanhallyall

📱 FOLLOW FOR UPDATES:
https://www.facebook.com/ryanhallyall
https://twitter.com/ryanhallyall
https://www.instagram.com/ryanhallyall/
https://www.tiktok.com/@ryanhallyall
https://www.twitch.tv/ryanhallyall

OFFICIAL WEBSITE: https://ryanhallyall.com/

BUSINESS INQUIRIES: info@ryanhallyall.com

Ryan's PO Box
PO Box 2668
Pikeville, KY 41501

The Y'all Squad PO Box
PO Box 3068 
Pikeville, KY 41501

Please refer to your local National Weather Service office to get the most reliable and up to date weather information as possible.",V49VDgGopks,26462,2025-04-21T03:16:27.000Z,"[weather, weather forecasting, forecasting, forecast, wild weather, extreme weather, intense weather, beautiful weather, weather channel, weather hunter, severe weather, major, intense, extreme, historic, blizzard, snow, heavy snow, major snow storm, snowstorm, snow squall, one foot snow, two feet snow, winter storm, tornado, tornado chasing, tornado chasers, storm chasing, storm chasers, tornadoes, ef5, hurricane, major hurricane, ryan hall]","The April 20, 2025 Severe Weather Coverage, As It Happened...",https://www.youtube.com/watch?v=V49VDgGopks,1131772
news,22,Red Shorts Politics,1164,US,,6k4TZ-Iy9pA,52376,2025-04-14T16:48:01.000Z,,Even the Judge WAS NOT Ready For His Response,https://www.youtube.com/watch?v=6k4TZ-Iy9pA,765441
news,24,The Lead Attorney,6665,US,"In the summer of 2023, New York Attorney General Letitia James helped her niece, Shamice Thompson-Hairston, buy a home in Norfolk, Virginia, by co-signing the mortgage. Now, this seemingly simple transaction has sparked a heated debate, with a top Trump administration housing official accusing James of bank fraud. William Pulte, the Director of the U.S. Federal Housing Finance Agency, has requested the U.S. Department of Justice to launch a criminal investigation, citing discrepancies in James' mortgage application and her claims regarding the property’s primary residence status.

James, known for her legal battles with former President Donald Trump, has called these allegations “baseless” and claims they are part of a political retribution campaign. The controversy revolves around whether James misrepresented her primary residence, potentially violating mortgage rules, and whether she misrepresented the number of apartments in her Brooklyn townhouse to secure federal mortgage benefits.

In this video, we break down the key details surrounding the investigation into Letitia James’ real estate dealings, including the loan application, power of attorney, and conflicting statements regarding her primary residence. Is this a legitimate legal issue or just another political attack in the ongoing battle between Trump’s allies and his legal adversaries?

Stay tuned as we dive deep into the bank fraud allegations and the potential fallout for Letitia James, one of the most powerful legal figures in the country.

My Live Streaming Courses: https://theleadattorney.teachable.com/p/home
***LIMITED DISCOUNT CODE FOR $200 OFF COURSES: SKILLS

Apply for an American Express Card with this link. With your new Card, you could earn a welcome bonus and your friend could earn a referral bonus. Terms Apply. https://americanexpress.com/en-us/referral/platinum-card?

https://www.referyourchasecard.com/21q/4UB94CMGT0ref=JAMESCRE5T&XLINK=MYCP
https://www.referyourchasecard.com/21j/N55LK5SYFP

JOIN THE YOUTUBE MASTERMIND: https://www.skool.com/theleadattorney/about

TO SUPPORT THE CHANNEL: 
https://cash.app/$theleadattorney 
https://paypal.me/theleadattorney

//BOOKS:
*Best Book on Cross-Examination EVER: https://amzn.to/3JNCm3S
*Best Book on Succeeding in this Society: https://amzn.to/3KIU4qo
*Best Book on Personal Finance: https://amzn.to/3xtiUa4
*Best Book on Forming Great Habits: https://amzn.to/37bHxgM
*Best Book on Getting This Money: https://amzn.to/3EkjzvJ

//STUDIO & CAMERA GEAR I USE:
*Camera:  https://amzn.to/3EkgMTh
*Sound Effects Machine: https://amzn.to/3xs7naH 
*Computer: https://amzn.to/3vgkPvF
*Best Mouse EVER for Editing: https://amzn.to/36cGAUT
*Microphone: https://amzn.to/3jD4PhW
*Studio Lights: https://amzn.to/3jAI0vc
*LED Lights: https://amzn.to/3JIe3nA
*Stream Deck: https://amzn.to/3uDLNhU
*Apple Earbuds: https://amzn.to/3uBIS9j
*Switcher: https://amzn.to/3uHEypf

PRIVATE, ONE-ON-ONE CONSULTATIONS: https://app.squarespacescheduling.com/schedule.php?owner=20447134 

SPONSORSHIPS & COLLABS: theleadattorney@gmail.com.

ANALYTICS SERVICE I USE: *TubeBuddy: https://www.tubebuddy.com/theleadattorney 

BECOME A CHANNEL MEMBER! Join this channel to get access to perks: https://www.youtube.com/channel/UCXB8vnEmzFwjsdIbHEIXs-A/join
Legal Disclaimers: This is not legal advice, nor can I give you legal advice. Everything here is for informational purposes only and not for the purpose of providing legal advice. You should contact your attorney to obtain advice with respect to any particular issue or problem. Nothing here should be construed to form an attorney-client relationship. Further, links included in this description might be affiliate links. If you purchase a product or service with the links that I provide I may receive a small commission. There is no additional charge to you! Thank you for supporting my channel so I can continue to provide you with free content each week!

#LetitiaJames #BankFraud #MortgageScandal #TrumpAdministration #JusticeDepartment #LegalNews #RealEstate #MortgageFraud #LegalInvestigation #TrumpVsJames #AttorneyGeneral",RG-BlEuhwGk,25247,2025-04-21T15:01:45.000Z,"[letitia james, donald trump, us news, mortgage fraud, breaking news, latest news, trump administration, letitia james mortgage fraud investigation, letitia james investigation, letitia james real estate properties, ny attorney general letitia james, attorney general letitia james, letitia james today, letitia james news, letitia james trump, letitia james attorney general, letitia james mortgage, donald trump latest news, trump, MAGA, MAGA 2024]","Letitia James in TROUBLE: BEGGING for MONEY, Soon DISBARRED?! Republicans are CRUSHING Her!",https://www.youtube.com/watch?v=RG-BlEuhwGk,532511
news,25,Sky News Australia,3929,US,"Sky News host Rita Panahi pokes fun at the ""nincompoopery"" of CNN hosts.",Sw3WM0i49_8,24482,2025-04-18T06:46:50.000Z,"[6371633149112, fb, msn, opinion, ritapanahi, yt]",Lefties Losing It: CNN ‘nincompoopery’ exposed,https://www.youtube.com/watch?v=Sw3WM0i49_8,699779
news,25,PBS NewsHour,,US,"New York Times columnist David Brooks and Washington Post associate editor Jonathan Capehart join William Brangham to discuss the week in politics, including President Trump's continued faceoff with the courts, if Republicans will begin pushing back against the president and Harvard rejecting Trump's demands.

Watch PBS News for daily, breaking and live news, plus special coverage. We are home to PBS News Hour, ranked the most credible and objective TV news show.
 
Stream your PBS favorites with the PBS app: https://to.pbs.org/2Jb8twG
Find more from PBS NewsHour at https://www.pbs.org/newshour
Subscribe to our YouTube channel: https://bit.ly/2HfsCD6
 
Follow us:
TikTok: https://www.tiktok.com/@pbsnews
X (formerly Twitter): http://www.twitter.com/newshour
Instagram: http://www.instagram.com/newshour
Facebook: http://www.pbs.org/newshour
 
Subscribe:
PBS NewsHour podcasts: https://www.pbs.org/newshour/podcasts
Newsletters: https://www.pbs.org/newshour/subscribe",Hs2hrpPmx7k,11141,2025-04-18T22:53:59.000Z,,Brooks and Capehart on Trump's faceoff with the courts,https://www.youtube.com/watch?v=Hs2hrpPmx7k,649712
news,25,Matt Walsh,11518,US,#MattWalsh #TheMattWalshShow #News #Politics #DailyWire #blueorigin #katyperry #gayleking #oprah #jeffbezos,nQtPcYcy20c,71007,2025-04-16T01:00:47.000Z,,Katy Perry’s ‘historical’ trip to space was underwhelming.,https://www.youtube.com/watch?v=nQtPcYcy20c,1046070
news,25,MeidasTouch,3680,US,"Elon Musk is getting repeatedly humiliated by Donald Trump and Rachel Maddow discusses why Musk may be on the way out. Francis Maxwell reacts.

Visit https://meidasplus.com for more!

MeidasTouch relies on SnapStream to record, watch, monitor, and clip the news. Get a FREE TRIAL of SnapStream by clicking here: https://go.snapstream.com/affiliate/meidastouch/meidasnews?utm_campaign=4490308-affiliate2025&utm_content=customerpartner

Support the MeidasTouch Network: https://patreon.com/meidastouch
Add the MeidasTouch Podcast: https://podcasts.apple.com/us/podcast/the-meidastouch-podcast/id1510240831
Buy MeidasTouch Merch: https://store.meidastouch.com

Follow MeidasTouch on Twitter: https://twitter.com/meidastouch
Follow MeidasTouch on Facebook: https://facebook.com/meidastouch
Follow MeidasTouch on Instagram: https://instagram.com/meidastouch
Follow MeidasTouch on TikTok: https://tiktok.com/@meidastouch",HJOrapS3IVg,38189,2025-04-22T22:30:04.000Z,"[meidastouch, meidas touch, politics, political videos, political advertising, breaking news, ben meiselas, midas touch, midastouch, donald trump, trump, joe biden, biden, president, elections, republicans, democrats, democratic party, republican party, trump indictments, legal news, michael popok, gop, current events, department of justice, justice department, political news, msnbc, cnn, cable news, independent media, united states, us news]",Elon ABRUPTLY QUITS after Trump HUMILIATION?!,https://www.youtube.com/watch?v=HJOrapS3IVg,870572
news,25,The Bulwark,2519,US,"CBS just took a major hit to its journalistic credibility. In a stunning memo, 60 Minutes Executive Producer Bill Owens announced his resignation, saying he could no longer make independent decisions about the show’s content. Why? Pressure from the Trump-aligned right, a bizarre lawsuit over a Kamala Harris interview, and a looming Paramount merger that needs government approval.

Tim Miller and Sarah Longwell share their take on the cowardice of institutions, the bravery of individuals, and the terrifying implications of a media ecosystem that’s bending to MAGA pressure. What does it mean when even 60 Minutes, a cornerstone of American journalism, can’t stand its ground?

Become a Bulwark Youtube Plus Member here - https://www.youtube.com/channel/UCG4Hp1KbGw4e02N7FpPXDgQ/join",x8QwEqKHI6Y,20061,2025-04-22T20:01:53.000Z,"[the, bulwark, thebulwark]",BREAKING: 60 Minutes Boss QUITS After CBS Folds To Trump's Threats,https://www.youtube.com/watch?v=x8QwEqKHI6Y,313736
news,17,BOX NEWS,8579,US,"Stephen A Smith EXPOSES Floyd Mayweather For Going BANKRUPT After $402 Million SCAM

On The BOX NEWS channel, We aim to create informative online content covering news/events in the Boxing, UFC, MMA & Fight world.

#BOXNEWS

Disclaimer: Information may be rumours, slander, exaggerated, or otherwise not the truth. Before making an opinion, viewers are recommended to conduct their own research. Content might be opinionated.

#stephenasmith #floydmayweather #mayweather #boxingnews #boxing",p02I0iZCX6k,23726,2025-04-14T22:16:15.000Z,"[stephen a smith, floyd mayweather, mayweather, stephen a smith exposes mayweather, stephen a smith on floyd mayweather, stephen a smith show, stephen a smith espn, stephen a smith interview, floyd mayweather bankrupt, mayweather broke, mayweather no money, floyd mayweather news, fight, boxing, boxing news]",Stephen A Smith EXPOSES Floyd Mayweather For Going BANKRUPT After $402 Million SCAM,https://www.youtube.com/watch?v=p02I0iZCX6k,3135609
news,25,NBC 6 South Florida,41,US,"A Delta plane that caught on fire in Orlando on Monday caused passengers on board to evacuate.

Several people were seen getting off the plane as ambulances arrived at the tarmac.

Cellphone video showed the side of the plane on fire.

While details remain limited, the flight was headed to Atlanta from Orlando.

It's unclear what caused the fire.
NBC 6 on Instagram: @NBC6 | www.instagram.com/nbc6
NBC 6 on Facebook: www.facebook.com/nbc6southflorida
NBC 6 on TikTok: @NBCsouthflorida | www.tiktok.com/@nbcsouthflorida

Get breaking news, First Alert weather updates, plus live cameras from NBC 6 South Florida. NBC 6/WTVJ was Florida’s first television station and has been covering news in South Florida for over 70 years.

#delta #plane #orlando #évacuation",_hjqc5i9tg4,134,2025-04-21T17:19:25.000Z,"[nbc 6, nbc, wtvj, south florida, south florida news, nbc 6 news, orlando, delta, plane, evacuation]",Delta plane suffers engine fire in Florida forcing evacuation,https://www.youtube.com/watch?v=_hjqc5i9tg4,69525
news,27,Business Basics,4218,US,"Sign up to my FREE Youtube Basics Bootcamp here: https://bit.ly/YTFreeBootcamp

Support the content on Patreon: https://www.patreon.com/businessbasicsyt

Sign up for our FREE Geopolitics Newsletter: https://www.globalrecaps.com/subscribe

Our Podcast ""Chaos & Peace"" : https://www.youtube.com/playlist?list=PLaXYwEiNzbhNdDuHhsAPD7N0UzlBZl4EO


Join the Basics Team:
▶️ Apply for Shorts Writer: https://forms.gle/Hsz7XViCv2nCX92Z9
▶️ Apply for Script Writer: https://forms.gle/x9fvA5GmUA5Nec9eA
▶️ Apply for Clips Researcher / Gatherer: https://forms.gle/hYqkLTEKbHGGSSxH9",B2W67uTbB34,67424,2025-04-21T14:28:27.000Z,"[Investing, Investments, Finance, Wall Street, ETF, Stock Market, Warren Buffett, Economy, Long Term, Bonds, Bitcoin, Portfolio, big tech hearing, tech ceo hearing, amazon, google, facebook, jeff bezos, mark zuckerberg, antitrust, antitrust hearing, tech hearing today, antitrust hearing today, reuters, live video, tech hearing live, Sundar Pichai, reuters news, news, live news, apple, tim cook, big tech, trump, biden, blur, blurred, blured]",Crisis in China - CCP Bankrupt as US Starts Seizing Chinese Owner Farmland,https://www.youtube.com/watch?v=B2W67uTbB34,1065427
news,23,Washington Post Universe,2845,US,"The U.S. dollar is an early casualty of President Donald Trump’s us-against-the-world trade war.
The dollar has lost almost 10 percent of its value since Inauguration Day, with more than half of that decline coming this month after the president’s decision to lift taxes on imported goods to their highest level since 1909.


The weaker dollar — now near a three-year low against the euro — is bad news for Americans traveling abroad and could also aggravate inflation by making foreign goods more expensive. U.S. exporters, however, should gain.

The drop is especially striking because countries that impose tariffs usually see their currency rise. But the wobbly rollout of Trump’s tariff plans — with the president and his aides contradicting themselves about key details — left investors doubting the administration’s competence.

Caption from article by David J. Lynch.",jhEz2iBInQs,144903,2025-04-16T17:32:00.000Z,,The dollar has lost 10% of its value,https://www.youtube.com/watch?v=jhEz2iBInQs,2028357
news,25,Firstpost,12271,US,"Terrorists Kill At Least 26 Tourists in Kashmir's Pahalgam | Vantage with Palki Sharma | N18G

A terrorist attack in Kashmir's Pahalgam has killed at least 26 tourists and injured several others. Two or three attackers reportedly entered a valley near the town and opened fire at the tourists gathered there. Indian prime minister Modi has condemned the attack and vowed to ""not spare"" the perpetrators. How should India respond to this attack? Why did the terrorists strike now? Palki Sharma tells you. 

---

India | Terror Attack | Jammu and Kashmir | Jammu & Kashmir | Jammu Kashmir Terrorist Attack | Jammu and Kashmir Terror Attack | Terror Attack in Jammu and Kashmir | Jammu Terror Attack | Pahalgam | Jammu Kashmir Terror Attack | Terror Encounter |  PM Narendra Modi | Amit Shah | Omar Abdullah | Kashmir Terror Attack | Pahalgam Terror Attack | Pahalgam Terrorist Attack | Firstpost | World News | News Live | Vantage | Palki Sharma | News 

#india #terrorattack #pahalgam #terroristattack #jammukashmir #jammuandkashmir #firstpost #vantageonfirstpost #palkisharma #worldnews 

Vantage is a ground-breaking news, opinions, and current affairs show from Firstpost. Catering to a global audience, Vantage covers the biggest news stories from a 360-degree perspective, giving viewers a chance to assess the impact of world events through a uniquely Indian lens.

The show is anchored by Palki Sharma, Managing Editor, Firstpost.

By breaking stereotypes, Vantage aims to challenge conventional wisdom and present an alternative view on global affairs, defying the norm and opening the door to new perspectives. The show goes beyond the headlines to uncover the hidden stories – making Vantage a destination for thought-provoking ideas.

Vantage airs Monday to Friday at 9 PM IST on Firstpost across all leading platforms.
​
Subscribe to Firstpost channel and press the bell icon to get notified when we go live.
https://www.youtube.com/@Firstpost

Follow Firstpost on Instagram:
https://www.instagram.com/firstpost/

Follow Firstpost on Facebook:
https://www.facebook.com/firstpostin/

Follow Firstpost on Twitter:
https://twitter.com/firstpost

Follow Firstpost on WhatsApp:
https://www.whatsapp.com/channel/0029Va6zOIrEQIamseyg762V",lqvvP5W4zgc,42905,2025-04-22T16:50:21.000Z,"[firstpost, palki sharma, vantage, vantage palki sharma, first post, firstpost palki sharma, vantage on firstpost, jammu and kashmir, terrorist attack in kashmir, terror attack in kashmir, pahalgam terror attack, terror attack in pahalgam, terrorist attack pahalgam, pahalgam terrorist attack, kashmir terror attack, kashmir terrorist attack, pahalgam terror attack live, terror attack in jammu kashmir, pahalgam, terror attack, jammu kashmir terror attack, pahalgam tourists attack]",Terrorists Kill At Least 26 Tourists in Kashmir's Pahalgam | Vantage with Palki Sharma | N18G,https://www.youtube.com/watch?v=lqvvP5W4zgc,2815704
news,17,First Things First,1650,US,"Nick Wright, Kevin Wildes, and Chris Broussard discuss if the Los Angeles Lakers should be concerned after their Game 1 loss, evaluate LeBron James’ performance against the Minnesota Timberwolves, and break down whether the Oklahoma City Thunder’s blowout win was a real statement or just a one-game surge.

#FirstThingsFirst #NBA #LeBronJames

The all-new FOX Sports App, built for the modern sports fan: https://tinyurl.com/y4uouolb

► Breakfast Ball's YouTube channel: https://www.youtube.com/@BreakfastBallonFS1
► First Things First’s YouTube channel: https://www.youtube.com/@FirstThingsFirst
► SPEAK's YouTube channel: https://www.youtube.com/c/SpeakOnFS1
► The Facility's YouTube channel: https://www.youtube.com/@TheFacilityonFS1
► All Facts No Brakes with Keyshawn Johnson YouTube Channel: https://www.youtube.com/@AllFactsPod

About First Things First:
Nick Wright, Chris Broussard, and Kevin Wildes team up on First Things First. The trio offers their take on a bevy of sports stories alongside special guests from across the sports world.

Should Lakers panic, did LeBron disappoint, & is Thunder’s blowout win legit? | FIRST THINGS FIRST
https://youtu.be/jvOwPbi0jDE

First Things First
https://www.youtube.com/c/FirstThingsFirst",jvOwPbi0jDE,6074,2025-04-21T21:36:14.000Z,"[statement, Game 1, LeBron James, Minnesota Timberwolves, Oklahoma City Thunder, NBA, Los Angeles Lakers, Luka Doncic, T-Wolves, First Things First, Nick Wright, Kevin Wildes, Chris Broussard, fs1, fox sports, fox sports 1, sports, sports talk, sports news, nba, basketball, the association, eastern conference, western conference, sports show, sports debate, nba news, nba talk, 2024-25 NBA Season, fox YouTube, basketball talk, basketball news, basketball debate]","Should Lakers panic, did LeBron disappoint, & is Thunder’s blowout win legit? | FIRST THINGS FIRST",https://www.youtube.com/watch?v=jvOwPbi0jDE,448619
news,22,Voice of Pan-Africanism,2801,US,"#burkinafaso #ibrahimtraore #panafricanism 
What seemed like a normal flight turned into a powerful lesson. A flight attendant targets a quiet African passenger with disrespect — not knowing he is the President of Burkina Faso, Ibrahim Traoré. As tensions rise mid-air, the truth is revealed after landing, leaving the entire crew and a French CEO in shock. This dramatic story highlights dignity, strength, and the moment when hidden power is finally seen by all.",LAZvEVvWbz4,27648,2025-04-19T17:33:06.000Z,"[ibrahim traore, ibrahim traore burkina faso, traore, african stories, african tales, african]",They Disrespected Ibrahim Traore Not Knowing He Was the President!,https://www.youtube.com/watch?v=LAZvEVvWbz4,1703424
