category,categoryId,channelTitle,commentCount,country,description,id,likeCount,publishedAt,tags,title,url,viewCount
people_blogs,22,Mandy's iPhone,1260,US,"hey ipods :D okay so maybe this is not a totally 100% accurate day in the life cause we don't always go to dinners, but for the most part it is...and don't listen to martin, yes i totally workout",tQ1irISRffU,18706,2025-04-22T00:06:08.000Z,,day_in_the_life.mov,https://www.youtube.com/watch?v=tQ1irISRffU,201919
people_blogs,22,Karissa Stevens,797,US,,yu2rAxEq3Bk,,2025-04-20T20:07:01.000Z,,PACK WITH ME FOR EUROPE,https://www.youtube.com/watch?v=yu2rAxEq3Bk,251318
people_blogs,26,More Mia Maples,1417,US,"Please enjoy this silly video of mama maples and I eating Crumbl Cookies every week 
*don't try this unless you want to have multiple sugar highs & crashes*

Hope you enjoyed, Subscribe for more silly videos!

My Socials & fun stuff: 🧸
Custom Ethical/Sustainable sweatpants: https://mfraise.com/ 
Instagram: https://www.instagram.com/miamaples/?...

🧶My Sewing Supplies: https://miamaplesmarket.com/blogs/mia...
📷My Filming Set-up: https://miamaplesmarket.com/blogs/mia...

Thank you so much for being here and watching!
I really hope you enjoyed! 💗

#miamaples #crumbl #cookies",bxlzbJPvwK8,30884,2025-04-18T18:00:39.000Z,"[mia maples, viral, crumbl, crumbl cookies, taste test, eating, eat with me, cook, what i eat, eating crumbl cookies, crumbl menu, crumbl cookie menu, kardashian crumbl cookies, crumbl rotating menu, haul, try, is it worth your money, expensive cookies, 1000 calorie cookies]","We Joined the Crumbl Cookie Fandom for 1 month *many sugar, many pain*",https://www.youtube.com/watch?v=bxlzbJPvwK8,639443
people_blogs,24,HJ Evelyn,992,US,"Hi, use this link to get 50% off your first order at Farmer’s Dog! https://bit.ly/4hMNEWP.

@EvelynHaVlogs 
For now I hope you enjoy this video where I became my sister's assistant for 24 hours 🙃

INSTAGRAM: https://www.instagram.com/HJEVELYN/
SHOP OUR MERCH: https://hasisters.com
MY LINKS: https://shopmy.us/hjevelyn
FOR BUSINESS INQUIRY:
📩CONTACT: team@hasisters.com

LAKEY INSPIRED - Chill Day https://soundcloud.com/lakeyinspired/..",449OeB3swkI,20944,2025-04-21T15:35:37.000Z,"[hjevelyn, Evelyn ha, Emily ha, erica ha, korean siblings, korean sisters, siblings, hjevelyn room tour, hjevelyn speaking in korean, hjevelyn nyc, nyc, New York city, blackpink, kpop, BTS, 24 hour challenges, Michelle choi, living alone diaries, nyc vlog, home alone, Nicole laeno, I live alone vlog, nyc apartment tour]",Being My YOUNGER Sister's PERSONAL ASSISTANT For 24 Hours!!,https://www.youtube.com/watch?v=449OeB3swkI,437743
people_blogs,24,Alix Earle,163,US,"Come along with me as I get ready for Coachella!! We style my festival looks, get spray tans, make predictions for the weekend, and pack my bags for the desert. 

Don't forget to subscribe to be the first to know when Coachella Part 2 drops...",xIIYVOL98T8,5943,2025-04-17T13:00:46.000Z,,GRWM for Coachella,https://www.youtube.com/watch?v=xIIYVOL98T8,288727
people_blogs,2,Denys Davydov,1381,US,"🔥 Support Pilot Blog on Patreon! 
https://www.patreon.com/PilotBlog
❤️  Buy me a coffee: https://www.buymeacoffee.com/davydoff
 ✈️ Find me on PayPal :aviatorssecretary@gmail.com

Here is the message from Starsky:

Consuming content is not enough anymore - it's time to create it! If you want to establish your own platform or improve existing channel - join our free school for content creators, launched by youtubers, think-tanks, journalists, and communication experts, who will share their experience and help you become a successful content creator!

https://psi-eu.org/school

✈ Just my rumble for some other videos: https://rumble.com/c/c-7448371

✈ Denys Davydov Telegram Channel: 
https://t.me/pilotblog

Military map: taplink.cc/majakovsk73 
Military analytics: https://twitter.com/NOELreports

My Instagram: @denys_pilot

My new channel:
https://www.youtube.com/@DDWorldForyou

You may check the military map here: https://militaryland.net/
https://deepstatemap.live/
 MapTiler map link is https://www.maptiler.com/

My name is Denys, and I am Boeing 737 Captain. Before I used to fly ATR 42/72. 
I am making the videos on this Pilot Blog channel to encourage people all around the world to join our aviation community. 
Here you'll see interesting aviation videos from pilot's perspective. Enjoy:)",4q4NV5pty3U,34750,2025-04-22T01:38:10.000Z,"[Pilot, Pilot Blog, Blog, Airline, Vlog, Ukraine, War, Russia, Update, Life, world map, ukraine war map, ukraine map, azovstal, ukraine invasion map, Drone, R18, Drone DJI, DJI MAVIC 3, MAVIC, mapping, telegram channel, peter zeihan, Operator Starky, Invation, Denys Davydov, Wins, Victory, Trump, Biden, Debate]",Update from Ukraine | Awesome News! Ruzzians are Running away from Pokrovsk | Putin is in Shock,https://www.youtube.com/watch?v=4q4NV5pty3U,309920
people_blogs,22,RemLife,144,US,"CHECK OUT OUR PATREON HERE!! https://www.patreon.com/basicallyunfiltered

SUBSCRIBE TO OUR NEW POD!!
https://www.youtube.com/@basicallyunfiltered

CHECK OUT COOKING WITH REMI: https://www.cookingwithremi.com

SHOP MY AMAZON FAVES HERE!!  https://amzn.to/3WYQe2E

MERCH INQUIRES: 
My merch site is down for now, but visit this link if you have any questions about previous orders: https://support.shopremicruz.com/

SHOP MY AMAZON FAVES HERE!!  https://amzn.to/3WYQe2E

FOLLOW ME HERE!!
poshmark: https://poshmark.com/closet/missremicruz
tiktok: https://www.tiktok.com/@missremiashten?lang=en
twitter: https://twitter.com/missremiashten
instagram: @missremiashten
https://www.instagram.com/missremiash...
snapchat: @remiikinss
facebook: https://www.facebook.com/missremiashten/
poshmark: https://posh.mk/jc4Ne11R4Hb

Listen to Pretty Basic here!
Apple Podcasts:   https://apple.co/2Pgp7jV
Stitcher:   https://bit.ly/2PTkJEw
TuneIn:  https://bit.ly/2EK2Ruv
Spotify:  https://spoti.fi/2PTBwHz          
RSS: https://bit.ly/2O4nMYE

-------------------------------------------------------------------
postmates code: m1phk
uber code: b4d5b
main channel: http://www.youtube.com/user/MissRemiA...
---------------------------------------------------------------------
business inquiries only:
remicruz@mattermediagroup.com",3C9pc-eugZc,6018,2025-04-17T15:00:11.000Z,"[missremiashten, remlife, remi, cruz, vlog, vlogger, daily, follow me around, day in the life, look, looks]","Weight Loss Changes, Coachella Fittings & BFF White Lotus Trip!!",https://www.youtube.com/watch?v=3C9pc-eugZc,204677
people_blogs,26,Nicole Laeno,446,US,"Welcome to a fun weekend in my life at state!! Come along for pool days, dance clinic, going out, & overall finding a balance!! Love you all💌

Family Channel: https://youtube.com/@thelaenofamily
All Socials: @nicolelaeno
Business Contact: lindalaeno@yahoo.com
Editor: Vincent https://twitter.com/bunnymp4
Intro: Violet https://www.youtube.com/@sourviolet
Current Subs: 3.69M

STAY POSITIVE!
Xoxo, Nicole 💋",k3HRgZ_c7Jc,10901,2025-04-18T19:00:42.000Z,,FUN WEEKEND IN MY LIFE *freshman year @ SDSU*,https://www.youtube.com/watch?v=k3HRgZ_c7Jc,224048
people_blogs,22,Zoe Sugg,304,US,"Updated Beauty Routines, Easter Making & Traitors Birthday 
AD | Let BetterHelp connect you to a therapist who can support you - all from the comfort of your own home. Visit: https://betterhelp.com/zoesugg and enjoy a special discount on your first month.

Links below marked with a ""*"" are affiliate links - which means I receive a percentage of the revenue made from purchasing products through this link. This does not affect you as the consumer or the price of the product. It is also not a paid for promotion or a collaboration/advert with the brands featured. Anything featured below may have been sent by PR's, however I am never under any obligation to post & only talk about or use products I like & would naturally recommend --

M E N T I O N E D :
↠ *Camera: Canon Powershot V1 - https://amzn.to/3EyTHkj
↠ Traitors Reel - https://bit.ly/4lL0Ajp
↠ Last One Laughing on Amazon - https://www.amazon.co.uk/dp/B0DKK4V1YQ
↠ *Easter Lattice Canvas Metallic Fabric - Rifle Paper Co - https://bit.ly/3GiAJiv
↠ Marloweville Clothing - https://bit.ly/3GtH8Hr

S K I N  C A R E  &  M A K E  U P :
↠ *Liz Earle Cleanse & Polish - Boots - https://bit.ly/3Ev6ZOI [ad previous partner]
↠ *Paula's Choice Skin Perfecting 2% BHA Liquid Exfoliant - Cult Beauty - https://bit.ly/4jhVWHV
↠ *Paula's Choice 10% Azelaic Acid Booster - Cult Beauty - https://bit.ly/4lus9x4
↠ *Medik8 Hydr8 B5 Serum - Cult Beauty - https://bit.ly/44xbYch
↠ *Allies of Skin Peptides & Antioxidants Moisturiser - Cult Beauty - https://bit.ly/44vF37U
↠ *Erborian BB Crème - Cult Beauty - https://bit.ly/44378U8
↠ *Lasting Perfection Concealer - Collection - https://bit.ly/4iDKqpK [ad previous partner] 
↠ *Guerlain Terracotta The Bronzing Powder - Look Fantastic - https://bit.ly/3ECrk4D
↠ *Bourjois Little Round Pot Blusher - Amazon - https://bit.ly/3Y6DBVQ
↠ *MAC Mineralize Skinfinish Highlighter - Look Fantastic - https://bit.ly/4jF1mMH
↠ *MAC 168S Large Angled Contour Brush - Boots - https://bit.ly/3EvmPJe
↠ *Milk Makeup KUSH Fiber Brow Gel - Cult Beauty - https://bit.ly/3Gbu3CO
↠ *Anastasia Beverly Hills Dipbrow Pomade - Cult Beauty - https://bit.ly/43WbTi8
↠ *MAC Cosmetics Connect In Colour Eye Shadow Palette - Cult Beauty - https://bit.ly/44z6jlX
↠ *Ilia Limitless Lash Mascara - Space NK - https://bit.ly/3RpKPQR
↠ *Lancôme Lip Idole Butterglow - Look Fantastic - https://bit.ly/4cIW8NV

W E A R I N G :
⇢ *Light Blue Embroidered Lobster Tank - ASOS - https://bit.ly/42Jm2fV
⇢ *Leopard Print Jeans - Nobody's Child https://bit.ly/4lcFWbp [Similar]
⇢ *Black and White Gingham Chloe Jacket - Free People - https://bit.ly/3ZGFc5G
⇢ *Graphic T-Shirt - Ganni Via Flannels - https://bit.ly/4cBL70K
⇢ *Oura Ring - John Lewis - https://bit.ly/4fYFyu6",B1GjTeIqGxo,17820,2025-04-20T08:26:39.000Z,"[Zoe Sugg, vlog, Zoella, makeup, grwm, get ready with me, cosmetics, Nala, pug, weekly vlog, daily, vlogging, motherhood, baby, one year old, brighton, haul, lifestyle, life, Alfie deyes, deyes, ottilie, ottie, summer, vlogust, vlogmas, two year old, toddler, daughter, garden, august, chatty, baking, family, birthday, 35th, traitors, vegetable, novie, joe, easter, skincare]","Updated Beauty Routines, Easter Making & Traitors Birthday",https://www.youtube.com/watch?v=B1GjTeIqGxo,408962
people_blogs,22,Nely Cuevas,145,US,"Let me know somethings you guys would to see!
CHECK OUT COUPERT! 
https://www.coupert.com/join-coupert?ref=nelycuevas-157335488176192&m=youtube&c=video&a=1]
https://www.coupert.com/join-coupert?ref=nelycuevas-1743004800&m=youtube

like and subscribe 💕 

TikTok-nely_cuevassss
Instagram-nely_cuevass
Business-nely@outloudtalent.com

P.O. BOX : 9451 A Central Ave #130 Monclair Ca 91763

Editing Software- Final Cut Pro
Camera-Sony ZV1",IDG3Lw44g_w,5349,2025-04-18T23:30:04.000Z,,MY 17TH BIRTHDAY CHRONICLES! | getting waxed for the FIRST time + dying my hair + nails + lashes,https://www.youtube.com/watch?v=IDG3Lw44g_w,131552
people_blogs,20,Destiny Sidwell,412,US,"you're confused? I'm confused.. 




hope you guys enjoyed todays video 🐾 

what i’m doing when i’m not posting on YouTube 
patreon 🥭https://patreon.com/destinysidwell?utm_medium=unknown&utm_source=join_link&utm_campaign=creatorshare_creator&utm_content=copyLink
bookstagram 🥝 https://instagram.com/whatsdesreading?igshid=OGQ5ZDc2ODk2ZA==
instagram 🍒  https://instagram.com/des.sidster?igshid=MmIzYWVlNDQ5Yg==
tik tok 🍓 https://www.tiktok.com/@des.sidster?_t=8caIjjUgYh9&_r=1
podcast 🍊 https://open.spotify.com/show/1eYmQ9azOF2tQ0JrbIqQcb?si=_yYx73XDRq6WzShUZZwEXA
podcast insta 🍉 https://instagram.com/bookmarkdpod?igshid=OGQ5ZDc2ODk2ZA==
podcast youtube 🍋 https://youtube.com/@bookmarkdpod
pinterest 🍇 https://pin.it/3G4W8Ys
book pinterest 🫐 https://pin.it/5TvZBJx
good reads 🥥 https://www.goodreads.com/user/show/128034500
spotify 🥑 https://spotify.link/UzN4qI6TWDb
Twitch 🍬 https://www.twitch.tv/dessidwell/videos

business inquiries 💌 contact@tablerock.com 


JOIN MY BOOK CLUB DISCORD 🍍

https://discord.gg/jCuUUjZu5m

I DO NOT OWN ANY MUSIC USED IN THIS VIDEO 


My music 🎧 https://www.epidemicsound.com/playlist/0w91jt19uxuy8um63zmf8741ebwfyjbt",HYvhPvtUZfk,6118,2025-04-22T13:22:53.000Z,,I moved... again. | moving across country vlog 📦🚚,https://www.youtube.com/watch?v=HYvhPvtUZfk,81794
people_blogs,22,The Beeston Fam,462,US,"We couldn't stay in the cold any longer. It feels so good to be back where everything started! 

We love you all! Thanks for being here :) 

Follow the journey...

Sarah's Insta: @sarah_bee
Derik's Insta: @derikbeeston
Tiktok: @sarbeeston / @derikbeeston

#thebeestonfam #sarahandderik",8yWTFgWY6-Y,8662,2025-04-19T22:32:10.000Z,"[the beeston family, sarbeeston, sarahbee, sarah beeston, derik beeston, beestons, beeston fam, pregnant, husband and wife, reaction, young married couples, family, sarah and derik, travel, hawaii, flying with kids, relatable, wholesome]",Leaving Utah…,https://www.youtube.com/watch?v=8yWTFgWY6-Y,136055
people_blogs,24,"XO, MaCenna Vlogs",394,US,"Get 40% off your first Hungryroot box PLUS get a free item of your choice in every box for life with code MACENNA at https://bit.ly/3QsuNoP 

Turn on your post notifications so you don't miss any uploads!

WATCH the Shower Makeover // https://youtu.be/R4RoCpDFf9Q 
Watch the last vlog // https://youtu.be/vC_HDYun7yo 

Click Here To SUBSCRIBE: https://bit.ly/xomacennavlogs-subscribe 
Follow Me on INSTAGRAM: @xomacenna
My DIY & HOME DECOR Channel:  @XOMaCenna 
⋯⋯⋯⋯⋯⋯⋯⋯⋯⋯⋯⋯⋯⋯⋯⋯⋯⋯
SHOP
✶ Auden Lueur Candles: https://www.audenlueur.com/ 
✶ Amazon Store Front: https://www.amazon.com/shop/xomacenna 
✶ TwoPages Curtains (15% OFF code XOMACENNA): https://twopagescurtains.com/WR11FbqMAWLk7x
✶ Fable Dinnerware (10% OFF code XOMACENNA): https://glnk.io/4y0x/xomacenna
✶ Our Place Cookware https://glnk.io/r5y0n/xomacenna
✶ Mom’s Art Shop: https://bit.ly/3kBzy2V 
✶ Print art at The Stackhouse (20% OFF code XOMACENNA): https://thestackhouse.com/XOMACENNA

Some links may be affiliate links!
⋯⋯⋯⋯⋯⋯⋯⋯⋯⋯⋯⋯⋯⋯⋯⋯⋯⋯
Follow me on:
✶ Instagram @xomacenna
✶ Pinterest @xomacenna
✶ TikTok @xomacenna
✶ Blog // https://bit.ly/xomacennablog 
✶ Facebook @xomacenna
⋯⋯⋯⋯⋯⋯⋯⋯⋯⋯⋯⋯⋯⋯⋯⋯⋯⋯
✶ BUSINESS INQUIRIES ONLY: xomacenna@select.co
⋯⋯⋯⋯⋯⋯⋯⋯⋯⋯⋯⋯⋯⋯⋯⋯⋯⋯",qOXgXFEbZPY,10971,2025-04-21T20:03:49.000Z,"[vlogger, xo macenna, macenna diy, macenna vlogs, lifestyle vlogger, day in the life, mckenna, kinsley, romeo and macenna, romeo, macenna lee]",COTTAGE DIARIES | cleaning up my DIY mess & starting my next project!,https://www.youtube.com/watch?v=qOXgXFEbZPY,110466
people_blogs,22,Amberlynn Reid,1453,US,"thanks for watching xoxo 

don't forget to join my memberships so you can have full access to my weekly 2 hour livestream! 😇💞✨ https://www.youtube.com/channel/UCW5ncBWqvyyUYo1evh1iFCA/join

Cameo: https://v.cameo.com/e/zZY7bZucwyb

Instagram: hectic.ambie

TikTok: rarityycat

Come play Dice Dreams with me! (NOT sponsored, I just get some extra dice rolls lol) https://join.dicedreams.com/i?rr=7pmhc709",hW_fjPlLa68,959,2025-04-21T17:00:53.000Z,,"my mom is suing me, shocking torrid try on haul, & meeting new people | weekly vlog ep. 5",https://www.youtube.com/watch?v=hW_fjPlLa68,45656
people_blogs,22,Jathaly,502,US,"!!!!!! WELCOME TO JATHALY !!!!!

Our solo channels 🎥
Nathaly: https://www.youtube.com/ ⁨@NathalyCuevas  
Jacob:  https://www.youtube.com/ ⁨@JacobMacias⁩  

Instagram: 
Nathaly: https://www.instagram.com/nathalyycuevas
Jacob: https://www.instagram.com/jacobmacias_

For Business: Jathaly@outloudtalent.com

Make sure to subscribe and click that LIKE 👍 button !

WE LOVE YOU GUYS ❤️",Z4ReVnmOmKI,5762,2025-04-17T03:49:46.000Z,"[japan vlog, convenience food in japan, japan 7/11, going to 7/11 in japan]",EATING ONLY CONVENIENCE FOOD IN JAPAN FOR 24HRS,https://www.youtube.com/watch?v=Z4ReVnmOmKI,157658
people_blogs,22,Natalie Zacek,128,US,"Thank you so much to hungryroot for sponsoring this video! Get 40% off your first Hungryroot box PLUS get a free item of your choice in every box for life with code NATALIEZ at https://bit.ly/42fsM64

All my fits on LTK: https://www.shopltk.com/explore/nataliezacek

My amazon storefront:  https://www.amazon.com/shop/nataliezacek?ref_=cm_sw_r_apin_aipsfshop_aipsfnataliezacek_4A03RRCSGXV4FBNRG7BD

follow along with me on:

Insta: https://www.instagram.com/nataliezacek/
TikTok: https://vm.tiktok.com/34TQUg/
Pinterest: https://www.pinterest.com/nataliezacek/
VSCO: https://vsco.co/nataliezacek/gallery",RuLc0t2oxAw,2012,2025-04-20T14:02:36.000Z,,spend the day with me *how I get out of a funk*,https://www.youtube.com/watch?v=RuLc0t2oxAw,54194
people_blogs,22,Evelyn Ha,753,US,"i'm the best sister ever ✨
Socials: 
TT ://www.tiktok.com/@hjevelyn?_t=ZT-8unlHevk3Pq&_r=1
IG http://instagram.com/hjevelyn",2hAmqp5387U,27209,2025-04-15T12:00:12.000Z,"[hjevelyn, ha sisters, Evelyn ha, New York City vlog, nyc influencer, lifestyle vlog]",I Took My Sister on a Romantic Trip to Italy!!,https://www.youtube.com/watch?v=2hAmqp5387U,627705
people_blogs,22,mariajessica y tommy ,169,US,"Hola Inspiradores, muchas gracias por ver este video ! 

Aquí les dejo mis redes sociales me encantaría verlos por allá 🫶🏻se bañan 
Facebook:  https://www.facebook.com/mariajessicavega?mibextid=LQQJ4d
TiKToK: https://www.tiktok.com/@mariajessica16?_t=8XnUbsEERO2&_r=1
Instagram: https://www.instagram.com/reel/Clb_m4xg6BZ/?igshid=YWJhMjlhZTc=

Tienda online mariajessica: https://inspiredbyjess.com/elephantproducts",9upPK0M-KoE,20043,2025-04-19T23:12:06.000Z,,Visitando a mi Familia!,https://www.youtube.com/watch?v=9upPK0M-KoE,174460
people_blogs,26,Mia Maples,1639,US,"Today we are doing the annual closet clear out!
✨Charity Closet Sale HERE: https://miamaplesmarket.com/
Hope you enjoyed, Subscribe to be notified when I post! 🍓

OTHER VIDEOS u might like: 🌷✨
Last closet clear out: https://youtu.be/4V5ZzhVFm44?si=Rbw0fCj9MCCBCF3T
last last closet clear out: https://youtu.be/PnUmXCo0Pl4?si=1agz5cE0crZAIJO0
last last last closet clear out: https://www.youtube.com/watch?v=pGb10LWONi8&t=1326s

My Socials & fun stuff: 🧸
Ethical Sweatpants Sets: https://mfraise.com/
Instagram https://www.instagram.com/miamaples/
Tiktok https://www.tiktok.com/@realiomiamaples

🧶My Sewing Supplies: https://miamaplesmarket.com/blogs/mias-blog/my-sewing-blog
📷My Filming Set-up: https://miamaplesmarket.com/blogs/mias-blog/filming-gear-guide

Thank you so much for being here and watching!
I really hope you enjoyed! 💗

#miamaples #closet #declutter",g3N-LvrBlDc,38842,2025-04-11T18:00:44.000Z,"[mia maples, clearing out my closet, trying on everything in my closet, cleaning my closet, closet tour, spring cleaning, clean with me, organize with me, turning three closets into one, downsizing my closet, building a new closet, ikea closet build, closet clean out, my closet is a mess, cleaning out all my closets, cleaning out my closets, fashion, beauty, tutorial, decluttering my life, try on, donate, haul, sell, declutter, decluttering my closet]",Decluttering 10 Years Worth of Clothes HOARDING,https://www.youtube.com/watch?v=g3N-LvrBlDc,777937
people_blogs,22,noelle kate,430,US,"hi guys!! in today's video, I will be taking you guys along with me during the first half of spring break!! this vlog is so much fun and i can't wait to share the second half of spring break with u soon!! -Noelle 

❤️‍🔥social medias:
tiktok- thenoellekate
instagram- thenoellekate
pinterest-noellekatee

🎶i dont own any of the music used!

🪩sub count: 544k",xBKmg7MHEJY,3763,2025-04-19T23:00:06.000Z,,SPRING BREAK WEEKEND VLOG 🌞 *so fun*,https://www.youtube.com/watch?v=xBKmg7MHEJY,80077
people_blogs,22,Kat Clark,181,US,,1Z5AdJ4L758,22510,2025-04-19T01:00:57.000Z,,Santa Monica for the day with the family #vlog #boyfriend,https://www.youtube.com/watch?v=1Z5AdJ4L758,268659
people_blogs,24,Ruthi Family Vlogs,1080,US,"#vlogs #japon #mexicana #japoneses #vlogger #mexico #mexicana 

¡Aventuras de la Familia Japonesa - Mexicana!

Ahora si terminaron mas o menos con el jardín, les cuento sobre el tour 2025 y de como nos estamos llevando DSR ahora que estamos juntos, espero que les guste el video.

BUSSINES MAIL: ruthisanproject@gmail.com

MI CANAL PRINCIPAL SOBRE JAPON: https://www.youtube.com/channel/UCDxfRxL-xeKmJp_-H4gZo0A

CANAL DE YURI:
 https://www.youtube.com/channel/UCUa65A-Tk_iMbSFqgDhRpwQ

CANAL DE DSR: https://www.youtube.com/channel/UCX0EPCARgQfEq87MiSsn9Dw

No Olvides Seguirme en Mis Redes Sociales:
FACEBOOK: https://www.facebook.com/ruthisan/
TWITTER: https://twitter.com/SanRuti
INSTAGRAM: https://instagram.com/ruti_san/
INSTAGRAM DE DSR: https://instagram.com/pentax_ry/
CAMARA UTILIZADA: Canon G7X Mark II",mkA-fuuJzBg,15422,2025-04-22T13:01:24.000Z,"[ruthi san, Ruthi, Ruti, Mexicana, Japon, Familia en Japon, Mexicana en Japon, vlogs diarios, Vlogs, Japoneses, familia japonesa, vida en japon, esposo japones, corea, vivir en japon, mamá mexicana, mexicanos en japon, japonesa, familia mexicana, japan, vida diaria, dramas, entretenimiento, vlog, madre mexicana, chica japonesa, mama en japon, madre latina, niños mexicanos, novio japones, mexico, vida familiar, hijos, jardin, hogar, casa nueva, plantas, viaje a japon, tour, hack para plantas]",Estar JUNTOS No es tan DIFÍCIL aún 🤣 + Preparando COMIDA MEXICANA 🇲🇽 JAPÓN - Ruthi San ♡ 16-04-25,https://www.youtube.com/watch?v=mkA-fuuJzBg,200039
people_blogs,22,The Chateau Diaries,862,US,"If you'd like to check out our new kitchen products for yourself, please go to https://jarvisjanssen.com/

The Chateau Diaries Episode 813 ✨🏰✨

Escape to the chateau with ’The Chateau Diaries’ 🏰
This channel follows the adventures of chatelaine Stephanie in her French 16th century home, the Chateau de Lalande, in the heart of rural France ❤️ 
We share our life in this ancient chateau in the heart of the French countryside, and show you the diy, renovations, crafts, cooking and gardening that are needed to bring a home like this to life!

A very special thank you to all of you who have become Patrons of the Chateau de Lalande. You have made The Chateau Diaries one of the top 400 Patreon accounts in the world, and have transformed not only our lives here, but the future of this beautiful chateau! I’m overwhelmed by your kindness and generosity. On behalf of this beautiful chateau that will continue to survive and flourish because of you, thank you!!!

If you're interested in becoming a Patron of The Chateau Diaries, click here: https://www.patreon.com/thechateaudiaries 


#chateau #chateaudelalande #château #chateaudiy",0aIPHyNfX48,15667,2025-04-20T23:30:06.000Z,"[chateau de lalande, chateau diaries, chateau life, chateaux in france, chatelaine, dream chateau, escape to the chateau, escape to the chateau diy, french castles, french country home, french country house, french country living, historic house, life in a chateau, living in a castle today, living in a chateau, living in a french chateau, stately home, stephanie chateau, stephanie jarvis, the chateau diaries, escape to rural france, chaumont, chateau chaumont, chateau, easter]",Easter at Lalande and our Guests Arrive for our First Ever Easter Retreat!,https://www.youtube.com/watch?v=0aIPHyNfX48,125162
people_blogs,22,Lola Winters,209,US,,FsAC5TrxGXM,3626,2025-04-15T03:34:40.000Z,,GLOW HOUSE VLOG,https://www.youtube.com/watch?v=FsAC5TrxGXM,143938
people_blogs,26,Do It On A Dime,406,US,"🧵 The first 1,000 people to use my link will get a full year of Premium membership to Craftsy for only $1.49: https://go.craftsy.com/doitonadime8/

Hey, guys!  Today we are doing decor and organization from Dollar Tree! We are organizing the kitchen, bathroom, entryway, and so many more spots around the home. Plus an amazing DIY wreath dupe that will save you money and looks so elegant!  I hope you love these Dollar Tree ideas!

#doitonadime #diy #organization #decor 

💙 Door hinge cabinet - https://amzlink.to/az0CfsfNsUUBj
💙 Office rolling desk - https://homedepot.sjv.io/xk4Ke1

🛒 My shop: https://www.doitonadimeshop.com/

Want to save money shopping online?  These APPS ARE FREE! 
➡️ GET RAKUTEN (Cash back from all your favorite stores with discounts and get FREE MONEY after your first purchase using this link): https://www.rakuten.com/r/DOITON7
➡️ GET IBOTTA (Dollar Tree is on Ibotta with digital coupons): https://ibotta.com/r/onadime

➡️ MY AMAZON STORE: https://amzlink.to/az0sSxiiLA0Uw
➡️ Amazon Prime 30 day free trial: https://amzlink.to/az0j68CAf6QBY
➡️ Audible Plus 30 day free trial: https://amzlink.to/az0nlIixZt4B5

➡️  MY WALMART STORE: https://walmrt.us/3GQe0r5

➡️ GET DOLLAR TREE PRODUCTS: http://bit.ly/2CQEeH9

➡️ Cricut essentials: 
Cricut Joy https://cricut.pxf.io/kjED4n
Basic Tool Set https://cricut.pxf.io/Vy9z4a
Mixed materials https://cricut.pxf.io/Xxj014

📝 BLOG: http://www.doitonadime.com/

📘 FACEBOOK: http://www.facebook.com/DoItOnADime

📸 INSTAGRAM: http://instagram.com/doitonadime/

❤️ TIKTOK: https://www.tiktok.com/@doitonadimeofficial?lang=en

📌 PINTEREST: http://www.pinterest.com/doitonadime/

Write me at:
Kathryn ""Doitonadime""
P.O. Box 1436
Matthews, NC USA
28106-1436

Music licensed by Epidemic Sound.

FTC Disclaimer: This video was sponsored by Craftsy. This post also contains affiliate links and I earn a small commission if you make a purchase after clicking on my links. It doesn't cost you any extra. Thank you for your continued support to keep Do It On A Dime going!",UO5V1aZD2xc,13023,2025-04-15T16:52:17.000Z,"[doitonadime, home organization, home organizing, organizing tips, budget organization, dollar tree, cleaning, do it on a dime, clean with me, dollar tree hacks, dollar tree organization, dollar tree secrets, shop with me, 2024, diy]",✨BRAND NEW✨ Dollar Tree Organization & EASY Decor Ideas that are ACTUALLY worth it!,https://www.youtube.com/watch?v=UO5V1aZD2xc,166655
people_blogs,26,Danielle Marie Carolan,44,US,"a week in my life in new york city! enjoy! xoxo, dani. 
use code CDLXDANIELLECAROLAN for 10 off - Valid for 2 weeks! https://glnk.io/3xprm/candlelightxdaniellecarolan

For Business and Promotional Inquiries: 
danielle@rare.global

LTK:
https://www.shopltk.com/explore/daniellecarolan 

Amazon Storefront: 
https://www.amazon.com/shop/daniellemariecarolan 

GALS ON THE GO PODCAST: https://spoti.fi/2McNsGC
or on iTunes: https://apple.co/2KLMPOy  

GALS ON THE GO YOUTUBE: https://www.youtube.com/c/galsonthegopodcast

SHOP GALS ON THE GO MERCH HERE: https://www.galsonthegopodcast.com/



MY OFFICIAL LINKS
♥Instagram: https://www.instagram.com/daniellecarolan/
♥TikTok: https://www.tiktok.com/@danielle_carolan 
♥Twitter: https://twitter.com/daniellecarolan
♥Spotify: http://spoti.fi/1ikGBYv
♥Facebook: https://www.facebook.com/daniellemari...
♥Soundcloud: https://soundcloud.com/daniellecarolan
♥Pinterest: https://www.pinterest.com/danicarolan/

FTC: This video is sponsored by Candlelight Concerts",7Jdw3bxoXrs,982,2025-04-20T12:15:26.000Z,,a realistic week in my life in nyc,https://www.youtube.com/watch?v=7Jdw3bxoXrs,39846
people_blogs,22,AllyiahsFace,894,US,"Hi hoochies! Use code ""ALLYIAH"" for 25% off https://bit.ly/4jgX269

All URBAN REVIVO items in the video：https://bit.ly/4jgX269 

URBAN REVIVO Carrot Fit Pants：https://bit.ly/4jrwmQx 
URBAN REVIVO Charm Double Handle City Bags：https://bit.ly/3FVCTnQ 
URBAN REVIVO Button Up Skater Shirt：https://bit.ly/3FWxInM 
URBAN REVIVO Vegan Leather Shoulder Bags：https://bit.ly/3XKbagc 
URBAN REVIVO Litchi Embossed Vegan Leather Shoulder Bag：https://bit.ly/3XNmHvd 
URBAN REVIVO Chevron Skinny A-Line Dresses：https://bit.ly/3XQuvMB 
URBAN REVIVO V-Neck Knitted Cardigan：https://bit.ly/4iY8PGO 
URBAN REVIVO Printed Crew Neck Tank Top：https://bit.ly/4j3OSys 
URBAN REVIVO Skater Skinny Knitted Cardigan：https://bit.ly/4jlBG7F 
URBAN REVIVO Ruched Sleeveless U Neck Straight Dress：https://bit.ly/4joB3dS 
URBAN REVIVO Crochet Shoulder Bags：https://bit.ly/4joB3dS 

*this video was sponsored by urban revivo, however, all opinions are mine! I said what i said!*

my amazon storefront: https://www.amazon.com/shop/allyiahsface
current vlog camera set up: https://amzn.to/3EYMPZU

items shown in todays vlog:
yall it's 3am, imma fill this out tomorrow lol love you!
______________________________________________

                              ♡ F O L L O W    M Y    S O C I A L S ♡

◦ Instagram: https://instagram.com/allyiahsface/
◦ TikTok: https://www.tiktok.com/@allyiahsface
◦ Business contact: regina.harris@thedigitalbrandarchitects.com
______________________________________________________________________",R8VxyJjPOhE,10922,2025-04-13T22:32:16.000Z,"[AllyiahsFace, allyiahsface grwm, allyiahsface vlog, allyiahsface instagram, allyiahsface vlogmas, allyiahsface wig, allyiahsface hair, allyiahsface vlogs, weekly vlog, day in my life vlog, allyiahsface, a day in my life vlog, daily vlog, long vlog, a vlog, atlanta vlog, vlog, random vlogger, day in the life vlog, vlogging, daily vlogs, weekend vlog, vlogs, aesthetic vlog, a day in my life, dubai vlog, home decor vlog, girls night out, dating in dubai, living in dubai vlog]",weekly vlog | girls night out + dont be rude +charcuterie  boards + home pilates &more! allyiahsface,https://www.youtube.com/watch?v=R8VxyJjPOhE,211131
people_blogs,22,Briysufamilia,221,US,"¡Bienvenidos a mi nuevo hogar!🏡 🔑
Después de tanta espera… ¡ya tenemos apartamento! En este video te llevo conmigo a recorrerlo por primera vez completamente vacío. Cada rincón está lleno de sueños, planes y emoción por esta nueva etapa que comienza.
Este no es solo un lugar… es el inicio de algo muy especial.
¡Acompáñame en este tour por nuestro nuevo hogar antes de decorarlo!

SUSCRÍBETE y activa la 🔔 para no perderte nada

📲¡Sígueme en mis redes para más contenido
exclusivo!
💕IG: britneyst04
🟣Tiktok: idkbritney_
💙Faceb: briysufamila





















tour apartamento vacío, empty apartment tour, nuevo apartamento, me mudo con mi novio, tour nuevo hogar, mi primer apartamento, home tour 2025, mudanza vlog, tour apartamento aesthetic, nuevo comienzo, room tour español, decoración futura apartamento
#EmptyApartmentTour #NuevoHogar #TourApartamento #MeMude #HomeTour #VlogDeMudanza #MiPrimerDepa #ApartaVlog #AsíEmpiezaTodo #NuevoComienzo",WNi-FZCDiCg,5836,2025-04-16T23:00:06.000Z,,¡BIENVENIDOS a mi nuevo HOGAR!🔑🏡(PRIMER APARTAMENTO),https://www.youtube.com/watch?v=WNi-FZCDiCg,158860
people_blogs,22,Sierra & Stephen IRL,104,US,"shopping for stagecoach and bridal shower gifts, new running shoes, and taking the kids to disneyland! Get 40% off your first Hungryroot box PLUS get a free item of your choice in every box for life with code SSIRL at https://bit.ly/49Z128c Thanks to hungryroot for sponsoring this video!

Shop this vlog! (affiliate links)
denim shorts https://go.magik.ly/ml/2blj0/
croc sandals https://www.crocs.com/p/getaway-platform-h-strap/209409.html?cgid=women-footwear-platforms-wedges&cid=6UR
brooks running shoes https://go.magik.ly/ml/2bn96/
printed pajama set https://go.magik.ly/ml/2bsg9/

Our last vlog https://youtu.be/xD5hI5dHsv4

Follow Us!
Sierra’s Other Channel https://www.youtube.com/sierraschultzzie
Sierra’s Instagram https://www.instagram.com/schultzzie
Sierra's Tiktok https://www.tiktok.com/@schultzzie
Stephen’s Instagram https://www.instagram.com/stevoleeto/

This video was edited by Rachel Resnick

If you're reading this, go check if you're registered to vote!! https://www.vote.org/register-to-vote/

About Sierra and Stephen IRL
I’m Sierra Schultzzie and on this channel you'll find my husband Stephen & I sharing our daily life, navigating parenthood, finding adventures wherever we can, and of course some Disneyland trips (we did meet there, after all). After almost ten years of vlogging, we love that we still get to share our lives with you as we continue to grow and enter new phases of life.

shopping, new running shoes, + taking the kids to Disneyland!
https://youtu.be/qO_6oKxT14c",qO_6oKxT14c,1634,2025-04-21T16:01:18.000Z,"[sierra schultzzie, sierra schultzie, sierra and stephen, sierra schultzie vlog, sierra and stephen irl, vlog, schultzzie, sierra, pregnant, pregnancy, shop with me, stagecoach, stagecoach shopping, stagecoach outfits, disney, disneyland, disney vlog]","shopping, new running shoes, + taking the kids to Disneyland!",https://www.youtube.com/watch?v=qO_6oKxT14c,35845
people_blogs,22,Dasia Temia,127,US,,mInp9q3MmNs,12542,2025-04-16T23:11:40.000Z,,Come baby shopping with me for the last time for my baby boy 🥹 (full blog on my channel),https://www.youtube.com/watch?v=mInp9q3MmNs,163528
people_blogs,22,Kriss&Esme,2141,US,"🎒 GET READY WITH ME FOR THE FIRST DAY OF SCHOOL! ✨
It’s officially back-to-school season and I’m taking you along as I get ready for my first day of school! From my morning routine and outfit picks to makeup and everything in between — this is a full GRWM vlog you won’t want to miss.

💄 In This Video:

My realistic first day of school morning routine

How I do my back-to-school makeup look

Picking out the perfect first day of school outfit

Last-minute prep, backpack essentials, and more!

📝 Whether you're starting middle school, high school, or even college, this video will give you all the cozy vibes and inspo you need to slay your first day.

👉 Don’t forget to like, comment, and subscribe for more GRWM, vlogs, and school content every week!",TS9kNPzDVuA,8579,2025-04-12T22:00:22.000Z,,GET READY WITH ME FOR THE FIRST DAY OF SCHOOL *GRWM* (Vlog),https://www.youtube.com/watch?v=TS9kNPzDVuA,328351
people_blogs,22,Marcus Johnson,362,US,FIRST VLOG| GLOW HOUSE PARTY|,Kv1So4nRFM8,5219,2025-04-16T19:00:06.000Z,,LA VLOG,https://www.youtube.com/watch?v=Kv1So4nRFM8,105940
people_blogs,1,Forever Family Vlogs,48,US,"Inside the Crisis We're Facing Right Now

Amazon Storefront: https://www.amazon.com/shop/foreverfamilyvlogs



TIKTOK AND INSTAGRAM : @yailenysr
Business 📧:sisterforever@cesddigital.com",2R26xmuHjos,891,2025-04-22T18:00:03.000Z,"[Inside the Crisis We're Facing Right Now, this is not normal, forever family vlogs, sister forever, sister forever vlogs, daily vlogs, alisson is having a crisis, Emily is going back to cheer, long vlog s, alisson new hair, I don't like my new hair, I'm having a crisis]",Inside the Crisis We're Facing Right Now | VLOG#2025,https://www.youtube.com/watch?v=2R26xmuHjos,25706
people_blogs,22,JesssFam,282,US,"The fam gets ready for spring break, and boy oh boy is it complicated! Since all 7 kids have different school breaks this year, our schedule is a bit chaotic over the next week. I prep to take Addie to her last cheer comp (regional summit) in Phoenix, Arizona before plan on a mini Disney vacation 👀 We make addie's very first cheer pins, get an update on the twins TSA pre-check, watch Addie's very last local performance (with major progress), and I address all of the comments about Chris' closet! 

CONFUSED? HERE'S OUR STORY → https://www.youtube.com/watch?v=JSZcFe6WhV4
Shop our MERCH → https://teespring.com/stores/jesssfam
Just Jesss channel: https://www.youtube.com/channel/UCBZICDyoK5U_TQvElqt57eA

♡♡♡♡♡♡♡♡SOCIAL MEDIA♡♡♡♡♡♡♡♡

📷 INSTAGRAM
→ @JesssFam
📷 TIKTOK
→ https://vm.tiktok.com/sPUgjx/ 
📷 FACEBOOK
→  https://www.facebook.com/jesssfam/
📷 TWITTER
→@TheJesssFam

BUSINESS INQUIRIES: 
management@jesssfam.org

SHOP THIS VLOG: 
Amazon Storefront: https://amzlink.to/az04B42zRlfCS
→ Dance Mom must haves: https://amzlink.to/az0ZZu06kZfu8
→ Ring light: https://amzlink.to/az0G9RyDXPJfD
→ Memory card: https://amzlink.to/az0FzqZUGiSKI

♡♡♡♡♡♡♡♡FAN FAV VIDEOS♡♡♡♡♡♡♡♡

→ Surprising Lilia w/ Taylor Swift: https://bit.ly/2IItp16
→ Disneyland Vlogs: http://bit.ly/disneyvlogs
→ Hawaii Family Vlogs: https://www.youtube.com/watch?v=qUiVlfLOwYs&t=1s
→ 24 Hours Day in our Life: https://www.youtube.com/watch?v=5iItLrLr78A

Confused? LONG STORY SHORT:
My name is Jess! I had a daughter (Lilia) at age 18 w/ my high school sweetheart. We mutually split up & co-parent to this day. I met someone new, got married at age 19, had twin boys (Kyson & Kaden) and another son (Landen). He cheated, we split ways, and I want granted sole custody of the boys ever since. After juggling life as a single mom of 4 kids for some time, I met Chris, he had 2 sons, who eventually became my step sons. After Chris and I got married, we had our 7th child together, Addelyn. We’re one big, complicated, blended family & every second of our story is on YouTube, you can start from the beginning here: https://www.youtube.com/watch?v=oz91Pnzp6tg",3Pbk8RmZBWU,1740,2025-04-21T20:53:24.000Z,"[family, vlog, vloggers, daily, fam, mommy, home, california, vlogs, parent, blended, family vloggers, coparenting, blended family, lifestyle, disney vlogger]","7 kids, 3 schedules, and a WHOLE lot of *Spring Break* DRAMA! (explained)",https://www.youtube.com/watch?v=3Pbk8RmZBWU,36387
people_blogs,26,"XO, MaCenna",1479,US,"We’ve been making some major progress in our Cottage bathroom but little did I know this week I was about to tackle my most challenging DIY yet … THE SHOWER! 

LIKE, COMMENT & SUBSCRIBE below if you guys love DIYs just as much as I do!
❥ XO, MaCenna

Watch the last video // https://youtu.be/YzmOgTOx7qg 

Click Here To SUBSCRIBE: http://bit.ly/subscribe-xomacenna
Follow Me on INSTAGRAM: @xomacenna
VLOG Channel: @xomacennavlogs 

⋯⋯⋯⋯⋯⋯⋯⋯⋯⋯⋯⋯⋯⋯⋯⋯⋯⋯
SHOP
✶ Auden Lueur Candles: https://www.audenlueur.com/ 
✶ Amazon Store Front: https://www.amazon.com/shop/xomacenna 
✶ TwoPages Curtains (8% OFF code XOMACENNA): https://twopagescurtains.com/WR11FbqMAWLk7x 
✶ Fable Dinnerware (10% OFF code XOMACENNA): https://glnk.io/4y0x/xomacenna
✶ Mom’s Art Shop: https://bit.ly/3kBzy2V 
✶ Print art at The Stackhouse (25% OFF code XOMACENNA): https://thestackhouse.com/XOMACENNA

Some links may be affiliate links!
⋯⋯⋯⋯⋯⋯⋯⋯⋯⋯⋯⋯⋯⋯⋯⋯⋯⋯
Follow me on:
✶ Instagram @xomacenna
✶ Pinterest @xomacenna
✶ Blog // https://bit.ly/xomacennablog 
✶ Tiktok @xomacenna
✶ Facebook @xomacenna
⋯⋯⋯⋯⋯⋯⋯⋯⋯⋯⋯⋯⋯⋯⋯⋯⋯⋯
BUSINESS INQUIRIES ONLY: xomacenna@select.co
⋯⋯⋯⋯⋯⋯⋯⋯⋯⋯⋯⋯⋯⋯⋯⋯⋯⋯

FTC: This video is not sponsored",R4RoCpDFf9Q,19949,2025-04-16T23:07:56.000Z,"[diy, xo macenna, macenna lee, mckenna, home decor, interior design, bathroom design, cottage bathroom, diy bathroom, diy shower, how to install a shower, how to tile a shower]","DIY COTTAGE BATHROOM EP4 *Shower Design, Waterproofing & Tiling*",https://www.youtube.com/watch?v=R4RoCpDFf9Q,186592
people_blogs,22,Adelaines Camera Roll,130,US,"Yesterday's Vlog➜ 
Podcast Channel➜ http://www.youtube.com/adelainemorin
🌻Listen to my intro song 'Petty'🌻➜ https://vyd.co/Petty
🌻Amazon links🌻➜ https://www.amazon.com/shop/adelainemorin

- - - - - - - - - - - - - - - - - - - - - - - - - - - - - - - - - - - - - - - - - - - - - -

BECOME AN ADELANGEL!
🌻 I N S T A ➜ https://www.instagram.com/AdelaineMorin
🌻 T W I T T E R➜ https://twitter.com/AdelaineMorin
🌻 S N A P C H A T➜ https://www.snapchat.com/add/adelainemorin
🌻 T I K T O K➜ https://www.tiktok.com/@adelainemorin?lang=en

- - - - - - - - - - - - - - - - - - - - - - - - - - - - - - - - - - - - - - - - - - - - - -

For business inquiries please email my manager at: adelaine@mcavemedia.com

MY AMAZING TEAM:
Edit by Rosie Holloway: http://www.instagram.com/astrosiiee
Graphics by Dawn Lee: http://www.dawnleedesign.com
Music I use for YT videos: http://share.epidemicsound.com/shwwC
Digital Love by I'MIN 
Like That by dasloe
Strawberry Acai by I'MIN
MAKE SURE TO SMILE AT LEAST ONCE TODAY! xoxo",ROd_X5mcE0M,1587,2025-04-21T18:36:25.000Z,"[adelaine morin, vlog, adelaine, 2025, Coachella, Music festival]","COACHELLA 2025 VLOG!!🎡🏜️🎶 Viral $1,000 Nobu Dinner, Celebrities, Parties, Outfits & More!!",https://www.youtube.com/watch?v=ROd_X5mcE0M,41683
people_blogs,24,Tara Michelle,108,US,"WEEK IN MY LIFE (spring edition!!)! a pretty regular monday-friday in the city! worked out, made some healthy food & yummy recipes, saw some friends & family, and got some new cute clothes for spring!!

HELLO EVERYONE!! I post 2x a week (typically Tuesday & Friday) and you should def subscribe to join the fun! Turn on your post notifications so you don't miss any uploads!

Watch the last vlog! // https://youtu.be/okvbkRBbJ-U
SHOP MY (everything)! https://shopmy.us/imtaramichelle
⋯⋯⋯⋯⋯⋯⋯⋯⋯⋯⋯⋯⋯⋯⋯⋯⋯⋯
REVOLVE ITEMS:
Black one shoulder top - https://rvlv.me/y6xkmb
White off the shoulder top - https://rvlv.me/h46x34
Grey off the shoulder top - https://rvlv.me/ples64
White knit tank - https://rvlv.me/ycmk4w
Blue dress - https://rvlv.me/ztvig6
Black dress - https://rvlv.me/yg1wsy
Red dress - https://rvlv.me/3jr06b
Black polka dot dress - https://rvlv.me/rjldi9
Floral dress - https://rvlv.me/5og1zk
⋯⋯⋯⋯⋯⋯⋯⋯⋯⋯⋯⋯⋯⋯⋯⋯⋯⋯
『 SOCIALS 』
Instagram ▻ https://www.instagram.com/imtaramichelle/
Tiktok ▻ @imtaramichelle
GoodReads ▻ https://www.goodreads.com/user/show/150299760-tara-massicotte
Snapchat ▻ https://t.snapchat.com/rCqhb4jN
⋯⋯⋯⋯⋯⋯⋯⋯⋯⋯⋯⋯⋯⋯⋯⋯⋯⋯
⋆ Business inquiries ▻ taramassicotte@mac.com CC TaraMichelle@select.co
Some links may be affiliate links!
⋯⋯⋯⋯⋯⋯⋯⋯⋯⋯⋯⋯⋯⋯⋯⋯⋯⋯
『 SHOP 』
⋆ REVOLVE FAVES: https://rvlv.me/Su24Jc?navsrc=share_mylist
⋆ AMAZON STOREFRONT: https://www.amazon.com/shop/imtaramichelle?ref=cm_sw_em_r_inf_own_imtaramichelle_dp_k0UiqI7ONWGSn
⋆ $50 ride credit with Lyft: https://www.lyft.com/i/TARA611554?utm_medium=p2pi_iacc 
⋆ $30 off your groceries with Instacart! ▻ https://inst.cr/t/1997357f3 or code  TARAM1DE6B
⋆ Copyright free music! https://www.epidemicsound.com/referral/tedq9v/
⋯⋯⋯⋯⋯⋯⋯⋯⋯⋯⋯⋯⋯⋯⋯⋯⋯⋯
PS if you’re reading this, comment “sneaky fam!!!!!!”",lgzasvgNGn0,1872,2025-04-22T16:01:13.000Z,"[imtaramichelle, tara Michelle, routine, moving vlogs, lifestyle vlog, daily vlog, day in my life vlog, week in my life vlog, weekly vlog, Tara Michelle vlogs]","WEEK IN MY LIFE vlog: spring clothing hauls, meal prep + healthy recipes!",https://www.youtube.com/watch?v=lgzasvgNGn0,30419
people_blogs,24,Colleen Vlogs,356,US,"Donate to the Skye Strong Foundation! - https://www.skyestrongfoundation.org/donate

S.A.S.S. Podcast! - https://www.patreon.com/c/SweetAndSaltySisters

Podcast channel - https://www.youtube.com/@relaxwithcolleenanderik7764
Instagram - https://www.instagram.com/colleen/ 
TikTok - https://www.tiktok.com/@colleen
Main Channel - https://www.youtube.com/psychosoprano

Stuff I like From Amazon - https://tinyurl.com/e4e3x669
*I make a small commission from Amazon if you use this link*

Colleen Ballinger is dedicated to creating a safe, inclusive, positive space online and bullying will not be tolerated. Thank you!",VevsyFBZdP0,2263,2025-04-21T23:17:08.000Z,"[colleen, ballinger, colleen ballinger, miranda, sings, miranda sings, no lipstick, without lipstick, baby, mom, mother, blog, vlog, vlogging, vlogger, life, lifestyle, comedy, fun]","Crying about my Mom, Feeling Frustrated, & Easter prep!",https://www.youtube.com/watch?v=VevsyFBZdP0,37241
people_blogs,26,Amber Alexander,236,US,"this is our lives. suscrib for more amazing content.@urmomashley @_andrewalexander_ @BeautifulTwinSistersPod 

ALSOOO NEW NAMI strawberry matcha avail May 1st (April 30th for matcha mob) 
https://namimatcha.com/🍓🍵

MY SOCIALS: 
✰ INSTA https://www.instagram.com/_amberalexander 
✰ TIKTOK - https://www.tiktok.com/@amberyeet
✰ SPOTIFY https://open.spotify.com/user/amberalexanderr

I get all the copyright free music in my videos from epidemic sound!!
https://share.epidemicsound.com/qkblho
and I film on a Sony a7c camera (https://amzn.to/4cxrKp7) with a sony ziess 16-70mm lens (https://amzn.to/43Bmeh6)

if u see this, comment RIP my bush",SSKbDQq8F4I,6444,2025-04-20T19:59:48.000Z,"[ur mom ashley, ur mom ashley sister, ur mom ashley brother, ur mom ashley boyfriend, amber alexander, andrew alexander, amber alexander boyfriend, ur mom ashley nyc, amber alexander nyc, amber alexander new york, day in my life, ur mom ashley siblings, living in NYC, moving to nyc, evelyn ha, hj evelyn, ha sisters, nyc apartment tour, kalogeras sisters, sturniolo triplets, andrew alexander jungkook, roommate story, ur moms house, siblings, triplets, slushy noobz]",what it's REALLY like living with ur siblings,https://www.youtube.com/watch?v=SSKbDQq8F4I,104028
people_blogs,19,The Endless Adventure,248,US,"We found one of the most ADORABLE small towns in California! Julian is home to world famous apple pie, delicious cider and insane views 😍 Thanks to Turo for sponsoring today's adventure! Head to https://turo.yt.link/LK6NDIH to rent through Turo!

PREVIOUS VIDEO: Our Tiny Cabin Build is CANCELLED! - Eric Got Really Hurt 😳 https://youtu.be/Vcygv-puQIg

★  ACCESS SECRET VIDEOS & PERKS! ★ 
Supporters get access to never before seen vlogs and more! ► http://bit.ly/tea-patreon

★ MERCH  ★
Get Your T.E.A. Merch!! http://store.theendlessadventure.com

★ MUSIC ★
Access Thousands of FREE Songs for YOUR VIDEOS with Epidemic Sound! http://share.epidemicsound.com/lTZRW

== OUR FILMING GEAR ==
★ Camera - https://amzn.to/3lcXF52
★ Lens - https://amzn.to/3WbgHKl
★ Microphone - https://amzn.to/2KYEMCi
★ Drone - https://amzn.to/3gQqANb
★ GoPro Hero 10 https://amzn.to/3MgT51f
★ Camera Belt Clip - https://amzn.to/2umw0DU
★ Large Tripod - https://amzn.to/34BYvye
★ Small Tripod - https://amzn.to/2u5iZ24

BROWSE ALL OF OUR GEAR ► http://bit.ly/tea-travel-gear

Above are affiliate links which means we receive a percentage of the revenue made from purchasing products via those links.

== Follow Us ==
❤ Twitter - http://twitter.com/the_endless_a
❤ Facebook - https://www.facebook.com/TheEndlessAdventurers/
❤ Instagram - http://instagram.com/theendlessadventure
❤ Travel Blog - http://theendlessadventure.co

== About Us ==
We're Eric & Allison and we're on a journey to find the most interesting places and unique foods this planet has to offer! We've traded in our steady paychecks and permanent home for a life of travel and adventure. Come along and see the world with us!",6FQpiteGj8I,4454,2025-04-22T14:43:18.000Z,"[The Endless Adventure, Eric Bieller, Allison Bieller, julian, california, small town, world's best pie, julian apple pie, julian california, julian pie company, julian california apple pie, san diego, apple pie, southern california, mountain town]","This Town is California’s HIDDEN GEM! 😍 Exploring JULIAN! - Delicious Pie, Insane Nature & WOLVES",https://www.youtube.com/watch?v=6FQpiteGj8I,41458
people_blogs,19,Nicki Positano,917,US,"More info on Casa Buonacore here: https://www.casabuonocore.com/

POSITANO DIARIES & HELLO EVERYWHERE T SHIRTS for sale here: https://positanodiaries.teemill.com/collection/everthing/

Want more of life in Positano? Follow me on Instagram for daily Stories @NickiPositano

My novel  A Boatful of Lemons is available on Amazon worldwide and currently free on Kindle Unlimited:
Amazon US here: https://a.co/d/hCGJmVv
Amazon UK here: https://amzn.eu/d/fTXVQOY
Amazon Australia: https://amzn.asia/d/gTBvZ4v
Amazon Canada: https://a.co/d/hMc1m4e

My recipe and story Ebook is available to purchase here, as is my guide to Positano with info on how to get here, where to stay, what to eat and what to do: https://positanodiaries.com/our-positano-cookbook

Join my Patreon to receive extra weeekly videos, chats and blog posts here:
https://www.patreon.com/nickipositano

All music from Epidemic Sound
End screen/subscribe button and lower third graphics were designed by Video Editor Alex Ransome at vimeo.com/alexransome and on Twitter @aransomenote 

#travel #positano  #vlog #travelvlog #italy 

Thanks for watching the video I'm Inspired by the Decor of this Positano Boutique Hotel!",pwIpdG5yobI,11495,2025-04-20T15:30:21.000Z,"[travel tips, Amalfi coast, Europe, Europe travel, Europe travel vlog, vlog, travel vlogger, vacation, explore, lifestyle, lifestyle vlog, travel channel, travel vlogs, vlogger, slow living, vlogs, life in Italy, Italy vlog, simple life, homesteading, travel video, destination, positano, amalfi coast italy, Amalifi coast vlog, Positano vlog, The Positano Diaries, nicki positano, casa buonacore positano, boutique hotel tour, positano hotel, dog walk with me, positano walking tour]",I'M INSPIRED BY THE DECOR OF THIS POSITANO BOUTIQUE HOTEL!,https://www.youtube.com/watch?v=pwIpdG5yobI,97774
people_blogs,26,Anne of All Trades,705,US,"There are far better and cheaper ways to grow fruit trees...Your next chapter starts today. Get 10% off your first month of BetterHelp online therapy: https://betterhelp.com/anneofalltrades (Sponsored by BetterHelp)
********************************

Use code ANNEOFALLTRADES for 15% off Redmond products!
https://shop.redmondagriculture.com/discount/ANNEOFALLTRADES?rfsn=7896007.f371576

0:00 Intro
1:05 Bad Option - Potted fruit trees
4:10 Better Option - Bare root fruit trees
4:54 Best Option - Seeds, grafting & experiments!
6:12 Muscadine grape vines
8:05 Grafting male and female kiwis together
8:34 Fig madness!
10:05 a quick word from our sponsor
11:26 The world’s most famous peach tree
14:06 Tour of Propagation City
16:11 How to graft, the easy way
18:55 The moral of the story

Click here to support on Patreon: https://www.patreon.com/anneofalltrades

MORE ABOUT ME

I'm Anne of All Trades. In NASHVILLE, I have a woodworking, blacksmithing and fabrication shop, a selection of furry friends, and an organic farm. Whether you've got the knowledge, tools, time or space to do the things you've always wanted to do, everything is ""figureoutable."" 

I became ""Anne of All Trades"" out of necessity. With no background in farming or making things, I wanted to learn to raise my own food, fix things when they break and build the things I need. 

12 years ago I got my first pet, planted my first seed and picked up my first tool. 

My goal is to learn and share traditional techniques and skills while showing my peers how to get from where they are to where they want to go, how to do the things they are passionate about, and what can be done TODAY to engage their own community and grow deep roots. 

Whether it's carving spoons, making my own hand tools, restoring my antique truck or growing heirloom tomatoes, the farm and workshop definitely keep me busy and support - whether financially through Patreon, through shopping my affiliate links, through buying merchandise, plans or project videos, or even just liking, commenting, and sharing my content with others helps me GREATLY to keep producing quality content to share.

Get a better roadmap of how to grow deep roots and live the life you want by subscribing to this channel and be sure to check out my blog for even more info https://anneofalltrades.com

********************************

Some of the links below are affiliate links, which means by clicking and shopping through these links, I might earn a commission, at no additional cost to you - which is a great way you can help the creation of more free content just like this. Your time and attention mean the world to me. I know you work hard, and I'm careful to only share brands and products that I FULLY support. Keep being awesome!

Help Support this project and others! 
Patreon - https://www.patreon.com/anneofalltrades
Merchandise - https://teespring.com/stores/anne-of-all-trades
Project Plans - https://www.anneofalltrades.com/project-plans
Courses - https://www.anneofalltrades.com/downloadable-classes
My Amazon Store - Shop all my favorite items from business-building books and resources to tools I use in the shop, to products I use around the farm! https://www.amazon.com/shop/anneofalltrades
Anne's Favorites - https://bit.ly/31RmUkM

Other places you can find me:
My website - https://anneofalltrades.com
Instagram - https://instagram.com/anneofalltrades
Facebook - https://facebook.com/anneofalltrades
Pinterest - https://pinterest.com/anneofalltrades
Twitter -  https://www.twitter.com/anneofalltrades

For brand inquiries, please reach to anneofalltrades@influint.co",l5EBlpXgEpY,8228,2025-04-16T15:05:50.000Z,"[anne of all trades, fruit trees, gardening, garden, gardening tips, plum tree, peach tree, arborist, tree planting, fruit tree planting, tree planting mistakes, potted fruit trees, propogation, fruit tree propagation, grafting fruit trees, grafting fruit trees to rootstock, fruit tree grafting, zone 7b gardening, nashville garden]",Potted Fruit Trees Are a Ripoff.,https://www.youtube.com/watch?v=l5EBlpXgEpY,183463
people_blogs,22,Alfie Deyes Vlogs,279,US,"► Zoe's Secret Garden Surprise For The Girls
•⁠  ⁠Ad • Subscribe now and get 5 Travel Packs, Vitamin D3 + K2 bottle, a Welcome Kit & the AG1 Morning Person Cap for FREE with your first subscription. Go to https://drinkag1.com/alfiedeyes
----------------------------------------­­­­­­­----------------------------------­-­-­-­
• Sign up for the new FS Jumper • 
https://futureselfshop.com/pages/the-future-self-birthday-jumper
----------------------------------------­­­­­­­----------------------------------­-­-­-­
My Instagram • https://instagram.com/AlfieDeyes
----------------------------------------­­­­­­­----------------------------------­-­-­-­-
• Music •
Epidemic Sound 
http://www.davidcuttermusic.com
@dcuttermusic
----------------------------------------­­­­­­­----------------------------------­-­-­-­-
• Contact • Enquiries@AlfieDeyes.com
----------------------------------------­­­­­­­----------------------------------­-­-­-­-­-",GjrVrutODsI,8445,2025-04-20T08:53:55.000Z,"[daily, vlog, zoe, sugg, nala, cute, couple, zalfie, baby, pregnant, pregnancy, girl, daughter, house, garden, summer, alfie, deyes, dad, novie, vegetable, patch, renovation, cooking, surprise, present, easter]",Zoe's Secret Garden Surprise For The Girls,https://www.youtube.com/watch?v=GjrVrutODsI,178284
people_blogs,22,Greta Wilson,47,US,"27!!!! Can’t believe it, I became a mom this year and it truly changed my life! So thankful for you all I love you so much! Thank you for supporting me for many birthdays 😭🫶🏼

Short bday dress: https://liketk.it/5bsfG
Skirt + sparkly top: https://liketk.it/5b83e",vvLueHzF2dM,1334,2025-04-20T14:01:21.000Z,,"BIRTHDAY VLOG: best friends flew in to surprise me, beach day, & date night 💘",https://www.youtube.com/watch?v=vvLueHzF2dM,33372
people_blogs,26,Beatrice Caruso,299,US,"Anxiety deserves support. 85% of BetterHelp therapists have strong expertise in anxiety. Click https://betterhelp.com/beatrice for a discount on your first month of therapy. (Sponsored by BetterHelp)

THANK YOU FOR WATCHING!

Links:
Chicken Coop Sand Article- https://www.thefeatherbrain.com/blog/sand-chicken-coop-bedding",aVMLyy7-i1c,4822,2025-04-21T18:54:32.000Z,"[weight loss journey, natural weight loss, weight loss 2025, beatrice Caruso, keto for mental health, keto for weight loss, pcos weight loss, pcos, lose fat]",The One Where My Grundle May Never Fully Recover...|| WEIGH IN VLOG,https://www.youtube.com/watch?v=aVMLyy7-i1c,44333
people_blogs,22,LenaLifts,845,US,"join the waitlist for Cove 🤍 ( *limited spots so sign up ASAP 💫* )
https://www.cove.so

follow me on insta✨:
https://www.instagram.com/lenaliftsx/?hl=en

my guided journals are NOW AVAILABLE in matcha green 🍵: https://www.thedaybyday.co 

get youngLAforher workout clothes here🫶: (use code LENAYEO to save $$)
https://www.youngla.com/collections/new-launch-for-her

follow the day by day insta📝:
https://www.instagram.com/thedaybydayco/?hl=en

all products i mentioned on my amazon SF 🔗: (under 'apartment decor')
https://www.amazon.com/shop/lenalifts/list/1YMTSB28LSQMJ?ref_=aipsflist

join my FREE community of other likeminded self improvement girlies 💓: https://www.skool.com/daybydayclub

for business inquiries ONLY✨
contact: lenalifts@select.co

#movingvlog #nyc #apartmenttour

tags~
apartment hunting, nyc apartment, nyc apartment tour, nyc vlog, new york apartment, new york city apartment tour, healthy lifestyle, how to start 2025, new year goals,  2025 goals, how to glow up, motivation, how to change your life, how to become unrecognizable, mid year reset, how to stop feeling stuck, how to transform, 6 months, how to change in 6 months, 2024 goals, how to exit your lazy era, how to exit lazy girl era, how to be productive, how to start the year, ultimate guide for 2024, how to have the best year, new years goals, motivation, ultimate guide to change your life, how to be healthy, how to get motivation, how to be productive, healthy habits, how to get motivation, trying healthy habits, how to change your life, how to get out of a slump, getting out of a slump, how to be confident, how to be that girl, how to be productive at home, how to become that girl, how to glo up, how to start working out, how to glow up, weekly reset, getting my life together, new year motivation, productive days in my life, that girl routine, living alone diaries, productive routine, my routine, 5am morning routine, productive morning routine, productive morning routine 5am, realistic morning routine, gym morning routine, getting out of a slump, how i get motivated, ultimate reset guide, ultimate reset routine, glow up aesthetic, workout motivation, workout with me, journaling, healthy habits, healthy morning routine, how to get out of a slump, getting out of a slump, reset routine, reset vlog, reset day in my life,, week of workouts, grwm gym, what i eat in a day healthy, resetting, reset sunday routine, reset morning routine, realistic routine, realistic day in my life, nyc apartment, nyc apartment tour, living in nyc, living alone, living alone in nyc, living alone diaries, weekly vlog, aesthetic routine, motivation tips, motivation hacks, healthy hacks",zKkcScKHfOE,7597,2025-04-20T18:19:09.000Z,,"moving to my DREAM NYC apartment pt 3🏠🔑 decorating my bedroom, furniture shopping, & more!",https://www.youtube.com/watch?v=zKkcScKHfOE,99558
people_blogs,22,KKandbabyJ,112,US,"🎀finds items I mention in the vlog to shop here:
https://linktr.ee/kerenswan

🧸follow us on IG:
www.instagram.com/kerenswan
www.instagram.com/khoa_nguyen

💫follow us on tiktok:
www.tiktok.com/kerenswann

🌴🌸📔🧸🧚🏻‍♀️🐚🎀💫🎾🍜🍦",7qX4PMpNKdE,2688,2025-04-20T23:52:20.000Z,"[kkandbabyj, khoa, keren, jackson, Landon, orlando, florida, pregnant, birth, vlog, daily vlog, morning vlog, day in the life, family, husband and wife, wasian, asian husband, white wife, young mom, young parents, parents]",day in the life of ✨khoa✨,https://www.youtube.com/watch?v=7qX4PMpNKdE,45373
people_blogs,26,Epic Gardening,266,US,"Get started with Shopify at http://shopify.com/epicgardening
Five years ago, I took a leap and turned a barren lot into the thriving urban homestead you see today. In this video, I’ll show you how I built a fully functional growing space, complete with edible landscaping and sustainable water systems. If you're thinking about growing your own food, this tour might give you the push you’ve been waiting for.

IN THIS VIDEO

→ Raised Beds: https://shop.epicgardening.com/collections/birdies-original
→ Seed Starting Trays: https://shop.epicgardening.com/pages/seed-starting

SUPPORT EPIC GARDENING

→ Shop: https://growepic.co/shop
→ Seeds: https://growepic.co/botanicalinterests

LEARN MORE

→ All Our Channels: https://growepic.co/youtube
→ Blog: https://growepic.co/blog
→ Podcast: https://growepic.co/podcasts
→ Discord: https://growepic.co/discord
→ Instagram: https://growepic.co/insta
→ TikTok: https://growepic.co/tiktok
→ Pinterest: https://growepic.co/pinterest
→ Twitter: https://growepic.co/twitter
→ Facebook: https://growepic.co/facebook
→ FB Group: https://growepic.co/fbgroup
→ Find FoxFarm Products Near You - https://foxfarm.com/find-a-dealer/

TIMESTAMPS

0:00 Intro
0:43 Raised Bed Garden
3:07 Orchard
6:58 Perennial Patch
9:20 Dragonfruit Alley
10:43 Outdoor Shower
12:16 Backyard Orchard 
13:46 Rainwater Cistern
15:48 Epic Pond 
18:56 Test Garden
19:20 Greenhouse
21:53 Backyard In-Ground Garden
25:02 Epic Shed
25:58 Chicken Coop
27:31 Compost System

DISCLAIMER

Epic Gardening occasionally links to goods or services offered by vendors to help you find the best products to care for plants. Some of these may be affiliate links, meaning we earn a small commission if items are purchased. As an Amazon Associate, we earn from qualifying purchases. More info on our process: https://www.epicgardening.com/disclaimer/",KoGlNGk75fQ,3918,2025-04-18T16:58:34.000Z,[epic gardening],From Weedy Lot to Thriving Homestead in 5 Years,https://www.youtube.com/watch?v=KoGlNGk75fQ,84501
people_blogs,26,AlishaMarieVlogs,314,US,"Ahh the last korea vlog and it's my birthday weeeeeek!!! I hope you enjoy seeing my birthday weekend surprise!! Thanks so much for all the bday wishes! I love you all so much!! xo -Alisha Marie
 
Affiliate Links
Vlog Camera: https://amzn.to/41LxjNI
Wide Vlog Lens: https://amzn.to/41I3cXC
DJI Camera: https://amzn.to/4hEOO6C
Sony Camera: https://amzn.to/4bFzaqx
Los Angeles Crewneck: https://amzn.to/42rkvvR
Carhart Green Hat: https://amzn.to/4i2DQs3
Apparis Leopard Bucket Hat:https://bit.ly/4hU6LQ2
Adidas Ballet Flats: https://bit.ly/4jkxbKA
The Assassin’s Blade: https://amzn.to/4cxbKUC
Brown Sunglasses: https://amzn.to/43Pg5QS
Miu Miu Sunglasses: https://bit.ly/3EiNqci
Abercrombie Button down: https://bit.ly/42EXMMY
Montce Green Swim Top: https://bit.ly/42FFVWi
Montce Bikini Bottom: https://bit.ly/4j8nboj
Montce Sarong: https://bit.ly/3XQp4NS
Raye Sandals: https://bit.ly/4cpMEXz

BUY MY MERCH:: https://shopalishamarie.com/
Instagram: @alisha
Twitter: @AlishaMarie + Instagram: @Alisha
TikTok: @alishamarie 
Snapchat: LidaLu11

Subscribe to my Main Channel:::
http://www.youtube.com/user/macbby11

Subscribe to my Podcasts:::
https://www.youtube.com/@prettybasicpodcast
https://www.youtube.com/@basicallyunfiltered

alishamarie@mattermediagroup.com",6Jn7DvuN6Xc,8339,2025-04-11T00:31:28.000Z,"[Alisha Marie, AlishaMarieVlogs, birthday, korea vlog, korean, traveling, korea, alishamarie, birthday haul, birthday vlog, alisha marie vlogs, birthday weekend, bday, weekend, korean air, seoul vlogs, travel vlogs, bikini, swim, remlife, remiashten, travel]",My Birthday Weekend Surprise + Finally Coming Home!!,https://www.youtube.com/watch?v=6Jn7DvuN6Xc,263523
people_blogs,1,It's me Ali,63,US,"PREP FOR SENIOR PROM || hair, nails, tanning, pilates, etc!!

TIKTOK AND INSTAGRAM : @alisson.gonzalez07
Business 📧:sisterforever@cesddigital.com",HBox6-dMXEU,3062,2025-04-16T21:11:32.000Z,"[prep for prom, prom dress, prom 2025, prom video, prom its me Ali, prom as a senior, its me Ali, nails, hair, makeup, dress, Alison gonzalez school, school, school prom]","PREP FOR SENIOR PROM || hair, nails, tanning, pilates, etc!!",https://www.youtube.com/watch?v=HBox6-dMXEU,89157
