channelImage,channelLink,channelName,rank,thumbnailUrl,videoLink
https://i.playboard.app/p/meDHzBYhjMqjoeq2oO4fKV47p0GjB9RELlmx-_TVKiWwiNH3I2fQdrI4NCCGNxskJivLXQJc/100x100.jpg,https://youtube.com/channel/UCtgNbEk4vWJoH0GMghF3tPQ,FuFu Squishy,1,https://img.youtube.com/vi/g3j3_ANAbbw/mqdefault.jpg,https://youtube.com/video/g3j3_ANAbbw?channelId=UCtgNbEk4vWJoH0GMghF3tPQ
https://i.playboard.app/p/hrk3a-5fMDWt-K_d-7L1dftxuvaBBZ2jsTGugOlg_EolzaT_QpkFlu4fWHwVsCWMGIWzGth_yuA/100x100.jpg,https://youtube.com/channel/UCPrYW-fTzqA0lW4dnRe3OnA,Fun Fun TV,2,https://img.youtube.com/vi/3qII5ORUsok/mqdefault.jpg,https://youtube.com/video/3qII5ORUsok?channelId=UCPrYW-fTzqA0lW4dnRe3OnA
https://i.playboard.app/p/yyD-2F5Q_rMS0fI6aRi1gY1FwvqXByZogTRC_gdRhDwODltxcpDLpdsfSR5vkym9Ezab0QF0Lw/100x100.jpg,https://youtube.com/channel/UCCWcq0EVQvJrLxytlgGlDeg,노동자의 비전,3,https://img.youtube.com/vi/YvogABKrubg/mqdefault.jpg,https://youtube.com/video/YvogABKrubg?channelId=UCCWcq0EVQvJrLxytlgGlDeg
https://i.playboard.app/p/ubJ1_k7EgMzURgR7wbIKohWvl-e9NrDxQqVYBUjUIEtELfbFxzGth7St_k7vBa8d7k7AC6Yn/100x100.jpg,https://youtube.com/channel/UC2vPsHEQ86SooeHEL0MPnWw,5s Crafts,4,https://img.youtube.com/vi/m1DlXSW1hEs/mqdefault.jpg,https://youtube.com/video/m1DlXSW1hEs?channelId=UC2vPsHEQ86SooeHEL0MPnWw
https://i.playboard.app/p/16vstqtWDRMvEOgUUAW2bnqi2IfVpkjSuvAgHv0h6sBApDxa-d6NAvMDf0cJMEXsNxr5qatKJxw/100x100.jpg,https://youtube.com/channel/UConlbGuDrvAKsAMlZh_rDaw,Ruineded By AI,5,https://img.youtube.com/vi/JUiuB1SdLIk/mqdefault.jpg,https://youtube.com/video/JUiuB1SdLIk?channelId=UConlbGuDrvAKsAMlZh_rDaw
https://i.playboard.app/p/AIdro_mcqH-kpiOe-bYmupMIShQ8R7XX4XNGryAeG-hYf6LnS0A/100x100.jpg,https://youtube.com/channel/UCbp9MyKCTEww4CxEzc_Tp0Q,Stokes Twins,6,https://img.youtube.com/vi/kD_ehatAr8A/mqdefault.jpg,https://youtube.com/video/kD_ehatAr8A?channelId=UCbp9MyKCTEww4CxEzc_Tp0Q
https://i.playboard.app/p/1_DZVJXEMcFShFmzZjdIa73wEDq3kskksFTeRSv98MQlqbmEwkj3UXBkYJhcT91rW1ypypFF/100x100.jpg,https://youtube.com/channel/UCE1xqAyP9O88afF-zUxsOlg,Tani Duck,7,https://img.youtube.com/vi/cMrl2J6v-Ww/mqdefault.jpg,https://youtube.com/video/cMrl2J6v-Ww?channelId=UCE1xqAyP9O88afF-zUxsOlg
https://i.playboard.app/p/pZYUDa9JsYZXEPTBtjdFvyzyuMzXUaaBr-8jj9SItjc2g_Zm9JlvEq27asX0D7lgPhOdcr-bymk/100x100.jpg,https://youtube.com/channel/UCw1Q5vvsDHk9Luc6I2ntshg,上帝与恶魔,8,https://img.youtube.com/vi/TSxBD8i85rI/mqdefault.jpg,https://youtube.com/video/TSxBD8i85rI?channelId=UCw1Q5vvsDHk9Luc6I2ntshg
https://i.playboard.app/p/xSsxm_TotRLq_IsvlZPEvIbltH4S3XB7Nl_38vnFlBCo647UChY4tjwpDkvSPjZRAF2DQ8fNXg/100x100.jpg,https://youtube.com/channel/UC3crLBFngaHBj5zq5R1qduA,MILANIA,9,https://img.youtube.com/vi/ZDE_jGAssFU/mqdefault.jpg,https://youtube.com/video/ZDE_jGAssFU?channelId=UC3crLBFngaHBj5zq5R1qduA
https://i.playboard.app/p/mSIwZ6-4ed0xGOva5ucMTzgyDcn5tsmaRmPywpWwB0jsdLd5dvatOFxiXXH_PoFfGLnskioUMTg/100x100.jpg,https://youtube.com/channel/UCKqfadkYUW5rDCOrsfnEaMQ,Stone Face Memes,10,https://img.youtube.com/vi/3raRvcWcGdI/mqdefault.jpg,https://youtube.com/video/3raRvcWcGdI?channelId=UCKqfadkYUW5rDCOrsfnEaMQ
https://i.playboard.app/p/vyKYDvRNHlyl-cMyRWxz2zWdbEmsGnBCK3cbKKhqUtddIt5xyk8NhxlptEAAdwgCx7RKIccHGA/100x100.jpg,https://youtube.com/channel/UCZFBnnCCO65xMXOdtFz8CfA,Sofi Manassyan,11,https://img.youtube.com/vi/f31McBjzXs8/mqdefault.jpg,https://youtube.com/video/f31McBjzXs8?channelId=UCZFBnnCCO65xMXOdtFz8CfA
https://i.playboard.app/p/_e2gTffGAnyII-pjk_99H1wH5fW1mh65mdnEloQbzLdTkqcPqMYv1QRnH_ymP5ds3xbhKRyH/100x100.jpg,https://youtube.com/channel/UCvuxz8W_jQc0rRXvpr0TOyg,Nezha and Dragon,12,https://img.youtube.com/vi/K3lngAREbu4/mqdefault.jpg,https://youtube.com/video/K3lngAREbu4?channelId=UCvuxz8W_jQc0rRXvpr0TOyg
https://i.playboard.app/p/2ipipwRSdEnynTTqw8S8urxZPc1k6_4xsHdBZoUZhAoDYoZ4oZ6TggI_8T2KIYAGtZoepAd3/100x100.jpg,https://youtube.com/channel/UCxGHa_vdppJNVLmQShNVnrA,Bliss Bits,13,https://img.youtube.com/vi/lJCeZTzzAb0/mqdefault.jpg,https://youtube.com/video/lJCeZTzzAb0?channelId=UCxGHa_vdppJNVLmQShNVnrA
https://i.playboard.app/p/3LPr03rSByQMdPtalUZLksf9TzOmpfHhauJoith_wi2euLSctWYyGP7aQaO8-D4_J8E24Tv3yRk/100x100.jpg,https://youtube.com/channel/UCGPo8oN9508D5ZPjdurpOkg,Linh Chi,14,https://img.youtube.com/vi/49pKfLQxQMY/mqdefault.jpg,https://youtube.com/video/49pKfLQxQMY?channelId=UCGPo8oN9508D5ZPjdurpOkg
https://i.playboard.app/p/d_JHlT0tX5mhkwqDfYr_-yG-daJP44S4RGNGt_4ny82i_yrtVppXMT1WqTiORMRbHrRgPZWISJY/100x100.jpg,https://youtube.com/channel/UCkSRiTqhdoFZbIw6KZFob2w,Lao Lin Special Effects,15,https://img.youtube.com/vi/YFCR8_JBAow/mqdefault.jpg,https://youtube.com/video/YFCR8_JBAow?channelId=UCkSRiTqhdoFZbIw6KZFob2w
https://i.playboard.app/p/164d2ec7de11484add3aac78e4112907/100x100.jpg,https://youtube.com/channel/UCqOwcxgDCjnHNgMt9A3Ua8w,Diana Belitskay,16,https://img.youtube.com/vi/rc_yiTRm_co/mqdefault.jpg,https://youtube.com/video/rc_yiTRm_co?channelId=UCqOwcxgDCjnHNgMt9A3Ua8w
https://i.playboard.app/p/so4xX1y9FTjUgl1TngzxYSbB7zkn7NAytP1uGTfy1rXQNN-oIDXpE31Zycwuq_kTC63POCpwLQ/100x100.jpg,https://youtube.com/channel/UCMUxB3gYchkaOyaCCMHKKFg,JULI_PROETO,17,https://img.youtube.com/vi/3Q-WsStRGtM/mqdefault.jpg,https://youtube.com/video/3Q-WsStRGtM?channelId=UCMUxB3gYchkaOyaCCMHKKFg
https://i.playboard.app/p/xaXb-eC_wXZaeOIArTK7gvdfJMZnDV0ShFVl5Ik1GO9fpeBL7pV2ToAS0UkGMvmZSzQGfTXh/100x100.jpg,https://youtube.com/channel/UCI6PizyQLP4Fe8IzidMc5fA,Eggdar,18,https://img.youtube.com/vi/VLVyQXwSCW4/mqdefault.jpg,https://youtube.com/video/VLVyQXwSCW4?channelId=UCI6PizyQLP4Fe8IzidMc5fA
https://i.playboard.app/p/6ImVa9_khMBEFESgBxqudviw1FsdqOSZBqEXRbcVlit3B3rxQoZJ2wvmAYSdVexROFBamSqR1Q/100x100.jpg,https://youtube.com/channel/UCY6aUGpMOfeaCuaMsW7ia6w,Payman,19,https://img.youtube.com/vi/MGSFu-cz5iw/mqdefault.jpg,https://youtube.com/video/MGSFu-cz5iw?channelId=UCY6aUGpMOfeaCuaMsW7ia6w
https://i.playboard.app/p/3hDPVSevD7FL6wlQVJt9-JGko4Tkzo3ECpYUakFJcCx3GSQRuOAt1PvZxqVf_atwp0pMYX_ZHg/100x100.jpg,https://youtube.com/channel/UC1MBQc0MKqabYpfkCw7EYEQ,A-Paradise,20,https://img.youtube.com/vi/LGgVi1-qH5w/mqdefault.jpg,https://youtube.com/video/LGgVi1-qH5w?channelId=UC1MBQc0MKqabYpfkCw7EYEQ
