comment_author,comment_likes,comment_text,video_id
@muhammadhuzaifa7051,58100,"To be exact, it took him 4.54 secs",ntirH6UQ-wU
@s_k_z_nafa,1,Just do it,ntirH6UQ-wU
@tiely5009,1,Bro ego was too strong.,ntirH6UQ-wU
@Funnymanbob,1,Kaiser in BLR be like:,ntirH6UQ-wU
@BradmyrEdits,0,Like a scene from Shaolin Soccer.,ntirH6UQ-wU
@aceramsey,0,He sed his father always told him Never send a boy to do a man’s job so he looked up to him and sed watch this hope his father is proud I salute him 💙..,ntirH6UQ-wU
@JaydenCombs-v7n,0,Damm that boy kicked it far and still made it 😮😮😮,ntirH6UQ-wU
@r.zulueta,0,"""pulled off a move that left everyone speechless""
-surprise.. he kicks the ball
-crowd cheers and you can hear audible words.",ntirH6UQ-wU
@dex.9122,0,"cutting the clip 3 times b4 showing
bro fr?",ntirH6UQ-wU
@jamesthorton9458,0,"Bro said “ No i in team, but there is an M & E”",ntirH6UQ-wU
@NuMwhan-bg4fq,0,Where was that?,ntirH6UQ-wU
@Bloodshed_Silence,0,"Okay, might be a hot take, but can you content farmers just show the video one freaking time, not repeating it 4-5 times before you actually show the whole thing? This is agonizing.",ntirH6UQ-wU
@vampire0-o2v,0,Kaiser Inpact 2.0,ntirH6UQ-wU
@gregjock7238,0,that is some power leg right there.  sign him up for the nfl.,ntirH6UQ-wU
@dylaneric2146,0,He missed,ntirH6UQ-wU
@addict2vision112,0,2.0 ronaldo,ntirH6UQ-wU
@thatcoolkid5850,0,Soo ts starting to trun into blue locc,ntirH6UQ-wU
@leonphelphs4710,0,Add me to that fan list,ntirH6UQ-wU
@DavidEdwards-l5n,0,🤜🤛⚽,ntirH6UQ-wU
@calansmith655,0,What people aren’t noticing is the receiving goalkeeper has to look into the sun to block that. I certainly couldn’t do it.,ntirH6UQ-wU
@Žripper918,1,got hit in the forhead with a softball when i was in 3rd grade at the skatepark.  black eye and a lump on my head the size of the soft ball. ps soft balls are not soft and i kept riding my bmx bike that day. shoulda have been wearing a helmet and it wouldnt have happened,LDKYsg68Fho
@deenad3562,1,"🧔🏾: *You ok, kid?*
👦: *Yethh!*",LDKYsg68Fho
@grey5135,1,Everyone saying this kid is tough has never been hit by anything it's literally a big ass numb feeling you don't feel anything till about 30 minutes to an hour later😂 Lord knows I've been smashed by things in your body just goes into shock and you don't really feel it right away,LDKYsg68Fho
@karenrearick381,1,Must of came from a republican family 😊,LDKYsg68Fho
@MichaelVale-z3i,1,364 days until hockey tryouts.  He has to toughen up.,LDKYsg68Fho
@StickAndMove,1,"You’re Good!!  
……………….………..broken jaw…………..
You’re Good!!
🤦🏻‍♂️🤣",LDKYsg68Fho
@chiefmike3176,0,You know that kid is cashing in that tooth 😂,LDKYsg68Fho
@AL_Slapavich,0,"Well damn!………just whn I was losing all hope on this soft, sensitive, new generation🙏🏽🙌🏽",LDKYsg68Fho
@dorothymckinney5102,0,"Hell, no, couldn’t be my kid",LDKYsg68Fho
@joshphillips4219,0,Hustle up my ass. Lil man just lost a tooth. Go check on him. A soft ass mlb player wouls have got a cart. Tough kid.,LDKYsg68Fho
@javorisscott4288,0,Terrible pitch wtf😂,LDKYsg68Fho
@OminousSavior,0,Horrible eye bud,LDKYsg68Fho
@Nicole32778,0,Goated coach for picking up the tooth too lowkey that’s gross but as a kid I would’ve hoped he’d had done that,LDKYsg68Fho
@chrish.6934,0,Gang gang 💪💯🦷⚾,LDKYsg68Fho
@AnalyticalApex,0,Meh! That tooth was loose anyways. Thanks for saving me the trouble of pulling it out!,LDKYsg68Fho
@DontSayIDidntTellYou,0,“Way To Wear It” from his pops hit different,LDKYsg68Fho
@MeteoricV,0,"As an athlete, idk how he even made the team",LDKYsg68Fho
@RichardHickman-o8j,0,"Uhhhhh your all missing the fact that little Tommy on the mound threw that ball RIGHT AT HIS HEAD!!! IT'S OK HUSTLE UP, PLAY TO WIN!! I DON'T KNOW WHERE THIS IS TAKING PLACE BUT YINZ ARE ON SOME STRAIGHT UP HILLBILLY SHIT!!! THAT'S NOT HOW YOU TEACH LITTLE PEOPLE HOW TO HANDLE THIS SITUATION!! WHAT IS THIS WORLD COMING TO!!! SMH!!!",LDKYsg68Fho
@MeteoricV,0,Actually he had ample amount of time to adjust to the pitch,LDKYsg68Fho
@Kountrykush420,0,"""Hustle up"" Fuck you dog lmao what a dawg",LDKYsg68Fho
@josemiguelrobledo756,105,¡Gracias!,y-eCcH7uaoM
@beverlycraven1739,1,He slid him wearing 'Slides dammmm 😮🤦🏽,y-eCcH7uaoM
@omegarussell4017,1,I think this young man has been watching money Mayweather 😂😂😂😂😂,y-eCcH7uaoM
@pauleatwell5720,0,Usual day in the hood,y-eCcH7uaoM
@kingmu503,0,Mans juat throwing fist of fury 😮,y-eCcH7uaoM
@ReynaldoBeltre,0,"Es baloncesto oh boxeo, que alguien me explique.",y-eCcH7uaoM
@carlosvelazquez3359,0,Muy bien por ese golpe,y-eCcH7uaoM
@GOODGUY-o7w,0,Wow! 1st Round Knockout- Orthodox Stance,y-eCcH7uaoM
@Michellearista-o6r,0,buruan di coba ini sudah pasti mantap hanya di *SIDO88*,y-eCcH7uaoM
@steven10271,0,And that’s how we respond to those who don’t respect us in ARIZONA,y-eCcH7uaoM
@MardhiyahRisyad,0,buruan di coba ini sudah pasti mantap hanya di *SIDO88*,y-eCcH7uaoM
@mileshamblen9982,0,He missed that one punch and hit the wall lol.,y-eCcH7uaoM
@Martin-dd2ti,0,Pura violencia de la buena!!,y-eCcH7uaoM
@rosemaryjohnson2322,0,FAFO season is here😂❤❤❤❤❤,y-eCcH7uaoM
@joelalvarez1415,0,POR LUCIO SALIO🔥🔥🔥👍🏾💪🏽🇵🇷😎,y-eCcH7uaoM
@davidsebastian5486,0,Jesus loves you more than anything else or anyone else come to repentance before it's too late tomorrow is not promised I'm the way the truth and the life no man cometh too the except through me thus saith the sovereign lord repent turn from your Wicked ways!!!!! Judgement day is coming soon today is the day of salvation ✝️ 😊,y-eCcH7uaoM
@mikenadler3239,0,The guy that threw the ball is a real punk,y-eCcH7uaoM
@mikenadler3239,0,The guy that threw the ball is a real punk,y-eCcH7uaoM
@QuinteWilliams,0,😂😂😂 tha soundfx got it..,y-eCcH7uaoM
@JxjjHgghhjg,0,Donald Trump voter,y-eCcH7uaoM
@ThatOneBookNerd101,195,"My brother does track, and second to most recent home meet was insane. He missed the “set go” and still won. He was like 1.5 seconds behind everyone else in the beginning, yet won by .37 seconds. It was insane. He keeps winning the 400m and gets top 3 in the baton racing. I’m proud of him.",tPO6JNMOLas
@Kristy_Murasaki,1,"Am i missing something or do not people usually run 1200 m ... Cause we had to run that twice a year and get it in such an unbelievably short time (got a C, the worst grade they gave for it lol, my anemia almost killed me too)",tPO6JNMOLas
@CookiePirate69,1,"Technically, according to the Pythagorean theorem, if you’re running on the outside of the circle compared to the inside lining of the circle, the outside takes longer to traverse compared to the inside. That’s why a smaller circle has a smaller perimeter compared to a larger circle.",tPO6JNMOLas
@LuLulu-jw3zw,1,"400 mt with hurdles is diabolical, as an hurdler. Like, the lactic starts to hit at 200 mt for me...anyone like me?",tPO6JNMOLas
@GoldenMorningStables97331,1,"In the last 400m dash I did, there was headwind for the last 100 meters, which was terrible lol. My time was pretty good, but without the headwind, I would've gotten faster. I hope I get a pr in the next one I do, and I hope there is no wind lol.",tPO6JNMOLas
@NathanielMello-vw2nr,1,"I could internally feel the stress at the start of the race, I think that I have middle school PTSD.",tPO6JNMOLas
@JaxonJohnson-ex3bc,0,"I was there for that meet and I go to that school, it was all really good. It was my first time going to a track meet",tPO6JNMOLas
@Wan-q3l,0,There’s a kid in middle school that runs a 54 second 400 meter,tPO6JNMOLas
@Vawds09,0,"I have to run a 400m relay in 2 days, do you have a strategy i could use to absolutely cook?",tPO6JNMOLas
@Bobby-tj1hq,0,Lactic acid causing muscle soreness is a myth actually,tPO6JNMOLas
@muichiroTokito-zi3fj,0,"Brooo I just joined track a month ago, im in 7th grade, and I get like 1:15 😭",tPO6JNMOLas
@lunawolf4407,0,The fact that I ha a track meet today and ran the 200... And now I'm seeing this.,tPO6JNMOLas
@braxtongotgreatmuzic6338,0,i hate solo sports so much.,tPO6JNMOLas
@TheKCGamerEA,0,Lane 1!!!!!,tPO6JNMOLas
@ozprahl,0,I just ran a 400 in practice and got a 1m ~38 seconds and you destroyed me although im still in middle school,tPO6JNMOLas
@Cheetah_Spots,0,shii thats practically my 300h time gj man,tPO6JNMOLas
@PB00Y,0,Damn I run 1:11 😅,tPO6JNMOLas
@Inosukelover1618,0,"Today I just got my metal for winning the 4x4 with my team (it’s not really hard if you have the stamina I’m in middle school, but we still run on the high school tracks)",tPO6JNMOLas
@sekoudiomande8008,0,This year is my first year doing the 400m. And I'm actually getting used to it.👍,tPO6JNMOLas
@justicecrockett2479,0,i did a 400 i got 2nd place but they are hard once yu get the hang of it its rlly easy,tPO6JNMOLas
@RecursiveENTP,1,That makes me feel old AF 😂,eldbMfvn7-A
@richardasiimwe3726,0,The yawn! 😂😂❤,eldbMfvn7-A
@neisamelton3119,0,Time is flying by faster then ever,eldbMfvn7-A
@LaDimplez91,0,"Wow... yes, it's been 10 years. I was 23 and a brand new mom ❤ now my baby is 10 years old 😭😭 time flies!!!",eldbMfvn7-A
@RabbiTosmiser,0,Baby girl was ao adorable,eldbMfvn7-A
@YoJemaine,0,How old is she,eldbMfvn7-A
@DeniseChavis-f5g,0,Her fake sneeze is hilarious,eldbMfvn7-A
@jemalynpascua6816,0,Cute,eldbMfvn7-A
@datgurlizpoyzun,0,She looks like Steph’s mom,eldbMfvn7-A
@maryterhase5712,0,❤❤❤❤❤,eldbMfvn7-A
@cherylstange1335,0,She's a beautiful young girl,eldbMfvn7-A
@tishasmith1265,0,Beautiful Young Lady! 😊😊😊,eldbMfvn7-A
@tashinaFields-x6l,0,Interesting 😂❤,eldbMfvn7-A
@jaydog9329,0,That's just what the average 15-16 year old looks today. Them gen-z cats age like spilt milk.,eldbMfvn7-A
@PriscillaFitch,0,😂😂😂,eldbMfvn7-A
@DefenderOfTheEnd,0,She bad af,eldbMfvn7-A
@noellewis61,0,The cutest ha cho I've heard😂😂😂😂😂😂❤❤❤❤,eldbMfvn7-A
@Wes1224,0,Well atleast we can say definitely no dna test she look just like him,eldbMfvn7-A
@genxher9525,0,Bless this beautiful young lady!,eldbMfvn7-A
@thesleepingdog4061,0,SHES so pretty,eldbMfvn7-A
@boomerczech,2,"Michael deserve more attention. Yes, his movies are old school B but guys... He is a star of martial arty.",j94OIrdvNUQ
@Fugvdfbh67,1,Always a story of a heroic BBC vs a douche white dude isn’t it,j94OIrdvNUQ
@Iabsolves,1,Flying knee in sparring wow,j94OIrdvNUQ
@thezetes,1,"Ooh noooo!

This doesn’t work in real life😂😂😂😂",j94OIrdvNUQ
@marcobrenes406,1,This is porn quility level writing!! Seriously😅,j94OIrdvNUQ
@HugoEspinoza-k5e,1,I've seen too many kung fu  vs mma videos to know they all get beat up easily by mma fighters,j94OIrdvNUQ
@curtisjackson4090,1,Reteu:  * _nods in approval_ *,j94OIrdvNUQ
@jkm1460,1,"Well he sure showed him. 
Didnt his momma teach him to be humble and not a cockity concieted show off. LOL😂",j94OIrdvNUQ
@minerfox5208,1,this is how karate femboys dream a fight in mma would look like,j94OIrdvNUQ
@vanessapearson5490,0,Name of this movie,j94OIrdvNUQ
@slyllamademon2652,0,Fear the man who has practiced a technique 1000 times.,j94OIrdvNUQ
@ghostlemons7789,0,Dex build vs Strength build,j94OIrdvNUQ
@davidgriego986,0,The arrogant young punk needs to be taught,j94OIrdvNUQ
@PeninaTaala,0,Bruh.,j94OIrdvNUQ
@energymd,0,What movie is this?,j94OIrdvNUQ
@wildbanana5628,0,You can just Google this shit 😂,j94OIrdvNUQ
@NateO123,0,MJW is truly a legend in his own mind 😂,j94OIrdvNUQ
@LoLo25A,0,Terrible sequel acting wise. Fights were solid. Mjw was the only one trying to act.,j94OIrdvNUQ
@danielcunningham7828,0,The rookie is Jai 😂😂😂😂 You're done fool,j94OIrdvNUQ
@THSafi-d8u,0,Name plz,j94OIrdvNUQ
@ApartmentJakarta,4,Enough internet for today😅,yhNNrvqfnRE
@lourivalredpill,3,Futura esposa de alguém desse chat 😂😂😂,yhNNrvqfnRE
@braddillon5182,1,She shook her bones,yhNNrvqfnRE
@BadgerD,1,What was she tryna show? Just a flat surface 😂,yhNNrvqfnRE
@harshalnavghare,0,"cheerleaderx ❌
_____________ ✅

fill in the blanks",yhNNrvqfnRE
@andreabernucci2624,0,Lo sbagliavo anche io...😅😅😅,yhNNrvqfnRE
@Youngkaibands1990,0,Cheerleaders on a whole new level in this generation😂💀,yhNNrvqfnRE
@MarioCordova-g1p,0,Eran 2 abiertas jummmmmm,yhNNrvqfnRE
@Outdoorpro72,0,Her dad must be so proud. What a vile world we have become,yhNNrvqfnRE
@hammysssss,0,Thats not fair...,yhNNrvqfnRE
@bradbinion6125,0,Genius,yhNNrvqfnRE
@panchovilla7165,0,"Aaaa no, eso es trampa aki y en China!!
Que se repita!!😂",yhNNrvqfnRE
@nas_ratb,0,Раньше и такое позволяли😂😂😂,yhNNrvqfnRE
@steliosantonopoulos5099,0,Imagine your daughter being doing this,yhNNrvqfnRE
@FreestiesFries,0,"""This is hard""
""Its getting hard!""",yhNNrvqfnRE
@SUPER-Kyyy,0,shit😂,yhNNrvqfnRE
@binkersbonkers244,0,Wow!! Distraction techniques sure have changed since I played high school ball in the early 90's,yhNNrvqfnRE
@Maverick098,0,That’s my gir… what the fu** Vanessa!,yhNNrvqfnRE
@kkerrjr,0,Way to use your ASSets! 😂🎉,yhNNrvqfnRE
@williambrown2098,0,🎉,yhNNrvqfnRE
@bassketball2773,905,Subscribe!!,njOiFOIfqGI
@vania-g3t,29,"This man is the dunker everyone always wanted.. Right up there with Spud, Mugsy & Nate!!",njOiFOIfqGI
@lorenzopina1,1,"Actual footage of Satan trying to stop the blessings that the christ almighty, personally provided for me.",njOiFOIfqGI
@NicholasShade-eq1ts,1,🏀,njOiFOIfqGI
@TheTeenSportZone,1,I was at this game,njOiFOIfqGI
@ZackX-b7c,1,"PosterZilla, im like hey wazz up hello seen your tall azz at the rim I just had to let go",njOiFOIfqGI
@eugenejregan4775,1,BAD AZZ! 🔥,njOiFOIfqGI
@JorkaydenHarris,1,I already know somone said this but he really hit that jordan pose but it did not count its still viral tho,njOiFOIfqGI
@emmastevens5203,0,"i dont know much abt basketball, but can someone explain if that was travelling and if not, then why not?",njOiFOIfqGI
@DigiGuru8251,0,Imagine if he was tall like LJ 😵😵😵,njOiFOIfqGI
@eseguerito2629,0,He just kept rising😮,njOiFOIfqGI
@KnockOffBeingFat,0,"The Hoop should be raised at least 6"" in the NBA! Its getting rediculous!",njOiFOIfqGI
@michealschoeninger9420,0,I just hope ja get his mental together an stay in the game of basketball not the streets,njOiFOIfqGI
@The007enzo1,0,Wenby is tall but Americans Are Great ... period,njOiFOIfqGI
@DrewSavage-im3wh,0,Damn shit was beautiful,njOiFOIfqGI
@kingD.C.,0,"offensive foul by a mile, thats not a poster.",njOiFOIfqGI
@justlucky01,0,Majestic ✨,njOiFOIfqGI
@vincentlalicata696,0,Little travel ??,njOiFOIfqGI
@CWAmerica192,0,O my god 😮,njOiFOIfqGI
@DRZxPOPxSHOTZ,0,The CRAZIEST part about this poster is I’ve seen Ja Miramar jump even higher than that. 😳😳Boy is a freak of nature 😅,njOiFOIfqGI
@Txmshorts,2019,*Who was cancelled Mam* 😂😭,MHbzdaTVcks
@josaia13vakacegu,23,"Happiness turned into a ""😑"" it actuallay got me😂😂🤣😭💀",MHbzdaTVcks
@uifirPawl,2,"""Mam, you ain't da boss"" ahh face😂",MHbzdaTVcks
@alexiushayes4574,1,Does it look like I care miss deformed ninja turtle 🐢 your the off brand Michelangelo like shut up and do it look like I care mam speeds reaction 🤣🤣🤣🤣🤣🤣🤣🤣🤣🤣🤣🤣🤣🤣🤣🤣🤣🤣🤣🤣🤣🤣🤣😂😂😂😂😂😂😂😂😂😂😂😂😂😂😂😂😂😂 who asked you first of all man speed does not care,MHbzdaTVcks
@alexiushayes4574,1,Does it look like I care miss deformed ninja turtle 🐢 your the off brand Michelangelo like shut up and do it look like I care mam speeds reaction 🤣🤣🤣🤣🤣🤣🤣🤣🤣🤣🤣🤣🤣🤣🤣🤣🤣🤣🤣🤣🤣🤣🤣😂😂😂😂😂😂😂😂😂😂😂😂😂😂😂😂😂😂,MHbzdaTVcks
@josaia13vakacegu,1,"Bro's look got me after her saying ""you know what.. you officially....... CANCELED""💀😂🤣😭",MHbzdaTVcks
@petaalesana2283,0,Who was cancelled mam who asked and speed be like mam I don’t care,MHbzdaTVcks
@uniquely_chyy6551,0,Speed lowkey tweeking🫦🇻🇳,MHbzdaTVcks
@jimnikolovski314,0,speeds reaction at the end 😮😮😮😮😮,MHbzdaTVcks
@pabloorellana3526,0,Did he asked tho,MHbzdaTVcks
@anthonyyearby2049,0,What's the video called?,MHbzdaTVcks
@marcoantoniocasas5980,0,Hahahaha his face,MHbzdaTVcks
@VanessaPhilogene-g3l,0,Bro 😂 are you seriously,MHbzdaTVcks
@Xcfsg,0,Bro will never play soccer again,MHbzdaTVcks
@siuszeszeCC,0,How?,MHbzdaTVcks
@PaulinaRodriguez-nn6ut,0,hh😂,MHbzdaTVcks
@lagartobl6923,0,😂😂😂,MHbzdaTVcks
@Lillianabrishamy,0,When shen said your cancelled i fell off my chair,MHbzdaTVcks
@Ms_Kayan5,0,Why don't his followers respect him?,MHbzdaTVcks
@anthonydiaz1918,0,She had to think about it for a sec,MHbzdaTVcks
@luaanvalle,1,Desafio pro bitelo,OolQwtR_VPk
@gustavomelofa,1,"Ele nem pescoço tem, de tão forte que é. 😂",OolQwtR_VPk
@gustavomelofa,1,"He doesn't even have a neck, so strong he is. 😂",OolQwtR_VPk
@michaelinzo,1,How heavy is this?,OolQwtR_VPk
@gtrzmbe9390,0,4 worthy wielders in a row? Mjolnir givin' out perms like hot cakes! Song?,OolQwtR_VPk
@ivhanbeluang8560,0,He even put the hammer as gentle as he could ❤❤❤,OolQwtR_VPk
@darkroom-dl1ir,0,Eddie hall Height is 191 cm?,OolQwtR_VPk
@cadmus204,0,"Woah, 35 seconds is such a long time",OolQwtR_VPk
@BiphDb,0,Where is Mr. Balloon man A.K.A Khan baba🤣🤣,OolQwtR_VPk
@Recvedant,0,Eddie Hall is just worthy of the mjolnir...🐐,OolQwtR_VPk
@PedroNiicK,0,BITELO tá chegando relaxem...,OolQwtR_VPk
@GuillermoSalazar-x3b,0,Thor on the other hand carrying it like nothing 😭,OolQwtR_VPk
@Sigma-god-367,0,First one went through down syndrome,OolQwtR_VPk
@yazeeddawod2536,0,They don't seem like bodybuilder neither have abs 😅 idk they are chubby,OolQwtR_VPk
@claudiorogerio2895,0,Chama o bitelo 🇧🇷🇧🇷🇧🇷,OolQwtR_VPk
@TtvQuirxy,0,Eddie said he barely lasted the minute yall riding for no reason,OolQwtR_VPk
@HundredSlot,0,Where is the no reaction black guy? I wanna see him making faces after all the glazing,OolQwtR_VPk
@ilipejonatas6721,0,Batê-lo ganha fácil 😂,OolQwtR_VPk
@Barnacleboy906,0,What is respect nowadays?,OolQwtR_VPk
@iam_msa,0,Respected the last guy wo thy guy 35 last respected,OolQwtR_VPk
@brookeSH1,2,"here’s the history of Asian people 😊(i’m bored) 






Migrations of distinct ethnolinguistic groups have probably occurred as early as 10,000 years ago. However, around 2,000 BCE early Iranian speaking people and Indo-Aryans arrived in Iran and northern Indian subcontinent. Pressed by the Mongols, Turkic peoples often migrated to the western and northern regions of the Central Asian plains. Prehistoric migrants from South China and Southeast Asia seem to have populated East Asia, Korea and Japan in several waves, where they gradually replaced indigenous people, such as the Ainu, who are of uncertain origin.[47][48] Austroasiatic and Austronesian people establish in Southeast Asia between 5.000 and 2.000 BCE, partly merging with, but eventually displacing the indigenous Australo-Melanesians.[49][50][51][52]
In terms of Asian people, there is an abundance of ethnic groups in Asia, with adaptations to the climate zones of the continent, which include arctic, subarctic, temperate, subtropical or tropical, as well as extensive desert regions in Central and Western Asia. The ethnic groups have adapted to mountains, deserts, grasslands, and forests, while on the coasts of Asia, resident ethnic groups have adopted various methods of harvest and transport. The types of diversity in Asia are cultural, religious, economic and historical.

Ethnological map of the Pamirs
Some groups are primarily hunter-gatherers- whereas others practice transhumance (nomadic lifestyle), have been agrarian for millennia, or adopted an industrial or urban lifestyle. Some groups or countries in Asia are completely urban (e.g., Qatar and Singapore); the largest countries in Asia with regard to population are the China, India, Indonesia, Pakistan, Bangladesh, Japan, Philippines, Vietnam, Iran, Turkey, Thailand, Burma, South Korea, Uzbekistan, and Malaysia. Colonisation of Asian ethnic groups and states by European peoples began in the late 1st millennium BCE, reaching its peak in the late 19th and early 20th centuries.",w_NjR00ij2I
@salashfajri779,2,"Not all Asian is China, Japan, And Korea bruhh",w_NjR00ij2I
@TitanTruckCorporation,1,OH HELL NAH I'M ASIAN AND I'M GETTING NORTH KOREA ON YOUR AS#,w_NjR00ij2I
@BoogerBoogers-n5g,1,I am Filipino and I approve the chinese tactic...,w_NjR00ij2I
@mrmarch2.05,1,Who is white of them?,w_NjR00ij2I
@HotShotBawa,1,Not him wearing colour coordinating tshirts,w_NjR00ij2I
@lightahead1278,1,"As an asian, this is funny af 😂",w_NjR00ij2I
@anemchongloi2141,1,𝓡𝓪𝓬𝓲𝓼𝓽 𝓼𝓱𝓲-,w_NjR00ij2I
@Critbit909,1,Asian is just the eye of rah,w_NjR00ij2I
@DivinePhighter,1,I’m Asian and uh my eyes are not that small but idk,w_NjR00ij2I
@Huegexick,0,ts pmo sm idk y tho,w_NjR00ij2I
@blessed_VTSS,0,LOL,w_NjR00ij2I
@PICTUREYUGA,0,Rasis,w_NjR00ij2I
@seishi_,0,This short so goated in showed up twice and it was below it,w_NjR00ij2I
@johny-d8i,0,Racist,w_NjR00ij2I
@ilovematcha-b6u,0,nah black players be fire,w_NjR00ij2I
@Orangebur-r9c,0,Shoulda done how to guard a black girl and then just kept missing,w_NjR00ij2I
@Furina-Empire143,0,Racist😭,w_NjR00ij2I
@xsicnisfn,0,"As a brown person, I feel offended for there was no racism 😔",w_NjR00ij2I
@kashmyr1835,0,"How to guard Asian
:Why you not studying?
:You think basketball will make me I mean you rich?",w_NjR00ij2I
@Bennzing,2,Laal Singh Chadda is the Indian form of this movie .,AnLJHWX4eQY
@JitenderRana-v6o,2,Like lal singh chada,AnLJHWX4eQY
@thomass3710,1,"""Stop , Forrest"" !😎",AnLJHWX4eQY
@richardellis6414,1,Love that unforgettable movie ❤,AnLJHWX4eQY
@davidro9883,1,Got the liberals on the run! 😂,AnLJHWX4eQY
@BatavAbhishek,1,Aamir khan copied this 😂,AnLJHWX4eQY
@CorruptedGamingXD,1,"""run Forest run* reminds me of the Flash Series ;-;",AnLJHWX4eQY
@נדבגלעדי,1,"Forest Gump❌️
False gum✔️",AnLJHWX4eQY
@AbCd-z6o,1,Copy of Lal Singh chaddha,AnLJHWX4eQY
@Yuzar-v5f,1,And then Indians stole the story of this movie 😂so sad,AnLJHWX4eQY
@juipit4853,1,Bro was going to the Braithwaite Manor,AnLJHWX4eQY
@Anjali-bu2mk,1,I hope he acts as Woody in toy story 5 ❤❤❤❤❤,AnLJHWX4eQY
@Delulusayo,0,Is this the guy in titok with the song the man can move on ?,AnLJHWX4eQY
@HoshangPanchal-xh9wu,0,Laal singh chaada,AnLJHWX4eQY
@daevydjae,0,"Last year Tom and Robin worked together again in ""Here."" Good movie and it was like they worked together their entire careers.",AnLJHWX4eQY
@dark_eklips,0,Aint no way bro is packing while running,AnLJHWX4eQY
@jessies16,0,Yes,AnLJHWX4eQY
@shivamohite5653,0,"Bollywood will never stop coping 🤦 
 Lal singh chadda",AnLJHWX4eQY
@Thejayman692,0,"Say that this is the greatest movie in history, give me 10 reasons on why I should waste my time watching this movie",AnLJHWX4eQY
@mr7294,0,India copied this movie😂,AnLJHWX4eQY
@Doc73r,2,"They did this man dirty after exposing martial art cults. His life was ruined by the government. This man lost his job, family, they ruined his social credit score to the point he can’t even get a fucking subway ticket. Heartbreaking what they did to him.",lYLxYycQt-Y
@bdMcOntent,1,People been watching so much movie thinking those kungfu is unstoppable😅 kungfu is perfect for movie but no on street fight or real fight,lYLxYycQt-Y
@elsanieves5361,1,Respect to the fella you wanted to show everyone the truth about these fakers.  Hope he continues to expose the truth.,lYLxYycQt-Y
@abduljalalkhan465,0,You video title is as misleading as the system,lYLxYycQt-Y
@mathiael9103,0,now just imagine for a second if they're kung fu is that fake they're wealth is that fake how fake is they're military power?,lYLxYycQt-Y
@jamestucker496,0,"As the kid said: ""Aww, bulls*it...""",lYLxYycQt-Y
@AndrewJones-wy1hk,0,That’s not wu Chung,lYLxYycQt-Y
@brianbechtel3,0,Steven seagal 2.0,lYLxYycQt-Y
@projectbotitoy9544,0,hahhhahahaah,lYLxYycQt-Y
@ronniehale-ql6xs,0,Really do you think it's fake I'm a Wing Chun Master not noon and if he wants to take me on we can go at it,lYLxYycQt-Y
@luckyspec2274,0,"lmao pathetic, hope they have no students after that performance, worthless fake masters",lYLxYycQt-Y
@calinegus8709,0,That's not wing chung first of all smh,lYLxYycQt-Y
@hagaibinsealtiel3745,0,"Wing Chun got exposure from Bruce Lee's confession that he trained in Wing Chun (not adding that he'd trained therein UNTILL HE WAS 5 YRS OLD). 
Just look at his movements in his early films like The Green Hornet, was that Wing Chun?

Then look at his moves in his films after he studied KARATE wherein his sensei told him that the best Martial Art for the hands is Boxing while the best Martial Art for kicks was Karate.",lYLxYycQt-Y
@puffandpass7438,0,HE GOT ROBBED,lYLxYycQt-Y
@justthefacts8872,0,This will be the U.S. soon.,lYLxYycQt-Y
@rooster68able,0,"Its there ""chi"" they can blow on you and its over haha",lYLxYycQt-Y
@alexissinclair8733,0,he was even sued by CCP.. I don't know what exact violation is..,lYLxYycQt-Y
@galenmuhammad6910,0,Bullshido....,lYLxYycQt-Y
@san_hawk,0,Maybe Those master thought that it was a movie🤣,lYLxYycQt-Y
@chadwickwicky67,0,Musta had boxing judges on that one,lYLxYycQt-Y
@MrArminVANburen,1,"She should make baby with H. BOLT. So we could have real life ""flash"", not only in marvel movies and books.",rp6Eb0n2IKY
@aakashdeep_7,1,"""I'm not in the frame but in a hall of fame"" ~ ByMe",rp6Eb0n2IKY
@Etienne-,1,This edit was sick af,rp6Eb0n2IKY
@BKMusic633,1,Mek-Mek.....😅😂😂😂😂😂,rp6Eb0n2IKY
@TThompson81,1,"That scream at the end is Godzilla Savage
witness the Lioness Roar",rp6Eb0n2IKY
@KMADE-yd2ju,1,"As African American im proud but it time for us to go home the whole 50 million back to north western Africa back to being black moors in true Islamic beliefs back to mali, Burkina faso Sierra Leone Senegal ghana Nigeria benin its time to go home we did enough",rp6Eb0n2IKY
@KrystalBaker-r3x,0,"SHE DOESN'T EVEN LOOK OUT OF BREATH OR NOTHING, BUT GOD GOT HIS HANDS ON HER❤❤❤",rp6Eb0n2IKY
@rosemarysmith9911,0,Congratulations ❤🎉😊,rp6Eb0n2IKY
@SBZ925,0,That was some straight predator/prey type shit,rp6Eb0n2IKY
@dramontebivins4894,0,I’m fast as fuck I kid you not but I’m mesmerized watching the acceleration Richardson had in this video,rp6Eb0n2IKY
@laurencelewis651,0,Love the aura,rp6Eb0n2IKY
@motaysoy247,0,ऐसे लगा वो खिड़की से झाक रही हो 😂🔥,rp6Eb0n2IKY
@markpeppers7064,0,Crazy work ❤,rp6Eb0n2IKY
@Richard-pv6yu,0,Pure power and locked tf in!!,rp6Eb0n2IKY
@215phillyphilly,0,She is so poised ❤,rp6Eb0n2IKY
@darkshadough9020,0,Classic moment,rp6Eb0n2IKY
@verdiblanco8,0,She was taking souls. Stay hard.,rp6Eb0n2IKY
@bl2854,0,"That look to the side was her saying

""Tf you bit#he$ thought this was""",rp6Eb0n2IKY
@silkeschreiber4716,0,the look gave me chills,rp6Eb0n2IKY
@chrisp2813,0,🐱 dry than a mf,rp6Eb0n2IKY
@parampreetsinghsudan8056,77,"If it were me, I would have played up with the kid only a little bit to boost his confidence for the future of new ones before trying to seem like I lost that and doing it in such a way so as to not make him think I lost on purpose as that would negatively affect that. I always sacrifice for the young and deserved ones at my expense without thinking what all the people around would think of me and boost the morale of them as I personally view it as a right thing to do. The elder dude should fight someone of his own size.",eo3vmt7R2Vw
@andyslegocreations,64,bro sat on a freshman crazy,eo3vmt7R2Vw
@nahidabegum19,52,That senior is a menace,eo3vmt7R2Vw
@The_GreatPhilosopher,44,"A bit of Respect is very much important than a win,I hope he may understand in future,AMEN!",eo3vmt7R2Vw
@Ozxy01,6,Props to the younger guy he put up a great fight.,eo3vmt7R2Vw
@Give_Tyler.Vitelli_A_Series,2,"The girl in the back screamed ""DON'T TOUCH THE CHAIR! ....GET OFF!"" (if you can read her lips)",eo3vmt7R2Vw
@Isla-y7s,1,oh lol!!!!,eo3vmt7R2Vw
@WizardGtvr,1,Dont sit at home?,eo3vmt7R2Vw
@MahmoudKhereba,1,"Boxing ❌
Chairing☑️",eo3vmt7R2Vw
@iqrainamdar5016,1,That looks like nidal,eo3vmt7R2Vw
@JSTEPHL,1,lil boy was busy fighting a grizzy bear lol,eo3vmt7R2Vw
@Emmi1318,1,That’s my friends older brother……like no joke ik him😂 (the tall senior),eo3vmt7R2Vw
@trolley23,1,Mordecai and rigby ahh fight 💀💀,eo3vmt7R2Vw
@SocialMed-t7g,0,😂,eo3vmt7R2Vw
@demon1c92,0,They look like brothers😂,eo3vmt7R2Vw
@adamspeiser6449,0,"They need to have the chairs glued down or something for this to work. Not very practical, but a lot better than this, though stealing the chair away is smart",eo3vmt7R2Vw
@Sansbryh,0,Freshman:❌ Middle school or elementary:✅,eo3vmt7R2Vw
@CertifiedIdiot2,0,Musical seat?!?!?!?,eo3vmt7R2Vw
@Conor-c5i,0,What a looser should have just let the kid have it,eo3vmt7R2Vw
@karyhanson4286,0,How did the senior make a mistake exactly?! What life lesson did he learn? Didn't the senior actually win?! 🤦,eo3vmt7R2Vw
@doggin6,1,Yeah so absurd.  A baseball player threw a baseball.  🤯,ipTpevuqZAA
@YourMom_27,1,Woooowwwww. He threw ball😱 wow,ipTpevuqZAA
@TheShnewgen,0,God is good!!,ipTpevuqZAA
@Seth-of2ey,0,The pitcher is hunter dobbins he's really good about to get called up,ipTpevuqZAA
@ZaZa83-t8h,0,Yo Thats a line drive scoop n throw from right field to the 3rd base😅😅,ipTpevuqZAA
@cranehead28,0,"Absolute goddamn laser cannon of an arm. As a Sox fan, I approve this. Sox fan or not, you have to appreciate the athleticism of these guys. Baseball players are underrated as professional athletes as well.",ipTpevuqZAA
@dougsmith9450,0,Bro threw a heat seeker,ipTpevuqZAA
@Joseph-u8m9e,0,Test me bro,ipTpevuqZAA
@dustina.6732,0,Looking like Bo Jackson out there! Great throw💯,ipTpevuqZAA
@50K3NO,0,I miss him🥲(Yasiel),ipTpevuqZAA
@Johnnynix52,0,"This is the ""frozen rope"" baseball people refer to",ipTpevuqZAA
@1SavoirFaire,0,A laser! 🎯,ipTpevuqZAA
@MikeWing603,0,😮‍💨,ipTpevuqZAA
@evanhuffman520,0,Bro RF is just rhe 3rd baseman of the outfield lol dont get it twisted,ipTpevuqZAA
@RichardHickman-o8j,0,"That's what we used to call ""A frozen rope!!""",ipTpevuqZAA
@terrydory9269,0,WOW!!!,ipTpevuqZAA
@KyleCotton1,0,That's what some would refer to as a piss missle!!!.😲😲,ipTpevuqZAA
@rickycamp186,0,👍👍👍👍👍💯💯💯💯💯💯,ipTpevuqZAA
@donaldklink794,0,Dude could pitch from center field 😳🤣,ipTpevuqZAA
@dootdoot1867,0,Thats why outfielders have the best arms on the pitch.,ipTpevuqZAA
@sintya-r1y,45,DH being in here twice is perfect ty💀💀,FKYBhZFhhys
@M7_1.,2,Arabic basketball 🏀,FKYBhZFhhys
@AceProtogen,1,Not a funny “prank” you can seriously damage people’s ears for life,FKYBhZFhhys
@doggin6,1,"You could just call this video
“Blacks are annoying”",FKYBhZFhhys
@Skibidisaac,1,bro i dropped my phone under my bed wnd i couldnt find it i was playing it full volume and i had to listen to this fucking shit for like 5 min 😭😭😭😭,FKYBhZFhhys
@MarlonMcmillan,1,❤❤❤❤❤❤❤❤❤😂😂😂😂,FKYBhZFhhys
@luisalbertoparedesmachuca6965,1,The 5☠️,FKYBhZFhhys
@lillypontius3491,1,7 is dh btw,FKYBhZFhhys
@Abc_original_name,1,The last one was the best 😃😀🙂😐🙁😕☹️😭,FKYBhZFhhys
@NEXTGERXIAO,1,Number 3💀,FKYBhZFhhys
@grozzarkazoku8757,0,Okay people there is this thing called PSI they have a meter for it. Use it. Never inflate above the PSI ratting not even 1 PSI,FKYBhZFhhys
@JustBagsley,0,is this actually dangerous? like could it like blow up your hand or something,FKYBhZFhhys
@KauaDossantospereira-rl1nf,0,Uma bola ou é uma bomba 💣 kkkkk,FKYBhZFhhys
@JamesCannon-bn2us,0,guy in green shoes is the funniest to me lol,FKYBhZFhhys
@The-best-fox,0,"Когда я учился в школе у нас были тяжелые толстые мячи, если он лопнет, боюсь школа развалится😂...",FKYBhZFhhys
@ysabellamdeguzman,0,That ball explode,FKYBhZFhhys
@YOSSARIAN313,0,Ive never seen a basketball pop before didnt think it was possible,FKYBhZFhhys
@MaggieMaben,0,Bro has spiDee senses,FKYBhZFhhys
@PROBLEMS_00.01,0,Thank you bro new phobia 👍👍,FKYBhZFhhys
@eljona9850,0,Numer 7 was like a family guy character,FKYBhZFhhys
@stanleyho6922,1,This is why he can't be the face of NBA. Classless.,DvKKfogiBfY
@mncalapati415,1,"I would’ve yelled back, “go take care of your kids” 😳🫥☠️",DvKKfogiBfY
@TTarver-p9s,1,"F¿CK that, .He don't suck , his   the next NBA superstar...!!!",DvKKfogiBfY
@bryanbrown8874,1,That fan need to be removed where is the damn security..soon as one these black athletes slap someone it's gone be a hole movement trying to breakem teach fans how to act..that ain't it,DvKKfogiBfY
@MrStevebo76,0,He’s probably right 🤣,DvKKfogiBfY
@unccuu16,0,You can take ant out of the hood but you can't the hood out of ant,DvKKfogiBfY
@mattricci2981,0,He is 🗑️,DvKKfogiBfY
@understandunderstand1271,0,He is a funny guy,DvKKfogiBfY
@bigsouthside9968,0,We jus comparing our meats now? 😂wtf,DvKKfogiBfY
@crackmanjones1710,0,"It’s sad when your argument is money smh 🤦‍♂️,  stay humble or life will humble you.",DvKKfogiBfY
@AnthonyHernandez-h2u,0,It was cold that night lol,DvKKfogiBfY
@EtiandroRosa,0,"Shows lack of character, lack of discipline",DvKKfogiBfY
@JustinIsbell,0,Got all that $ and don’t deserve it. None of them do. Both sides r small minded and equally ridiculous.,DvKKfogiBfY
@tobywebb7882,0,The NBA is a joke. No one cares about it. All the players care about is clout and looking cool and it’s embarrassing,DvKKfogiBfY
@Kadir-fw7xm,0,"Bro is talking about his d even though he has countless baby mommas at his age already 😂

Gotta work on that pull out game gang",DvKKfogiBfY
@igot5onit423,0,200 bands 😂 That doesn't even get you in the door my guy,DvKKfogiBfY
@edgardusmc,0,I thought they didn’t have locker room talk in the NBA. Atleast that’s what LeBron said after being outraged for trumps audio. Bunch of hypocrites,DvKKfogiBfY
@thomasforsha8239,0,Keep pumping out kids that you'll never meet. Great role model.,DvKKfogiBfY
@MANNMANN21519,0,Instantly shut up 😂😂😂,DvKKfogiBfY
@byronbranch1846,0,Not necessarily,DvKKfogiBfY
@ObaBaller,1,Americans and ther weird games,DRLk8Wryvj4
@WeekdayzOfficial,1,Everyone who plays soccer can do this😊,DRLk8Wryvj4
@matthew8792,1,"Omg! Kickball! I loved playing this in Middle school, and it’s still played! And now I’m soon 16. On the 23. Damm Im old.  😅😅😅 glad to see that it’s still played.",DRLk8Wryvj4
@753rocker357,1,There are rules to kickball? I always just kicked the ball and ran lol. What exactly is happening here?,DRLk8Wryvj4
@kingkap18,0,"my elementary school had some pretty good athletes, we would all compete like it was the SB. i always got team captain lmao",DRLk8Wryvj4
@dummyslapspeakerdreams,0,I don’t get it. Why is that the perfect kick? 🤔💬,DRLk8Wryvj4
@Jdog141,0,Bro there’s adult kick ball leagues? How have I never seen this. I need to get the elementary squad back and go run it. Lol,DRLk8Wryvj4
@krammerzw9110,0,I'd be perfect for that,DRLk8Wryvj4
@UiRickard-oq2ds,0,It don’t gotta be sport js a family thing as we have fun Fr !,DRLk8Wryvj4
@LIVEREGAL,0,in my league u have to kick it past that line and the defense can stop it,DRLk8Wryvj4
@JeffBlazos69,0,I hope her husband gives her a good talking to for that. 🤜👧,DRLk8Wryvj4
@blueskin7377,0,"I miss Kick ball so bad😢, even though I haven't played it in over 40yrs.",DRLk8Wryvj4
@leonelhernandez220,0,Out of all the fields they always choose the one with the soccer goals. Like are you all dumb?!?! The baseball field is perfect for this,DRLk8Wryvj4
@daniella921,0,Explain to me someone 😕,DRLk8Wryvj4
@brianlund3125,0,I have seen some plays like that at our local kickball league.,DRLk8Wryvj4
@unstoppableplayz8678,0,"Personally, home run every kick",DRLk8Wryvj4
@jacobseraphin685,0,"Say what y’all want about kickball, playing it is a lot more fun than watching it.",DRLk8Wryvj4
@chriskibodeaux9818,0,Yeah no she didn’t it went out of bounds!,DRLk8Wryvj4
@alexchettiath7214,0,"God, I miss kickball.",DRLk8Wryvj4
@PabloFlexscobar222,0,Why can’t they grab it?,DRLk8Wryvj4
@amymo5187,7871,They really HATE that guy considering the hole in the drywall,_26CD1P-uRQ
@hasanakhtar-l2p,3691,“Crush him when he shows off” Why didn’t I think of winning? Of course!,_26CD1P-uRQ
@-humans-,1455,"They have 3 holes on the walls
What are they doin beside table tenise",_26CD1P-uRQ
@pingpongmaestros,704,Do you want to learn how to do trickshots? Then check out the linked video😎,_26CD1P-uRQ
@lotus6407,476,"Step 4 is complicated since most amauters don't know the rules in the first place, so they don't even know is cheating. If you're professional enough to make steps 1 to 3, you don't need step 4",_26CD1P-uRQ
@Muito_Genio_cara,245,"The slap on the ball on step 4 was RUTHLESS.
also, why is there a hole in the wall?",_26CD1P-uRQ
@aidanwickham1468,107,Did anyone notice the hole in the wall,_26CD1P-uRQ
@giannabisbee7061,41,"The skills:🗿
The wall:💀",_26CD1P-uRQ
@JaiPandiri,20,That literally me,_26CD1P-uRQ
@mickeymouseio,16,Okay I guess one punch man decided to play ping pong and decided to fling the ping pong into the wall with the paddle,_26CD1P-uRQ
@primelover3433,9,Where was the chating,_26CD1P-uRQ
@yklachuk,8,"10+9=21 cuz if you take 10 and make it 2*5 and 9 to 3*3 and  then shufel them like this :                        3*5    3*2
and then make it a math question like this: (3*5)+(3*2)=21",_26CD1P-uRQ
@steveyasuica3494,6,Why is there random holes in the wall😅😅😅,_26CD1P-uRQ
@Nobodythere_-sp7bv,6,What happened to the wall behind?,_26CD1P-uRQ
@estherpraveen8596,6,First,_26CD1P-uRQ
@Lukyfer401,4,Why is the last chesting???,_26CD1P-uRQ
@StarboundRose,4,Which one is the guy everyone hates?,_26CD1P-uRQ
@VincentCastillo-l3i,3,Do you see the hole in the background in the wall?,_26CD1P-uRQ
@Guhhhhhhhhhhhhhhhhhhhhh-h,2,Nothing is funnier than pingpong rage like ok diet tennis calm down,_26CD1P-uRQ
@MrNizam1,2,Step 1: Be really good at table tennis,_26CD1P-uRQ
@anthonymackey1761,3,He went to tell his mother run 😂😂😂😂😂 i hate when they talk tuff listening to things other people say you better stay safe out here never disrespect another man,10ImvWa5pMY
@alexanderjackson9302,1,That slap hurt.  Lol,10ImvWa5pMY
@patricianewell75,1,"Excuse me Mr. Black man,,, You got totally excited ❤❤❤. That's all I was looking at Ladies 😋",10ImvWa5pMY
@trashass_society6199,1,Bro caught an assault charge cause he’s “like that” lol does he mean stupid?,10ImvWa5pMY
@BubBub-yc8qm,1,How can someone run that fast after getting smacked solid in the ear? 🤷🏼,10ImvWa5pMY
@kesethatrucker,1,Ran off like a bad ahh kid running home.. 😭,10ImvWa5pMY
@goaltotroll4241,1,right to the principal's office,10ImvWa5pMY
@Inland909,0,😂I ain't never seen some1 run w his arms down like that,10ImvWa5pMY
@ndabalraph603,0,Hit 'em up in the background!,10ImvWa5pMY
@cookie209cali,0,How did I know who was going to throw the cheap shot.,10ImvWa5pMY
@scotthammer4007,0,You know he’s still running 🏃,10ImvWa5pMY
@Gladiadorusa,0,My bro run for he’s life 😂😂😂,10ImvWa5pMY
@ddygo,0,That’s that white folk shit Lmaooo 😂😂😂,10ImvWa5pMY
@edwardcoch1554,0,If you're gonna get in the face of a dude that looks like wilt chamberlain you better have some serious MMA skills plus some cardio to go the distance Cause that big boy ain't going down easy,10ImvWa5pMY
@drecarti912,0,ran a 4.2 lmaoo,10ImvWa5pMY
@tanotheamstaff6412,0,They had an argument...he had both hands ocupied with a bag and some shoes...this black guy suckerpunched him...i think they know eachother ...he should definetely go to the police...he never tried to attack the black life ...remember he had bags in his hands,10ImvWa5pMY
@dakotak8437,0,Who talks shit with hands full of shit 😂,10ImvWa5pMY
@Imakebootysclap,0,must have ran to the manager to file a complaint.,10ImvWa5pMY
@danitaking4133,0,Why nobody react to what happened 😂😂everyone carrying on 😂,10ImvWa5pMY
@straightedgestranger,0,Advice: next time have both hands free,10ImvWa5pMY
@YusefFox,957,See look at how loyal us Liverpool fans are ❤ Edit: THANKS SO MUCH FOR 900 LIKES,TJ7ZOFpXzqw
@Moosky1028,843,W assist 🗣️🔥🔥🔥🔥🔥,TJ7ZOFpXzqw
@Elmo_dud,151,It's not an assist by the fan he just passed the ball to them.💀,TJ7ZOFpXzqw
@SaturoGojo587,87,Best assist of the year,TJ7ZOFpXzqw
@JuiceWrldforlif3,60,BRO HELPED LIVERPOOL SCORE LET'S GO,TJ7ZOFpXzqw
@HaruunMohamed-i1y,29,Liverpool fans are just amazing. ❤🎉😊😮,TJ7ZOFpXzqw
@Jayden_playzzzz,9,"for anyone who needs this <3 


I love your hair
I love your eyes
I love your strength 
I love your voice
I love your style 
I love your eye lashes
I love your nose
I love your confidence 
I love your forehead 
I love your hands 
I love your shoulders 
I love your ears 
I love your cheeks 
I love your mouth
I love your personality 
I love that you are brave
I love that you are kind 
I love that you are strong 
I love that you are you
I love that you are smart
I love that you are creative 
You are beautiful
You are nice
You are confident 
You are smart
You are unstoppable 
You are perfect
You are unique 
You are amazing
You are pretty
I love you when you’re mad
I love you when you’re sad
I love you when you’re happy
I love you when you’re anxious 
I love you when you’re embarrassed 
I love you when you’re cheerful 
I love you when you’re disappointed 
I love you when you’re at your lowest
I love you when you’re at your highest 
I’m proud of you for eating
I’m proud of you for setting goals
I’m proud of you for getting up
I’m proud of you for learning 
I’m proud of you for trying 
I’m proud of you for smiling
I’m proud of you for going outside
I’m proud of you for spreading kindness 
I’m proud of you for being you
I’m proud of you no matter what
I know you’re insecure but everyone is
I know you’re not happy but your not alone
I know you’re getting bullied but don’t listen to them
I know you’re sad but try to be happy
I know you’re miserable but your still standing 
I know you feel hated but you are loved
I know you feel sad but deep down you’re happy
I know you feel disappointed but you are proud
I know you are depressed but smile!!

insecurities are only real because of society, so ask yourself.. “would you be who you are right now if it weren’t for them?” and what would you say? don’t hate yourself, because you are worth the world! everyone is different and that’s a good thing. don’t be insecure, just set goals! be yourself and learn to love who you are <3
Maybe check out my channel?",TJ7ZOFpXzqw
@10pstakes18,6,Sometimes I wish I was in a wheelchair so I could get front row seats. Maybe not me actually but I reckon my sister could take one for the team.,TJ7ZOFpXzqw
@ALPHA_GWR,5,Corner taken quickly...  VAN DIJKKK,TJ7ZOFpXzqw
@Fora0045,3,Bro was more useful than xqc,TJ7ZOFpXzqw
@LETU4LIFE,3,If i would get that ball i would be invisible from there in seconds,TJ7ZOFpXzqw
@florisvanherterijck2404,2,"Glaze insane 😂😂😂 
Bro just threw the ball , 
if he helped with the goal every Ballboy
Would be Man of the match 😂😂😂",TJ7ZOFpXzqw
@Rubens-s1y,1,"""A corner taken quickly""",TJ7ZOFpXzqw
@Totallyryanrenolds,1,Bo gave the team a speed boost,TJ7ZOFpXzqw
@NetherikicVoid,1,+2m$,TJ7ZOFpXzqw
@DanielVelkovski-q4h,1,Slavie Prahaaaaaaaaaaaa😂❤❤❤❤,TJ7ZOFpXzqw
@TomKeenan-d2e,1,Bro it's not called the team it called liverpool,TJ7ZOFpXzqw
@Goatofbloxfruits,1,Wow🔥🔥,TJ7ZOFpXzqw
@Northumbrian_fisherman1,1,I’m shure it was Ali Hamidi 😅,TJ7ZOFpXzqw
@Silatoludee679,1,A real meaning if u didn’t video it u wouldn’t believe it 😂,TJ7ZOFpXzqw
@jokermwx--4140,1,Man...all these great stories lately from these 80's/90's players are priceless!!!,5Ndel62adPI
@SeanQuinn-h8j,1,Forgot he shot 30 times 😂,5Ndel62adPI
@SoyDanielFakeChoyeroLosCabos,1,"Thunder Dan, good times",5Ndel62adPI
@thetruthiswhatitis7599,1,"Oh no, not the great defender Thunder Dan!?! Who would've thought? I'd be more impressed if he had done that against way better competition. Melo would have dropped 70 on Dan",5Ndel62adPI
@harlorformula8516,1,He scored 34 points in the game that he’s talking about…… so did the other six points happen in his imagination just so he could tell this fake story to keep his face in the news????????,5Ndel62adPI
@xmurdermysteryxx3536,0,Pete Rose says that's a double standard.,5Ndel62adPI
@TonyJohnson-b2r,0,He wouldn't say to my hometown Detroit bad boys! Jordan fear us,5Ndel62adPI
@Kingkgosi1031,0,MJ was crazy n had mad talent.,5Ndel62adPI
@TheJerome254,0,He could care less about the 400,5Ndel62adPI
@davidpham6221,0,So Jordan was the goat because he was gambling 400$ on a game that ultimately had millions of dollars riding on it. no wonder the jooz made him the face of the league he made them so much money,5Ndel62adPI
@artfrancis9334,0,Wow dan marlee im so impressed,5Ndel62adPI
@leonphelphs4710,0,Checking himself out the game was literally a “Mike drop” 😂,5Ndel62adPI
@mattbybee5354,0,Spent it on coke,5Ndel62adPI
@BBLdrizzy69gaud,0,Being extra competitive in a sport that’s already competitive is diabolical 😂,5Ndel62adPI
@LarryHunter-m1p,0,🔥💀🔥🔥💀🔥,5Ndel62adPI
@ImIm-ns4xq,0,Lebron like I want him on my team I can't do it without him,5Ndel62adPI
@waynegriffin8056,0,Just look at his eyes u knew he was nothing to play wit he didn’t blink alot,5Ndel62adPI
@mframe3735,0,One can speculate MJ's gambling is possibly tied to his dad's murder,5Ndel62adPI
@jovanitineo756,0,But isn’t pete rose not in the hof for betting 😅,5Ndel62adPI
@user-un2ex2im6x,0,Sew littke shit like this bron just aint got  got,5Ndel62adPI
@bulueta4772,49,"Two hearts in love created a third.
Now every giggle, every messy moment,
feels like magic in motion.
This is love.
This is family.
💖👣✨",5K1ugZExdeg
@filpman3276,1,Mini celine would be a grae t actor when she grow up❤who agrees👇,5K1ugZExdeg
@alhafza8138,1,Cute child ❤❤❤,5K1ugZExdeg
@dilnozaalieva6115,1,Mini Celine and is so cute and funny,5K1ugZExdeg
@imamulhossain-i3i,1,Hi I'm imamul hossain my new youtube channel   Bangladesh  boy,5K1ugZExdeg
@ArifaKhanom-j4h,1,Mini celine is so funny 😂,5K1ugZExdeg
@ZaraJamalyan,1,🤦‍♀️🤦‍♀️🤦‍♀️🤦‍♀️🤦‍♀️🤦‍♀️🤦‍♀️🤦‍♀️🤦‍♀️🤦‍♀️🤦‍♀️,5K1ugZExdeg
@JosmeiliLara,1,en bapi Mbappé,5K1ugZExdeg
@Hekzer7,1,"Mini Celine: 
Mbappe❌
Mbappi✅",5K1ugZExdeg
@EmanuelleAndrade-r6u,1,Brasil 🇧🇷,5K1ugZExdeg
@jml8087,1,where is michel or i am not good and i don't like,5K1ugZExdeg
@MamuraTurdiyeva-u3c,0,😂😂😂,5K1ugZExdeg
@JasonReyesv,0,This gave me chills… in the best way,5K1ugZExdeg
@OtkirIbragimov-x5h,0,Neymar,5K1ugZExdeg
@elvismusolola,0,Just say Arsenal if you want to make Mbappe cry,5K1ugZExdeg
@shubhamsinha679,0,"Am, Be, Ae, Piii 😂",5K1ugZExdeg
@احمدرضوان-ج2ج,0,Algorithm finally did something right,5K1ugZExdeg
@Иван-э3н8ю,0,Д,5K1ugZExdeg
@PaolaDelgado-j2k,0,Lo hace lo hace muy mal tu hija,5K1ugZExdeg
@michellebrowne2612,0,What,5K1ugZExdeg
@CrisCrossClips,645,*_SUBSCRIBE FOR MORE SHORTS_* ✅ Do You Think You Could Jump That High? 🤔,hFVjYrGP4CA
@Timmehhh-c3j,2,speed owns the world.,hFVjYrGP4CA
@MyraLong-i7j,1,"""He was a fAiRyYyy! @❤😂",hFVjYrGP4CA
@Asher-x2x,1,😮😬😱,hFVjYrGP4CA
@DeclanWilson-x2x,1,☠️☠️☠️☠️☠️☠️☠️☠️☠️☠️💀💀💀💀💀💀💀💀😱😱😱😱😱😱😱😱😱😱😱😮😮😮😮😮😮😯😯😯😯😲😲😲😲😲😲,hFVjYrGP4CA
@NdueMarku-n7t,1,Bro  speed is not uman😮😮😮😮😮,hFVjYrGP4CA
@MoiseSylvain-t9h,1,I like Ronaldo is the best,hFVjYrGP4CA
@London.P-x7h,1,"Speed is an actual athlete first almost beat Noah Lyles in a race, now jumping Ronaldo’s record if not could’ve got higher 💀🗿   Speed 🔛🔝😁😁",hFVjYrGP4CA
@lee-linnafrica3377,1,Dame,hFVjYrGP4CA
@MordehaiSaban,0,FAKE,hFVjYrGP4CA
@MordehaiSaban,0,FAKE,hFVjYrGP4CA
@MordehaiSaban,0,FAKE,hFVjYrGP4CA
@EuniceLum-n2s,0,😮😮😮😮😮😮😮😮,hFVjYrGP4CA
@caitlinfagan6583,0,Omg!!!!😱,hFVjYrGP4CA
@AlaaAltef-k4v,0,😮😮😮😮😮😮😮😮😮😮😮😮😮😮😮😮😮😮😮😮😮😮😮😮,hFVjYrGP4CA
@MastoraAzizi-f4g,0,that isn’t the  jump ronalfo did,hFVjYrGP4CA
@ashleyrodgers3912,0,Cr7 ❤❤❤❤❤❤❤❤❤❤❤❤❤❤❤❤❤❤❤❤❤❤❤❤❤😊😊❤😊❤😊❤😊❤😊❤😊❤,hFVjYrGP4CA
@llorladiscerrud9744,0,Lo bajaron al 8,hFVjYrGP4CA
@Gabrijel-d4v,0,RONALDO IS THE GOAT,hFVjYrGP4CA
@typzane,0,speed a hide role of jump is a tall ✅🙏💀☠️☠️,hFVjYrGP4CA
@CageStories,1976,Subscribe for daily awesome fight videos! 🥊🔥,hzmRPLbUGkc
@leandrusi4533,1,Greatest troll Ive seen lol 😂,hzmRPLbUGkc
@andin6596,1,Ok this video is lie look up clash of the star its from chechia where popular infulencers fight agains so this is not tournament and the blue guy has problems with dr*gs and dindt trained thats why he taped out,hzmRPLbUGkc
@suyxo,1,"LIE AFTER LIE AFTER LIE!!!! guy in yellow had green guys girlfriend in corner, he was jealous and 2 lines of metamphetamine in so he did it... guy in yellow was winner of the match. There was no tournament",hzmRPLbUGkc
@BreadedSnake,0,How would you pair these two people when one had that sort of advantage?? Did a vegetable do the paring up,hzmRPLbUGkc
@chuckiesfest21,0,technically is a tko,hzmRPLbUGkc
@amonfernandes7386,0,Can't see anyone wearing blue,hzmRPLbUGkc
@bighoopsguy237,0,Terrible tourney design not his fault why risk an injury before finals,hzmRPLbUGkc
@kj123official,0,Why would he get hurt to give chance to the other guy?,hzmRPLbUGkc
@johnnyblaze1411,0,Coward.,hzmRPLbUGkc
@MatijaNonkovic,0,That should be illegal,hzmRPLbUGkc
@LukeBandy-p8d,0,Lol,hzmRPLbUGkc
@MegaSleeze,0,Lock That YN Up Asap😂😂😂😂😂😂😂😂,hzmRPLbUGkc
@chronicmayhem,0,Fight smarter. Not harder,hzmRPLbUGkc
@adolphgutierrez1217,0,You are there to fight no fight no victory,hzmRPLbUGkc
@Dirk-c5y,0,Imagine paying for this fight,hzmRPLbUGkc
@KosteSi,0,its wrong its clash of the stars one is orange is youtuber and blue is trying to be rapper they wanted them to have fight earlier in ring but the blue guy didnt step in the ring because he had broken arm so the guy in orange was in rage cuz he was training for him after that they had this fight and he tapped so he can be angry again + he still got money for stepping in the ring,hzmRPLbUGkc
@AdamosTV-kral.gumakov,0,"Not a championship or nothing, the guy is just a influencer. It is organisation for fights of influencers and the guy had no chance of winninf so he went there just for the money.",hzmRPLbUGkc
@elliottwood1927,0,"As the great Eddie Guerrero said, if ya aint cheatin, you aint trying😅",hzmRPLbUGkc
@kptyler5,0,"Is a sport right? Under the rules of winning and moving forward he did the right thing, why take a chance or get injured before the main event!?? I’m not mad at him it’s not a street fight",hzmRPLbUGkc
@emmastevens5203,0,"sending this to my friend. if she cant accomplish it in 1 week, she owes me food.",n-XnwgiqV14
@cpowerbpower3339,0,Bros' center of gravity is yes,n-XnwgiqV14
@nunocarneiro464,0,Meanwhile she did two burpees and almost died on the third 😂😂😂😂😂😂😂😂,n-XnwgiqV14
@davidlow7217,0,Wow,n-XnwgiqV14
@Ronald-c4y,0,Muscles within his muscles !!!😊👍,n-XnwgiqV14
@BigBlue22-g1g,0,lol as the chick does nothing,n-XnwgiqV14
@paulovicentedelimaxabraw5399,0,Traidor da pátria.,n-XnwgiqV14
@chuckbowman1266,0,"All i see is DEFINITE difference in the man and woman... dont need men...
Idiots",n-XnwgiqV14
@HollisKing,0,Naw that’s tough for real,n-XnwgiqV14
@dustinconlyn320,0,I couldn't even do that in my dream!! But i did more then her! 😂😂,n-XnwgiqV14
@hunterglass7489,0,"That’s cool, but he’s also the same height as that girl next to him",n-XnwgiqV14
@IsraelGaxiola-p6f,0,Con eso quemo un tambache de calorias😊😊😊,n-XnwgiqV14
@Johnny_the_5,0,👀 I'll have what he had for breakfast please,n-XnwgiqV14
@jemalynpascua6816,0,Who's rara lol,n-XnwgiqV14
@Ghost-rf2ye,0,Someone help me make sense of this. You got him doing this and her doing that meanwhile I’m looking for avengers 😂,n-XnwgiqV14
@panama2468,0,Exhibit a of how women are equal to men😂,n-XnwgiqV14
@tishasmith1265,0,He ready! 😅😂😂😂😊😊😊,n-XnwgiqV14
@aaronhogue3928,0,Wakanda forever 🙅🏻👌🏼😎,n-XnwgiqV14
@Rjzking,0,Respect bro for your motivation. Very athleticism 🫡💯🤛🏾,n-XnwgiqV14
@꼬순-o6e,0,뭔지랄을 하는거야 대체,n-XnwgiqV14
@SMF_Boxing,281,Will Crawford do the same and BEAT Canelo??,4iTGoCbEMnY
@mrcommunity992,1,Mayweather schooled him big time!,4iTGoCbEMnY
@michaelstovicek7873,0,How was that a clean hit?,4iTGoCbEMnY
@lilguate719,0,It would be good to watch a rematch,4iTGoCbEMnY
@Rhythm_2,0,That majority decision was criminal no way anyone who saw that fight thought canelo came out on top,4iTGoCbEMnY
@brandenmitchell6827,0,Yea no just another example as to why Floyd just is a lot better than everybody else who boxes,4iTGoCbEMnY
@EscimoJones,0,That shoulder roll right jab was fresh asl,4iTGoCbEMnY
@Jesusisnotwhite777,0,Cooked him,4iTGoCbEMnY
@Blizzyyadigg2112,0,I can see bud doing this 😂,4iTGoCbEMnY
@deandavis9051,0,Slickest guy in boxing ever! Glad I was alive to witness it…,4iTGoCbEMnY
@Leon-mn6fn,0,SWIPED SWUNG AND GOT BOOPED!!!,4iTGoCbEMnY
@ponchobarr3455,0,"Floyd was 
a runner",4iTGoCbEMnY
@ponchobarr3455,0,Floyd was a runner,4iTGoCbEMnY
@looneytoongoon3094,0,I think Floyd was replaced that ain’t the real one just some good boxer,4iTGoCbEMnY
@InternationalReek,0,The greatest boxer to ever put on a pair of gloves 🥊,4iTGoCbEMnY
@diegomanrique1548,0,"that didnt land clean , canelo block it too",4iTGoCbEMnY
@TyroneWilliams-u9c,0,Mayweather gave Canelo a through boxing lesson.,4iTGoCbEMnY
@jasperbooth6383,0,Note he later stalled,4iTGoCbEMnY
@caleafharrison8517,0,The camera couldn't even slow down Mayweather counter jab.... 😮crazy,4iTGoCbEMnY
@Fonze1955,0,Sucked Canelo dry to 152 lbs smart,4iTGoCbEMnY
@Mrdabalos,1,You should be able to double thumbs up this!!! 😂,m3boLZ8MiBA
@emmanuelijomah8163,1,The kid got disciplined,m3boLZ8MiBA
@bantheundead4162,1,Petty AF and I love it 😂😂😂,m3boLZ8MiBA
@ShorteeDoWop7,1,I be remembering MFs too.,m3boLZ8MiBA
@northernbunny9894,1,Because his father didn't teach you someone else did.,m3boLZ8MiBA
@YoJaYmaNz,1,"Its like the intro to a video game where the villian of the game shows up, kills your family, calls you weak and lets you live as he burns your village to the ground. Now with nothing all you have is the lust for revenge and the memory of the vilians face to keep you going. Izzy just started that kids training Arc 😂",m3boLZ8MiBA
@jonoherbst3370,0,Kid learned not to TAUNT opponents they will never forgive or forget,m3boLZ8MiBA
@JaneDough-f1o,0,You get what you fuckin deserve,m3boLZ8MiBA
@jonomuller1965,0,This guy Izzy lives in everyone's head but his own... making fun of a kid hoe watched his hero loose.,m3boLZ8MiBA
@BeatKarbuReal,0,and this video add MAX LEVEL ROASTING for the kid ... and will carved on his mind forever humiliating,m3boLZ8MiBA
@kurayamihyroshi999,0,Bro ate the whole ecosystem,m3boLZ8MiBA
@mariomeans9296,0,PRICELESS 💯💯👍🏾🤣👍🏾🤣👍🏾🤣,m3boLZ8MiBA
@shanedevos527,0,Yep Izzy has a brain the size of the 7yr old 💯🤣🤣,m3boLZ8MiBA
@JosewitThat,0,3-1,m3boLZ8MiBA
@DILLIGAFFB,0,"Izzy ""I took that personally"" Adesanya",m3boLZ8MiBA
@vanessabrown7736,0,"I agree and what the pastor said, I have 2 sons and tell them to obey authorities  law of land",m3boLZ8MiBA
@corysmith4182,0,"His age don't mean nothing, he should know that.his dad should've taught him. Respect....When grown men doing their thing, kids sit down and be quiet. That's how I was raised and that's how I raised my sons.",m3boLZ8MiBA
@GWBROHP,0,Izzy’s hilarious,m3boLZ8MiBA
@suhub1an4,0,Everybody's saying the kid got humbled. No one is talking about how he encouraged Izzy to work harder😂😂,m3boLZ8MiBA
@draysmith8292,0,😂,m3boLZ8MiBA
@Aan-kun,1,Isagi and bachira ahh duo,mLJNuMN6ON0
@SammyBombotclot,1,The ai 😂😂,mLJNuMN6ON0
@DonPerignon-SSS,1,This duo would be as great as Tsubasa and Hyuga,mLJNuMN6ON0
@DannyBubble,1,Bro didn't have the same kit😭💀,mLJNuMN6ON0
@Shadow-fr9yo,1,"Uk seeing that shot made me thing about another duo. Shidou and Sae from blue lock. Shidou the striker, Sae the center mid. Just like Speed said. 

Sae's passes are like magic and Shidou's shoots are unbelievable.

Just like that clip....",mLJNuMN6ON0
@lilymura7558,0,they did a chemical reaction,mLJNuMN6ON0
@NathanCua-e7h,0,Nice editing😂,mLJNuMN6ON0
@Mr_NGM12,0,"Short fk - Messi
Long fk - ronaldo
Pens - either of the 2
St - Ronaldo
Lw/Cam/rw - Messi
The best dribbler the goat of playmaking together with The best shot taker the goat of shooting 
A nightmare for any team",mLJNuMN6ON0
@danialgurung,0,"It’s like Michael Jordan and Lebron James together definitely the greatest duo ever.

MJ is a great scorer 10 time scoring leader, played shooting guard position.
Lebron is a great scorer + great playmaker, plays forward position.

So I think MJ is like Ronaldo and Lebron is like Messi in terms of skill.

That’s why I think this will work greatly, messi will have like atleast 2 assists 2 goals per match and Ronaldo will have atleast 1 assist 3 goals per match if these 2 played together.",mLJNuMN6ON0
@paulomagaldi9481,0,"Could define workout being a duo, the problem is the rest of the team, if the team is good, they would be unstoppable",mLJNuMN6ON0
@ShortFuzz45,0,Lakers in 5,mLJNuMN6ON0
@priskinakos8428,0,"Bro, nice photoshop, for real, nice job",mLJNuMN6ON0
@jangoehring2567,0,That is the biggest football „what if“ Messi 2012 and Ronaldo peak 2015-2017 together in team for 3 years I think they would crush any record,mLJNuMN6ON0
@Gavin-d3f,0,Messi 🤝 Ronaldo,mLJNuMN6ON0
@Aong-t7g,0,You guys all know why god don’t put them at the same team ❤,mLJNuMN6ON0
@mayank0071,0,"Messi -900 assist 
Ronaldo-900 goal",mLJNuMN6ON0
@OpLegendOXD,0,If that happens then they will soon own the gold trophy factory,mLJNuMN6ON0
@MalsawmkimaKhiangte,0,Smoot edit bro nice,mLJNuMN6ON0
@MalsawmkimaKhiangte,0,Smoot edit bro nice,mLJNuMN6ON0
@LightningCycles69,0,Messi and Ronaldo on the same team makes them unstoppable,mLJNuMN6ON0
@FinestTrends,558,🎥 @griswald3 on TT,VpwpqCDliKk
@BobBerardi,2,"I umpired as a teenager and i was doing a game with 12yr olds. A man standing behind the backstop argued about three quarters of my ball and strike calls. After taking it for a few innings, i finally called time and loudly told everyone there that the game was not going one more inning until this guy left the field. He resisted for a minute but was shouted down by the few parents there who actually cared. He left, the game went on to conclusion. This was back in the 70s.",VpwpqCDliKk
@janetmorehouse4665,1,The good thing is... because it was done in front of all those kids and adults... It made for an awesome teaching moment and some great family conversations.,VpwpqCDliKk
@Mrkoolaid333,1,Hey it ain’t his fault he’s 4’10”🤣🤣🤣,VpwpqCDliKk
@stephenedlin3246,0,Nice one Karen,VpwpqCDliKk
@dakotak8437,0,Your a sad umpire you shut a game down bc you cant handle a person,VpwpqCDliKk
@dougt5357,0,Totally unsatisfactory response by the umpire.  The players are the ones who suffered at not being able to play the game.,VpwpqCDliKk
@ericmorrell3908,0,Umps just mad he’s still short😂😂,VpwpqCDliKk
@sheldonmatthews4807,0,"As a former umpire my favourite line was “I hope you like the view from the parking lot, cuz that’s where you’re watching the rest of the game” and I wouldn’t start the game until they left the area. I would go to both coaches and tell them that, and I could get away with it, I would end up saying to the coaches “I want more pay for the time being wasted by that spectator or your team will be losing the game or they leave, pick one” 
Once threaten a game loss, or that I’d go to the league demanding more money, that parent was usually escorted of the diamond. I never actually intended on going to the league, was just an empty threat. It was a matter that most teams knew that I really wanted to I would.",VpwpqCDliKk
@up.northbro,0,This is why refs and umpires are quitting all over the world,VpwpqCDliKk
@SteveBurton-xk3ym,0,Parents are more immature than the kids on the field!!!,VpwpqCDliKk
@Burton_aka,0,"Thank you
1st observation is he was
talkin to someone else. My 
guess is his balls & strikes 
was already affecting one team.
What the lady said was funny, 
though. Not right or wrong, just
funny. Gotta hand it to adults who
love hittin that social joy buzzer.",VpwpqCDliKk
@ScottZrocky,0,"I coached for years and parents are terrible, all the kids have to see this and think it’s okay later in life, sad",VpwpqCDliKk
@buddyvincent9205,0,She should mind her own business.,VpwpqCDliKk
@sydneysantillana2193,0,What a terrible thing to say!  So mean!,VpwpqCDliKk
@knowledgeispower9202,0,"everybody saying she's overweight, but i think she's more like the kind of woman who has different guys over to ""fix the pipes"" while her husband is working to pay for all her botox.",VpwpqCDliKk
@ralphtkane1106,0,10k,VpwpqCDliKk
@Virginiashadow,0,"Too many adults weren't raised to fear their parents.  In my house, talk crap get smacked. I learned early that pain makes a person think twice before talking trash.",VpwpqCDliKk
@joshhandy2070,0,I reffed hockey as a teenager and hockey parents and coaches are just as bad.,VpwpqCDliKk
@williamw5604,0,Single mom I'm sure.,VpwpqCDliKk
@hischild8483,0,"""Go! Go! You're invincible!"" 🏃‍♂️",zkIo8IVMU-s
@alexking105,0,"So.. instead of touching first base, Will decided to chase Baez home? Wow...",zkIo8IVMU-s
@Xarai,0,still boring af,zkIo8IVMU-s
@RubixCub3,0,Pirates never seem to disappoint.,zkIo8IVMU-s
@donquixote3032,0,I remember watching this on tv 🤌🏾,zkIo8IVMU-s
@willmoblo75,0,Current tigers fan. Javy will resurrect,zkIo8IVMU-s
@davidh8115,0,San Diegan here... and yea that was cool,zkIo8IVMU-s
@RobertCarter-d4j,0,All he had to do was touch the bag? Basic ball? Look like little league.,zkIo8IVMU-s
@sirwojenheimthethird2268,0,The first baseman literally had an entire operating system meltdown and forgot that the batter can not return to home plate.,zkIo8IVMU-s
@detectiveandy6323,0,"Pirate fan here, can we quit showing this please already? lol",zkIo8IVMU-s
@danielhanson1434,0,Why didn’t number 38 hustle tag him out then throw to home why tf is he light jogging,zkIo8IVMU-s
@tlaa998,0,Keep going! You’re invisible! 😂,zkIo8IVMU-s
@thefailist_,0,Imagine not just touching first base BEING PAID MILLIONS TO TOUCH FIRST BASE 😂😂,zkIo8IVMU-s
@georgep2112,0,It was like I was watching Little League BB.,zkIo8IVMU-s
@Jkrocket78,0,What on earth was the first baseman thinking. I guess he wasn't thats the problem. Wow. Looked like 12n under league.,zkIo8IVMU-s
@OneTequilaTwoTequila,0,"I haven't played baseball for almost 50 years, nor do I watch it, but could the first baseman not have just touched 1st base with his foot rather than trying to run after the batter to tag him?",zkIo8IVMU-s
@markfunair8711,0,Why doesn't major league have the rule that once you head back to home you are out,zkIo8IVMU-s
@hectorpuente316,0,The sandlot,zkIo8IVMU-s
@brianmorgan4485,0,They be taking the wrong injections,zkIo8IVMU-s
@lucascarman2578,0,Literally just step on first base and the inning is over and the run doesn't count. Horrible game sense.,zkIo8IVMU-s
@valeriehouston50,2,How come I watched this too many times? 🎉😊,P0dNWaL6q3s
@vnesssblk1,2,This Here!!😊😊😊😊😊❤❤❤❤❤,P0dNWaL6q3s
@columbusmitchell6545,2,I watched this about 10× already.,P0dNWaL6q3s
@rubenpena1410,2,El negro siempre tiene sabor y belleza de más,P0dNWaL6q3s
@queensheenz8400,2,✊🏾🤎🖤🤎🖤,P0dNWaL6q3s
@queensheenz8400,2,MID INTERVIEW,P0dNWaL6q3s
@chocolateintell,2,What's stronger than strong words Soul power Ha.,P0dNWaL6q3s
@iam7musicrapper511,1,😂😂😂😂,P0dNWaL6q3s
@msprice8934,1,"Family that love, care & respect each other always show love no matter where they at.",P0dNWaL6q3s
@shontelljackson3719,1,I love us … one 🕺🏿 dance 🕺🏿 move “shoulder shake” we out‼️🩵🩵,P0dNWaL6q3s
@talviastill651,1,Yes 🙌🏾 😂😂😂❤❤❤❤,P0dNWaL6q3s
@kellyendl5173,1,Fanfreakingtastic! 👊😁,P0dNWaL6q3s
@tamieholmes1725,1,"IM EXCITED 2 B ..BLACK 

WE LOVE LIFE AND get 2 c the truth",P0dNWaL6q3s
@madflavason,1,ABSOLUTELY,P0dNWaL6q3s
@nicoleh2073,1,My cousins play football....this  is so like them,P0dNWaL6q3s
@brendagibbsgolder7275,1,ONE LOVE LAWYER MCGHEE!!,P0dNWaL6q3s
@SonjaSmith-u6f,1,He’s gigged out 😂😂😂😂❤❤❤,P0dNWaL6q3s
@daisylthomas219,1,I can not count how many times I watched this I love it ❤❤❤❤❤❤,P0dNWaL6q3s
@SuperProcrastina,1,The way they hugged each other!  ❤️,P0dNWaL6q3s
@SuperProcrastina,1,Love this! ❤️❤️❤️,P0dNWaL6q3s
@LucyRae-l7r,67,Ty never fails to demonstrate his superior skills 🤣😂😂,UvAnYnJDpJc
@LewisSoul,24,This is SO satisfying to watch! 😍👏Who else is watching this on repeat? 😂🙌😂😂😂,UvAnYnJDpJc
@LeeBunbury,2,This is SO satisfying to watch! 😍👏Who else is watching this on repeat? 😂🙌,UvAnYnJDpJc
@VijaySharma-uw7bl,2,Song name pls??,UvAnYnJDpJc
@BenesFaithful,1,This is SO satisfying to watch! 😍👏How did you even do that?! 😱🤯,UvAnYnJDpJc
@LewisSoul,1,This is SO satisfying to watch! 😍👏How did you even do that?! 😱🤯,UvAnYnJDpJc
@angito-oc5kl,1,😮🤯🤯,UvAnYnJDpJc
@BenesFaithful,1,"Come on, how far have these comments come?🎉🎉🎉❤❤❤❤❤",UvAnYnJDpJc
@OliviaCarolinee,1,"Come on, how far have these comments come?🎉🎉🎉❤❤❤❤❤",UvAnYnJDpJc
@eddiexd3389,1,When he said Garrett i thought he ment his garrett lol,UvAnYnJDpJc
@محمدعليمحمدراشد-غ9ذ,1,"كروما خضراء = كذب 
Green chroma = lie",UvAnYnJDpJc
@CODKraken7000,1,WE NEED A DP GOLF CHANNEL! ⛳🏌️🏌️‍♂️🏌️‍♀️,UvAnYnJDpJc
@CODKraken7000,1,100 MILLION VIEWS 🥳🥳🙌🙌,UvAnYnJDpJc
@Arlecchino_Plushie,1,Whats the name of the song?,UvAnYnJDpJc
@Arkeinr0y,0,I miss dudeperfect,UvAnYnJDpJc
@peteyoung3124,0,No precision or accuracy with those clubs. 😂,UvAnYnJDpJc
@lyingeyes5579,0,Get a job - the hardest,UvAnYnJDpJc
@matthewtellis8640,0,lucky number 30,UvAnYnJDpJc
@camronwright7259,0,Love to see that dp is still going.,UvAnYnJDpJc
@sameerdiwakar4937,0,Reverse,UvAnYnJDpJc
@Kendro300,51,That advice was worth way more than his autograph🔥,e4PMTuAMgi4
@913NUPE,12,Jordan is signing checks now!!!! Good stuff young man!!!!,e4PMTuAMgi4
@MrMarshall505,7,This is the shit that could ‘BREAK’ or ‘MAKE’ you!,e4PMTuAMgi4
@jquizzlestick,5,"In 1989, I worked at La Costa Hotel and spa as a room service waiter. MJ was staying there. He ordered a beverage cart that was $2800. It took 4 hours to put it together. He tipped me $2 dollars. I will never forget it. Never looked at him the same.",e4PMTuAMgi4
@michaelgreen490,1,"This is one in many of Jordan doing kids like this, so it's motivating to some but hearts others..... His way of weeding out the strongest I guess",e4PMTuAMgi4
@EdRowesOpinion,1,"Jordan stay playing everybody and y'all stay sucking' em . Dummies, I don't idolize no one but God.",e4PMTuAMgi4
@Kendro300,1,Jordan inspired him to go hard🔥,e4PMTuAMgi4
@nyz6912,0,"That’s the difference in ambition. Some people would take that as, “he said I’m not good enough for his autograph” rather this guys seen it for what is was and worked toward it",e4PMTuAMgi4
@Batman3488,0,Everyone know mj dont fool with his people,e4PMTuAMgi4
@shelianichols6936,0,Jordan was a prick,e4PMTuAMgi4
@Withtruthandlove,0,Mj is a punkkkkk,e4PMTuAMgi4
@joehsaintina9151,0,That's why i wouldn't sign a deal with his company.,e4PMTuAMgi4
@destineeallen88,0,Once my brother and a bunch of young boys waited for Jordan at the airport. And he walked right by them. 😭 my mom was so crush for my brother.,e4PMTuAMgi4
@LAAM619,0,"MJ is the goat, but he is an asshole. 😂",e4PMTuAMgi4
@davidburnside4482,0,💣,e4PMTuAMgi4
@Keath-b5c,0,Even though I love his basketball skills but Jordan was and still is a dick! He wouldn't sign autographs or take pics with fans but had no problem cashing in on his jersey sales and them ugly ass over priced shoes that many youngen died over! And yup back in the day I was guilty of keeping a pair of fresh Jordans on my feet because the life style I was living and yup I was following what every body else was doing! Arrogant ASF!,e4PMTuAMgi4
@emfarah3758,0,So the answer was no 😂,e4PMTuAMgi4
@TheBigPhoondaMental,0,See bronsexuals thats how you take tuff love,e4PMTuAMgi4
@cobyburdick4269,0,Now go produce,e4PMTuAMgi4
@quintan007,0,Moral only rich kids make it in the nba nfl nowadays,e4PMTuAMgi4
@Iheartshelby,3886,"Everyone in the comments being such a square, he obviously wasn’t a pro, and this obviously isn’t allowed.",CQZLEJaZv8Q
@radg7405,2,Bro said we can go band4band,CQZLEJaZv8Q
@ikilledsometoysInPlaytimeCo,1,Bro played basket foot ball,CQZLEJaZv8Q
@rigoeguzman8758,1,That trick is pretty hard to do but with basketball 😭,CQZLEJaZv8Q
@jijinaveen3533,1,WTF is soccer 😒... I only know Football ---------------------->,CQZLEJaZv8Q
@GOAT_07_DANISH630,1,Not soccer it's football😂😂,CQZLEJaZv8Q
@ShayanBagheri-h5u,1,He is cristiano James 😂😂😂😂,CQZLEJaZv8Q
@WaldemarAndrzejewski-o6s,1,This is basketball😂😂😂,CQZLEJaZv8Q
@SebC15,1,Bro it’s not that hard to rainbow 💀 I’ve known how to rainbow since 2nd grade,CQZLEJaZv8Q
@Spideykid-rizzler,1,Bro he is Steve💀💀,CQZLEJaZv8Q
@JureSPORA,1,profeschonol football in anerika is mecdonals,CQZLEJaZv8Q
@faizakhanam429,1,It's not soccer It's  football,CQZLEJaZv8Q
@TBZ.313,1,Football*,CQZLEJaZv8Q
@TacoMan-j1u,0,It’s the I’m 40 guy,CQZLEJaZv8Q
@Goat1-23,0,Bro saw Jesus 😊,CQZLEJaZv8Q
@UnderInsert,0,never listen to the text in the video btw,CQZLEJaZv8Q
@MalikParisi,0,Soccer… wow,CQZLEJaZv8Q
@AddiJah-m8g,0,Bro got cooked ☠️,CQZLEJaZv8Q
@stanleydaopuye7334,0,It doesn't mean he's a professional in soccer,CQZLEJaZv8Q
@Naman-n3v,0,It's football not soccer,CQZLEJaZv8Q
@sussysayquan,450,chopped ahh field😭🙏,NH1vqmM-E2c
@MrBanana-12345,209,What is that batting stance 😭👀💀,NH1vqmM-E2c
@howzit9397,113,lol like he pulled a muscle someplace 😂😂😂😂,NH1vqmM-E2c
@bentlichristianer2994,93,When coach gives me the green light on a 3-0 count. Good sportsmanship by the catcher,NH1vqmM-E2c
@Qui-Dad-Jinn,24,Kid swung like his life depended on it.,NH1vqmM-E2c
@Jesus-is-king-10,21,Looks like Eric sim,NH1vqmM-E2c
@SquidyInk-vr8vk,20,"Judging from the jersey, how is this kid on a TRAVEL ball team. His parents must be really rich.",NH1vqmM-E2c
@phillipayoung10,11,Sportsmanship.... priceless,NH1vqmM-E2c
@donpM.A.D.4412,11,Sportsmanship!! For real....🎉,NH1vqmM-E2c
@jacejohnsen2308,9,King of little leuge Eric sim,NH1vqmM-E2c
@P4vlie,7,Some effort went into that. He managed to throw the bat at himself.,NH1vqmM-E2c
@seanford8817,4,"Goofy ah batting stance 😂😂😂😂
👇",NH1vqmM-E2c
@Zlagy,4,Bro didn’t even look at the ball lol he was aiming for tha fence,NH1vqmM-E2c
@scottr9064,4,What the hell. His stance and mechanics is bad.,NH1vqmM-E2c
@EliThompson-k3l,3,Broskee swung so hard that his helmet fell off 😂,NH1vqmM-E2c
@Dukkkylol,3,Baseball 9 ahh stance,NH1vqmM-E2c
@buckrogers2362,3,He does ?,NH1vqmM-E2c
@lizooo2740,2,😮,NH1vqmM-E2c
@Cooluck22,2,W,NH1vqmM-E2c
@jrod2510,1,"That's completely opposite of the ""perfect two strike approach"" ...",NH1vqmM-E2c
@kalliamy,43,I love watching rugby for this reason 😂 all that cake and yams really feeds the appetite😭😭😭,8_LdDIaNjQY
@Sky.Berryyy,1,Yes Jeenie! Rugby is so underrated and i agree lmao😂,8_LdDIaNjQY
@Rory.McLarty,1,BBL I tell youuuu!!!!!!!😂✨✨✨✨😔✋,8_LdDIaNjQY
@AnelleWorst,1,"Really your first time 🙄 you should watch more iets fun 
AS JY AFRIKAANS IS LIKE YOU N COMMENT❤❤❤",8_LdDIaNjQY
@danielgetamesay26,1,This sport gay asf😂😂😂😂,8_LdDIaNjQY
@arezbabire3048,1,You already know they don't want any kids 😂,8_LdDIaNjQY
@ShoodyBell-s4o,0,Thats one reason i love nz,8_LdDIaNjQY
@courtneyepps3313,0,Man.. wtf,8_LdDIaNjQY
@kellykeefe6367,0,I don’t get it,8_LdDIaNjQY
@MilesEdger,0,Yaoi???… okaybro,8_LdDIaNjQY
@QueenOfAllGold,0,Do girls play rugby too? Just for research,8_LdDIaNjQY
@ray-raydhi8325,0,There’s a reason Heartstopper featured rugby😂😂😂,8_LdDIaNjQY
@Amelia-bn2vc,0,Why nick and Charlie liked rugby,8_LdDIaNjQY
@クウェジエル,0,"Me and my bestie be like: ""OMG! they're gay!-"" 😂",8_LdDIaNjQY
@Michiboiii,0,Thats rugby union,8_LdDIaNjQY
@bilsygukisuva6402,0,My dad plays rugby he was in the rugby final,8_LdDIaNjQY
@DelilahWengert,0,𝓘 𝓽𝓱𝓸𝓾𝓰𝓱𝓽 𝓽𝓱𝓮𝔂 𝔀𝓮𝓻𝓮 𝓰𝓲𝓿𝓲𝓷𝓰 𝓽𝓱𝓮𝓶 𝔀𝓮𝓰𝓲𝓮𝓼😂,8_LdDIaNjQY
@unknownmanufacturer2669,0,But why would someone actively want a wedgie tho like thats gotta hurt 😂😂😂,8_LdDIaNjQY
@its_amarysso,0,Youre forgetting lesbians have female rugby too,8_LdDIaNjQY
@gil-sc3qe,0,😂😂😂,8_LdDIaNjQY
@trentin_dino,21,I need to drink more milk😂😂😂😅,EZVtos5rZIU
@michellereece5201,20,If those who called her a cheater skill issue,EZVtos5rZIU
@sniperex22,11,She ran like that one titan form aot,EZVtos5rZIU
@AkashKangal-q8m,10,That s the point ot basketball 🏀,EZVtos5rZIU
@thecrimsondragonden-n-thed8721,4,She can't help the way she is they need to stop,EZVtos5rZIU
@samiyaabdulle154,3,Whoever calls her a cheater or are you supposed to be tall in basketball?😅,EZVtos5rZIU
@donbrewer8781,2,No body  complaining about wilt Chamberlin or Lewis alcindor,EZVtos5rZIU
@meleciabrown5164,2,it is ture she is cheating she is to tall,EZVtos5rZIU
@ShelleySmith-m8q,2,👎  that's cap,EZVtos5rZIU
@ChelseaHolligan,2,😂😂😂😂❤❤❤❤❤,EZVtos5rZIU
@dristonowen7681,1,I cant beleave people these videos the tallest basketball player is Olivier Rioux at 7 foot 9 inches.,EZVtos5rZIU
@philnelson-cy8df,1,I swear there is a boy basketball player that is teller right,EZVtos5rZIU
@adamgao2162,1,whoever called her a cheater is 4’9,EZVtos5rZIU
@ErdemErdem-Undrakh,1,Bro someone is 7.7,EZVtos5rZIU
@Alexa-f5f4p,1,7 ft is the tallest someone can go that's highest,EZVtos5rZIU
@samdiego8195,1,She shouldn't be allowed IN the basketball? Well I think people might be right...,EZVtos5rZIU
@Takia-c2o,0,She a gaint where them legs came from,EZVtos5rZIU
@Takia-c2o,0,Damn,EZVtos5rZIU
@ChristineMagolta,0,She is not a cheater rude 🤬😡🤬😠🤬😤,EZVtos5rZIU
@MarcusJayRamos,0,Wheres the asian guy,EZVtos5rZIU
@DiogenesTheOptimist,1,"Hes in character guys, chill 😂",LUDm3fFYmoo
@assassin3003,0,One devent slap and he is on life support,LUDm3fFYmoo
@robertzavala2272,0,Bar like 45 pounds wtf!!,LUDm3fFYmoo
@jessesmith1657,0,Isnt the bar only like 40lbs?,LUDm3fFYmoo
@Kingceaze318,0,Hate Covington but props for not clowning on him,LUDm3fFYmoo
@joshthomas3509,0,You have no hope 🤡,LUDm3fFYmoo
@nonsensicalwebby1663,0,"How is this even mechanically possible?
Based on his height and gender, he should just be naturally strong enough…",LUDm3fFYmoo
@Choir000,0,"Bruh should start at level one
😂😂😂😂😂😂😂😂
All right 5 pound dumbbells
For biceps 
Ummm Holden some 5 pounds
Squats  ok😂😂😂😂",LUDm3fFYmoo
@RFlD,0,He didn't even try will never gain muscle at all,LUDm3fFYmoo
@myerah7178,0,He could easily lift that bar. He didn’t even try. Just apart of his character,LUDm3fFYmoo
@Cocostinkypaws,0,He can lift the damn bar lmao,LUDm3fFYmoo
@Louis-pv3on,0,Lil boy didn’t even really try …,LUDm3fFYmoo
@sofian493,0,Thank god and thanks to my dad for growing me up like a man,LUDm3fFYmoo
@anttru122,0,All mental,LUDm3fFYmoo
@AshtonKutcker,0,Jus lazy dude,LUDm3fFYmoo
@inefzi,0,He's got to be trolling right?...RIGHT!?,LUDm3fFYmoo
@xITEAMBIx,0,That isnt a strength issue thats an issue with effort and motivation. He thinks he can half ass weightlifting.,LUDm3fFYmoo
@shepboy96,0,Neon is a beta male,LUDm3fFYmoo
@DS-wl5pk,0,".....alright look you dont have to start with weights. This man would girst benefit from a good routine of calesthetics. 

Then he will have the confidence and strength for normal weight traininh",LUDm3fFYmoo
@jakemccoy,0,"Get those newbie gains! Be ripped in 2 years, and then do a before-and-after video.",LUDm3fFYmoo
@Giman_iets,552,"This is the best workout ive ever seen, and for that reason, im out. -the clippers",mEl56fb27lk
@dnad85,221,These are the little nuanced moments that Kobe and Jordan thrived on. I can imagine this is just one of the early moment of rejection in Kobe’s career that pushed his motivation and workouts to the max! He had so much to prove when he came in!,mEl56fb27lk
@Comptoncom222,81,As a laker fan. THANK YOU CLIPPERS .,mEl56fb27lk
@drelasoul17,39,Every team that passed up Kobe definitely regretted it,mEl56fb27lk
@RainNights-s3q,8,That 17 year old kid became one of the greatest to ever do it.,mEl56fb27lk
@yennek007,7,Kobe you are LA bound  from jump Jerry West already knew it!!,mEl56fb27lk
@EddieGriffin-w6t,6,"After Jordan, is Kobe. Everyone else can take a back seat.",mEl56fb27lk
@timmynits9329,4,Clippers organization crying to this day,mEl56fb27lk
@Drxwze,3,Imagine a prime Blake griffin and Kobe.,mEl56fb27lk
@TheBlankNoName,2,"Fumbled Kobe, Fumbled SGA, Clippers do what the clippers do best 😂",mEl56fb27lk
@JasonL-c2o,1,“And I took that personally” ahh clip😎,mEl56fb27lk
@Fjweifoss47474,1,They said no because they traveled using helicopters frequently,mEl56fb27lk
@ajaycarter8514,1,"And from that point on, the Clippers were never again taken seriously.",mEl56fb27lk
@cloutsteezo2269,1,Most clippers move ever,mEl56fb27lk
@777Samiboy,1,"There’s def a parallel universe where 17yo Kobe went off with the clippers for who knows while being in house ovals with Shaq in lakers.

High chance Tim Duncan gets even more rings without having to worry about Kobe/Shaq duo in early 2000s",mEl56fb27lk
@ernestrimbeck7630,0,Clippers dodged a bullet,mEl56fb27lk
@Wevic42,0,People forget the clippers was a racist organization lead by a racist owner,mEl56fb27lk
@mikeadams9260,0,Well they were correct because remember when Kobe first got into the league he wasn't ready like LeBron,mEl56fb27lk
@laviebanale,0,"When Jerry West is interested, that means sth.",mEl56fb27lk
@SurfNturfz,0,The clippers been clippin for generations 😂😂😂,mEl56fb27lk
@fliksr3727,910,Crazy to see the legendary Bob Stoops coaching in the UFL. But he does love football so it’s cool to see him while still out there doing it!,H0XuPhvvi9s
@squatonthecomet1306,375,They gotta be adding crowd noise to these games,H0XuPhvvi9s
@RedblackSaws,272,"As a Brahmas fan, I can sleep well tonight knowing Arlington is taking care of Texas well, thanks boys",H0XuPhvvi9s
@joshpierce7449,190,The way his boys immediately switched to offense and have him covered was awesome,H0XuPhvvi9s
@James-d2i8f,99,The three people in the stands loved it,H0XuPhvvi9s
@mike.livvvv,48,did I hear a grown man scream or was that a seagull,H0XuPhvvi9s
@kuso3079,23,Him squeaking when 15 caught him was funny,H0XuPhvvi9s
@rowdykindhart7115,19,Not my hawks that hurts mane,H0XuPhvvi9s
@lindah.2815,17,His teammates had him covered great play by all.,H0XuPhvvi9s
@bluntroastin,13,Two teams wearing basically the same colors is crazy,H0XuPhvvi9s
@jordanwest43,13,My kind of coach!!!,H0XuPhvvi9s
@xHiiTMalRk3rzx,12,"He is the coach of the football team, of course he wanted his team to score a touchdown 😂",H0XuPhvvi9s
@raidgaming3942,10,"As a OU fan, love seeing him out there still coaching, made me a renegades fan lol",H0XuPhvvi9s
@Undreamt412,8,Great play yo,H0XuPhvvi9s
@daedae4463,7,Coach act like can’t nobody walk past him😂,H0XuPhvvi9s
@marcusjones3429,3,They altered the script,H0XuPhvvi9s
@HeartlessWon506,3,I’m so happy he’s not at OU during NIL times 😁,H0XuPhvvi9s
@snubxo,3,Teammate almost took em out 😭,H0XuPhvvi9s
@sheppaveli255,2,Bob got that old coach walk now 😂😂😂,H0XuPhvvi9s
@konnerpoyner2060,2,That dude threw it in triple coverage let alone tried throwing a lower ball. For his man… no look for check down no look for anything else already had his mind made. Maybe I should sign up lol,H0XuPhvvi9s
@yogalovemana,2,"Yo.  Lakers look like they need an early vacation from the playoffs. LBJ looking slow, Luka looking slow, Reaves looking like he is struggling along with the rest of the team. Minnesota should sweep LAL.",9mEhaQQ0C8Y
@lisam.willson1679,2,"Ant Man, Spider Man, Iron Man... Lakers to Cancun in 5.",9mEhaQQ0C8Y
@dariuscarroll9863,1,"""Everybody acting tough when they up""",9mEhaQQ0C8Y
@jccereso,1,lets sex,9mEhaQQ0C8Y
@brandblue8980,1,LeBron still here 5:27 still got it,9mEhaQQ0C8Y
@laurenhunt9646,1,Come on Lakers that was pathetic. Y'all had off too long and y'all better do something about it in the next game,9mEhaQQ0C8Y
@RusticParley53,1,Reid was showing off 😂😂😂,9mEhaQQ0C8Y
@RusticParley53,1,Bta😂,9mEhaQQ0C8Y
@robt4730,1,Let’s go Anthony Edwards all of Atlanta rooting for you since the Hawks are out,9mEhaQQ0C8Y
@neogamerfort9632,1,“Anthony Edwards’s hotter then fish Greece” wtf is that supposed to mean☠️☠️,9mEhaQQ0C8Y
@jerrygergich9250,1,8:30 Naz and McDaniels start walking away knowing Ant's gonna make that 3,9mEhaQQ0C8Y
@Bobbocamp,1,Why show lebrons block on NAW but skip over both naz and Rudy’s block on Lebron? They didn’t even win and the bias is still crazy.,9mEhaQQ0C8Y
@B00mG0esTheDyn0mite,1,"😂 LeStat James got his numbers so no worries, he'll get better stats next game 😅 he also made the Wolves better playing defense.",9mEhaQQ0C8Y
@DraiperJackson,1,Jamaica in 5😂😂😂,9mEhaQQ0C8Y
@lenen4337,1,"Time to retire old man, if you have any decency left. The past five years have just been stat padding for LeBum",9mEhaQQ0C8Y
@SockDaddy,1,Lakers in 5,9mEhaQQ0C8Y
@realtalkphph,1,my lakers is in trouble,9mEhaQQ0C8Y
@Swinn10,0,So Naz and Jaden didnt play like Tracey McGrady tonight,9mEhaQQ0C8Y
@Mitch-z1t,0,Gobert is worse then useless omg,9mEhaQQ0C8Y
@diamondreactions7493,0,Mhmm here after game 2 when yall ain’t shooting 55% from three and got smashed on had a double digit lead for like 30 in games minutes so from end of the 1st to mid 4th. Now watch how bad it gets into the next games,9mEhaQQ0C8Y
@youngestclub,409,Via. (@ashlynpinner) and (@brandongray_usf) on Insta,VXg71E3HBxk
@Mordikay211,2,You may not like it but this is what peak male performance look like.,VXg71E3HBxk
@TICTACBOYONE,1,AWESOME 🔥🔥🔥,VXg71E3HBxk
@KasperFrederikChristiansen,1,This is so darn impressive! O.O,VXg71E3HBxk
@mrhuge4750,1,"This guy is a true True piece of machinery marvel needs to make a comic about him call him the 
“ sheer leader “ Maybe he could be hoax cousin  but he definitely ain’t green!
And she could be the black panthers unknown sister “ Tumble Bee “ just saying.",VXg71E3HBxk
@bleachedout805,1,Dude still needs to lose weight.,VXg71E3HBxk
@javanarowe1119,1,Excellent,VXg71E3HBxk
@silly_goofs,1,the trick to building a tall tower is to have a strong base,VXg71E3HBxk
@Bendylife,1,I definitely can not lift en entire person up with just one hand. Damn,VXg71E3HBxk
@TomE-sq2lq,1,to anyone who makes fun of him    he gets to handle those cheer leaders more than most lol,VXg71E3HBxk
@robertleese5039,0,Good job my man,VXg71E3HBxk
@AsyrafAzizTV,0,I'm ngl that dude is built different in term of strength 😮,VXg71E3HBxk
@yogiredd3049,0,Wow,VXg71E3HBxk
@selinaozuna9079,0,I ship them ❤!,VXg71E3HBxk
@genuineparticle,0,Sick clip,VXg71E3HBxk
@claudieC.,0,He's amazing  what a team they made.,VXg71E3HBxk
@annamcpherson2018,0,"My dude is genius lol, when life gives you lemons you find a damn bag of sugar and some water and make lemonade 😄",VXg71E3HBxk
@pablogarcia4902,0,That was great,VXg71E3HBxk
@jwsolutions99,0,Most Impressive!,VXg71E3HBxk
@JonLa89,0,This man is a Jujitsu Kaisen character who has Domain Expansion mastery of The Friend Zone.,VXg71E3HBxk
@SuperGymnastics,1486,Do YOU think College Gymnastics was the right choice for her?🤔,DsNi-KtaN_M
@alisafehr4708,53,Katelyn ohashi is in a class by herself... she represents perfection in her craft with grace and elegance beautifully 😍,DsNi-KtaN_M
@ToLovelyJesus,5,She seems to have more freedom with college gymnastics.,DsNi-KtaN_M
@HollyShanks-bn3ov,3,"I'm not trying to take away from the INCREDIBLE talent, but... she has also become one of the most BEAUTIFUL women!",DsNi-KtaN_M
@youtubepunisher8695,1,Absolutely CRAZY that she got fat shamed when she is literally hot (with all due respect). And i know damn well millions of men and probably many women would agree,DsNi-KtaN_M
@lonniecrutchfield2930,1,She definitely came in to slay the competition.,DsNi-KtaN_M
@jasminejones193,1,Because In College She Was Getting High Scores For Booty Shakin and Tryna Be Cute! That BS Doesn't Get You Anywhere With Those ELITE Judges!,DsNi-KtaN_M
@Boophillips12,0,The college routine/edit goes perfect with this song. So graceful and badass,DsNi-KtaN_M
@DemonicAngelicGurl,0,She was pure grace in motion in the second clip,DsNi-KtaN_M
@paulstallings93,0,"College Gymnastics is definitely more relaxed than elite level, I've noticed.",DsNi-KtaN_M
@sandradurr7580,0,That last flip was INSANE and soooo...beautifully  executed.😮❤,DsNi-KtaN_M
@macdaddynick1751,0,0 men body shamed her. Keep than between you ladies. This is not considered fat in a toxic masculinity universe.,DsNi-KtaN_M
@Momo44482,0,What was that move at the end.?,DsNi-KtaN_M
@PrincessPixie_Fam,0,There are those who do gymnastics for money and those who just love it,DsNi-KtaN_M
@GIM-7-JC,0,Amazing,DsNi-KtaN_M
@abigailgomez1980,0,Girl power 😊,DsNi-KtaN_M
@P41ma1,0,She legit doesn't look like the same person anymore,DsNi-KtaN_M
@ElizabethHome153,0,"Wow college is perfection,  perfect landing, amazing. The other girl was slappy",DsNi-KtaN_M
@angzamberlan9323,0,I see these comments and I’m just thinking to myself how in the world are people weight shaming her?! I have seen her in some other YouTube shorts and she seems so much happier now and her personality/smile seems contagious . Glad she found her place!,DsNi-KtaN_M
@paulettemann4107,0,Doesnt even look like the same girl. The run she did in the blue was probably one of the best i've ever seen. Happy and gorgeous.❤,DsNi-KtaN_M
@franciscogenes7816,5,Cristiano ronaldo es el mejor🎉🎉🎉🎉,bIRj8qt92NE
@ElainaGarnica,5,I wish I could see Ronaldo your dad you're so cool you're always famous every time I see your videos I would like and subscribe and I would like the whole video until it's over,bIRj8qt92NE
@LuzMarinaNinoGonzalez,3,Mi.   Papá  que.   Bonito.     Junior,bIRj8qt92NE
@adrianfusi7761,2,Ajaajajajajajjj cristiano ronaldo give. Your papa a kiss jajaa😂😂😂,bIRj8qt92NE
@DorianaNunes-x9q,2,CRÍTIANO JONO CRÍTIANO,bIRj8qt92NE
@blancarociochumbimuniticla2231,2,Me encanta este video porque soy fan de Ronaldo,bIRj8qt92NE
@KarlaMuniz-pw7jg,2,ronaldo😂😂😂😂😂😂😂😂😂❤❤❤❤❤❤❤❤❤,bIRj8qt92NE
@RiskaAyuFatmala,1,😡😡😡😡😡,bIRj8qt92NE
@Chorrillos-p4r,1,Me encanta el hijo de Ronaldo,bIRj8qt92NE
@juvilynmiranda6549,1,It's because the hair,bIRj8qt92NE
@FeliciaSkinner-d7i,1,😂😂😂😂😂😂😂😂😂😂😂😂😂😂😂😂❤❤❤ Ronaldo cr7😂😂😂,bIRj8qt92NE
@น้องไนท์-อ9ข,1,😂😂😂😂,bIRj8qt92NE
@AnaCarolina-e3i,1,"Ronaldo Jr em 2018: 🤡🙂
Ronaldo Jr 8 anos dps: 🙈🥰💅💋",bIRj8qt92NE
@GualbertoCarrillo,1,D😎😎😎🤩🤩🤩🤩,bIRj8qt92NE
@AmilcarLopez-k4t,0,☺️☺️☺️,bIRj8qt92NE
@MayleeParmanand,0,😅😏🤑🤑🤑,bIRj8qt92NE
@Honorable-w4u,0,Song?,bIRj8qt92NE
@SahebraoMunde-d6q,0,...❤...,bIRj8qt92NE
@محمد-ذ9ز2س,0,قاله تعال و بجبلك مايبخ 🙂,bIRj8qt92NE
@MateoMendoza-c8h,0,Siuuuuu,bIRj8qt92NE
@ElevateXQ,583,Subscribe for more amazing content<3,c6g4DgPbKu8
@Chiku18-o1q,2,My respect for that opponent++++++,c6g4DgPbKu8
@Vee_Vee8,1,aww I’m about to cry,c6g4DgPbKu8
@ΔημητραΤσαιρη-ξ6ρ,1,Respect,c6g4DgPbKu8
@Bob-e4w7h,1,Respect to the Disabled kid Nice Dance Moves at the end ❤️❤️❤️,c6g4DgPbKu8
@ChaseDonovan-rl7dw,1,Ok I don’t wanna be that person but ofc the kid in the blue isn’t actually gonna body slam the kid,c6g4DgPbKu8
@nohemiandrade2721,1,omg....this mad me cry so bad🙍🏽‍♂🙁,c6g4DgPbKu8
@DianaHerrera-y4c,1,That blue kid is very nice ❤❤😢😊,c6g4DgPbKu8
@Meme_weasel,1,Hear me out free win 🥇,c6g4DgPbKu8
@karinahernande4171,0,I think the red one actually tried ❤,c6g4DgPbKu8
@tomdavis1986,0,❤❤❤❤❤❤😊😊😊😊,c6g4DgPbKu8
@GOKU_ISTHEATRONGEST,0,❤❤❤❤,c6g4DgPbKu8
@GeminiRayne89,0,❤❤❤,c6g4DgPbKu8
@Loupatterson2,0,We need more people like this,c6g4DgPbKu8
@Jaeedits_2,0,Awwwww,c6g4DgPbKu8
@Theshortsaregreat,0,This warmed my heart,c6g4DgPbKu8
@EduardoCastillo-m1r,0,Si cute thanks You for helping him😓😓🥹🥹🥹😄😄😄,c6g4DgPbKu8
@Maria-i5u6x,0,😢😢😢😢😢😢😢😢😢😢😢😢😢😢😢😢,c6g4DgPbKu8
@jujurai2024,0,Humbled,c6g4DgPbKu8
@FlorenceCharles-b4e,0,Respect ❤😢😊❤,c6g4DgPbKu8
@himandI0103,1,She don't know who's she's talking to 👀,vs8Qd0eiaLs
@princeofthestars5558,1,The bully is this black guy!,vs8Qd0eiaLs
@Callofdutyfun97,0,Bro I don’t play nobody knows who I am either hahaha,vs8Qd0eiaLs
@fudgeloks4388,0,Man growing up watching rampage was a privilege,vs8Qd0eiaLs
@mrMR17200,0,Women have absolutely no concept  of violence lol,vs8Qd0eiaLs
@gregorvrana9761,0,"Too black, to be true.",vs8Qd0eiaLs
@Lfk70,0,W girl tho she stood up for her guy,vs8Qd0eiaLs
@zeller3228,0,"time to go home, champ.  aint nothing but losses left in this club.  his people need to step him the FUCK out.",vs8Qd0eiaLs
@Bismark.Devereaux,0,Anyone who steps to rampage Jackson like that obviously does not know who he is,vs8Qd0eiaLs
@sweetlife8891,0,"Mmmm….There’s something I want to say, but I’m gonna keep it to myself",vs8Qd0eiaLs
@mochadumore3763,0,Kick her out as well 😂😂😂,vs8Qd0eiaLs
@mellowrage4892,0,Bout to catch a case bro!😮!😮!,vs8Qd0eiaLs
@AdamUribe-i6i,0,"Rampage Jackson, don't give two fucks😂😂",vs8Qd0eiaLs
@3gue,0,Don't talk to Catlin clark like that,vs8Qd0eiaLs
@flak929rr,0,Always a karen,vs8Qd0eiaLs
@deemuthafuccnjay8433,0,"I hear the drunk rampage comments but dude admitted he was out of pocket, was Rampage really wrong or did he address the situation with both individuals well?",vs8Qd0eiaLs
@brianmorgan4485,0,Every woman think they a badass cuz they got a mouth,vs8Qd0eiaLs
@Drell-en7yo,0,If rampage would’ve growled loud enough she would’ve sued,vs8Qd0eiaLs
@ThreeDPrintDesigns,0,He took him aside like it was his kid about to get his ass whooped,vs8Qd0eiaLs
@VanGhost420,0,That dude def pissed himself!!! NO DOUBT,vs8Qd0eiaLs
