channelImage,channelLink,channelName,rank,thumbnailUrl,videoLink
https://i.playboard.app/p/X7kDVgH5GW0VZNSpPZvpP_tJ0G4FSEWDTtvf8ONN7ery4edI4l5ES3XucKJazEA_gsvqDSAc/100x100.jpg,https://youtube.com/channel/UC6NJVNuibWilqOTeNCWZVIg,Hoanftbl,1,https://img.youtube.com/vi/9gaDdNUwckY/mqdefault.jpg,https://youtube.com/video/9gaDdNUwckY?channelId=UC6NJVNuibWilqOTeNCWZVIg
https://i.playboard.app/p/7dWHoxVMumycChjqp4CVfGRyWkK6N7BMDkGf8i32mQoEd843Kmn273Lyl-Xh6UDqwniQ4WG9/100x100.jpg,https://youtube.com/channel/UCC1RmztYmOIuTGiw_G73fLg,YANA CHIRKINA,2,https://img.youtube.com/vi/CmrC6w-ZILo/mqdefault.jpg,https://youtube.com/video/CmrC6w-ZILo?channelId=UCC1RmztYmOIuTGiw_G73fLg
https://i.playboard.app/p/AIdro_mjPkMeFcQxySKuGOn-eSPaOaTK55KKtjF7LTkkwidfCP1D/100x100.jpg,https://youtube.com/channel/UCiWLfSweyRNmLpgEHekhoAg,ESPN,3,https://img.youtube.com/vi/gbHrh7y0qLY/mqdefault.jpg,https://youtube.com/video/gbHrh7y0qLY?channelId=UCiWLfSweyRNmLpgEHekhoAg
https://i.playboard.app/p/qtn_u6ISz-HvZphchyOE6qFFfA_iu9-8dC8yABZ2E4uAbYbtZci0rki5tQNLdCrfijZkOClRRw/100x100.jpg,https://youtube.com/channel/UCWJ2lWNubArHWmf3FIHbfcQ,NBA,4,https://img.youtube.com/vi/tLHq_mMVlTg/mqdefault.jpg,https://youtube.com/video/tLHq_mMVlTg?channelId=UCWJ2lWNubArHWmf3FIHbfcQ
https://i.playboard.app/p/f55140371f081904ea6d857039f01c05/100x100.jpg,https://youtube.com/channel/UC08mnbiC4FykqpHqbEWgFcg,ESPN Deportes,5,https://img.youtube.com/vi/-g9a7uPfpoc/mqdefault.jpg,https://youtube.com/video/-g9a7uPfpoc?channelId=UC08mnbiC4FykqpHqbEWgFcg
https://i.playboard.app/p/AATXAJxDQu5xK7f_HgCZs66l50UGZDYgwxDVrmfBUPW6xg/100x100.jpg,https://youtube.com/channel/UCIY1Wh1IU4RuwuAWe2bEzuQ,DD Squad,6,https://img.youtube.com/vi/H4eLogGdBvo/mqdefault.jpg,https://youtube.com/video/H4eLogGdBvo?channelId=UCIY1Wh1IU4RuwuAWe2bEzuQ
https://i.playboard.app/p/TlriIzpldoy8LN2XQw91_XHRyEdWWeOXwEIpX-oxKld65hIoRDwGrLLNeP1AoLk24_d9PPjHQkA/100x100.jpg,https://youtube.com/channel/UC9zpDiH8RfuIHWIHydYl7gA,Iron Football,7,https://img.youtube.com/vi/yjwexPBiDhA/mqdefault.jpg,https://youtube.com/video/yjwexPBiDhA?channelId=UC9zpDiH8RfuIHWIHydYl7gA
https://i.playboard.app/p/pJe9dElbAj7ZlcGducMEoxfGWu5cKcwnmB7Qu1qKm_dzR0jukIV4myZUhj78P2nt0L3fPuA7rQ/100x100.jpg,https://youtube.com/channel/UCQIUhhcmXsu6cN6n3y9-Pww,Jesser,8,https://img.youtube.com/vi/gWj-I6W-Gmc/mqdefault.jpg,https://youtube.com/video/gWj-I6W-Gmc?channelId=UCQIUhhcmXsu6cN6n3y9-Pww
https://i.playboard.app/p/mw-isS8DrumFPSq7Suru4RdptzEnWC6ux6Sm6lLj8QeMDTa2k4czPv6v-kEQYsBkG3cjcYLZ/100x100.jpg,https://youtube.com/channel/UCNEtjb4lC9819bN48W6Rblw,Mixed Football,9,https://img.youtube.com/vi/rzJ2Wi8yZ9w/mqdefault.jpg,https://youtube.com/video/rzJ2Wi8yZ9w?channelId=UCNEtjb4lC9819bN48W6Rblw
https://i.playboard.app/p/5cbcda232dfb0331367906ee863731ac/100x100.jpg,https://youtube.com/channel/UCET00YnetHT7tOpu12v8jxg,CBS Sports Golazo,10,https://img.youtube.com/vi/Ywtj7rDJzVI/mqdefault.jpg,https://youtube.com/video/Ywtj7rDJzVI?channelId=UCET00YnetHT7tOpu12v8jxg
https://i.playboard.app/p/B6Rqf0iOQiACooGJAyNzXCs_WKUUtJOBLKDsvFRQy2wqkxOlBAJPHCpy0Jg-t0yp3gkfQv7sUCk/100x100.jpg,https://youtube.com/channel/UCRijo3ddMTht_IHyNSNXpNQ,Dude Perfect,11,https://img.youtube.com/vi/UvAnYnJDpJc/mqdefault.jpg,https://youtube.com/video/UvAnYnJDpJc?channelId=UCRijo3ddMTht_IHyNSNXpNQ
https://i.playboard.app/p/LHfe8D_lJPe34NAaaRQQ7f1DStvctv_TfuYRFPQ5dzYNQNelRvRIGw98YZ07PvAu64zri-O0/100x100.jpg,https://youtube.com/channel/UCqQo7ewe87aYAe7ub5UqXMw,House of Highlights,12,https://img.youtube.com/vi/rbOstO72ExQ/mqdefault.jpg,https://youtube.com/video/rbOstO72ExQ?channelId=UCqQo7ewe87aYAe7ub5UqXMw
https://i.playboard.app/p/tfjcJLQcJ-xZpn2PvJEDMmXkeHeUbDOkas-k68Gcw6tezYJqhre6x22tsWeX5wegCnAKOu3J/100x100.jpg,https://youtube.com/channel/UC-fzWbU1zavz77kP1gPPdSg,Sports Central by DRM,13,https://img.youtube.com/vi/9DeSgzSpPyk/mqdefault.jpg,https://youtube.com/video/9DeSgzSpPyk?channelId=UC-fzWbU1zavz77kP1gPPdSg
https://i.playboard.app/p/DYRXjuGSIxRov8ldObbN1GCtu9p8QZblR0xSQJsJfPhuMBZ2YaD9zdkFda5kgxRGSYlNAe6CcQ/100x100.jpg,https://youtube.com/channel/UCbylDykLdWn2ANiXBH4nQxg,Reel Floridian,14,https://img.youtube.com/vi/cSIJgzkrLeE/mqdefault.jpg,https://youtube.com/video/cSIJgzkrLeE?channelId=UCbylDykLdWn2ANiXBH4nQxg
https://i.playboard.app/p/mECavVNoh2tn4Lku7JyVIN_RnW4-s2z5rEXWo41MVHmGjqUuJChPB0L2JYbHDZg5YL21OcId/100x100.jpg,https://youtube.com/channel/UCvgfXK4nTYKudb0rFR6noLA,UFC,15,https://img.youtube.com/vi/d--ZKneHS-E/mqdefault.jpg,https://youtube.com/video/d--ZKneHS-E?channelId=UCvgfXK4nTYKudb0rFR6noLA
https://i.playboard.app/p/hKxl99vRNq3dLz0zNaIT_UN9wRIsj2w26GuZcG686U_iLKelypwl2t1cdDgduFRV4bf0BXOsqQ/100x100.jpg,https://youtube.com/channel/UCyOUOh_JVpkYPM1JztXoleQ,ag_soccer team,16,https://img.youtube.com/vi/t3vLSx2P5pE/mqdefault.jpg,https://youtube.com/video/t3vLSx2P5pE?channelId=UCyOUOh_JVpkYPM1JztXoleQ
https://i.playboard.app/p/AKedOLScNYY6fyIIWud-LrFhb9qQuYD6qihuLM5r5kfnPA/100x100.jpg,https://youtube.com/channel/UCiormkBf3jm6mfb7k0yPbKA,ONE Championship,17,https://img.youtube.com/vi/Jdjv1o8iTL0/mqdefault.jpg,https://youtube.com/video/Jdjv1o8iTL0?channelId=UCiormkBf3jm6mfb7k0yPbKA
https://i.playboard.app/p/bLCILLoGQ8OA-yqNl4kSb4f7goAdzVEIrxXIfVZQDCqUg9acjse434Fv4nr91Db7gzeQlBxkjyc/100x100.jpg,https://youtube.com/channel/UCSZxaHGo1OEs06vQumIooug,The Masters,18,https://img.youtube.com/vi/oA4PLanrUwI/mqdefault.jpg,https://youtube.com/video/oA4PLanrUwI?channelId=UCSZxaHGo1OEs06vQumIooug
https://i.playboard.app/p/AATXAJztg3N8X6hK8EfB05nq3uDf6-cp5PFP6ZUUQr97/100x100.jpg,https://youtube.com/channel/UCVSSpcmZD2PwPBqb8yKQKBA,NBA on ESPN,19,https://img.youtube.com/vi/4WshCofp5UY/mqdefault.jpg,https://youtube.com/video/4WshCofp5UY?channelId=UCVSSpcmZD2PwPBqb8yKQKBA
https://i.playboard.app/p/AATXAJwWqXETgnPk3Pf8yVQNRGrGUsfLjQY461eaLuvm/100x100.jpg,https://youtube.com/channel/UC6c1z7bA__85CIWZ_jpCK-Q,ESPN FC,20,https://img.youtube.com/vi/JtQLO-bcYDc/mqdefault.jpg,https://youtube.com/video/JtQLO-bcYDc?channelId=UC6c1z7bA__85CIWZ_jpCK-Q
