category,categoryId,channelTitle,commentCount,country,description,id,likeCount,publishedAt,tags,title,url,viewCount
sports,22,Gainz,6372,US,"Goalkeeper scores from his own net

Credits to: @altliglerorg via Instagram

#shorts #gym #fitness",ntirH6UQ-wU,1360401,2025-04-18T12:47:58.000Z,,How Is This Possible?🥶🤯(@altliglerorg),https://www.youtube.com/watch?v=ntirH6UQ-wU,19751776
sports,24,Adam Arroyo,5051,US,,LDKYsg68Fho,149197,2025-04-19T15:34:21.000Z,,Tough kid 😳 #baseball,https://www.youtube.com/watch?v=LDKYsg68Fho,2873925
sports,22,Big Sal Hoops,5535,US,,y-eCcH7uaoM,349921,2025-04-15T04:01:28.000Z,,How many times did the ball hit his head !?!? 🤯 #basketball #selfdefense #comedy,https://www.youtube.com/watch?v=y-eCcH7uaoM,18416391
sports,22,Landen Levine Shorts,1127,US,,tPO6JNMOLas,480299,2025-04-17T22:29:48.000Z,,POV 400m Race 🏃‍♂️(highschool track - 53.37),https://www.youtube.com/watch?v=tPO6JNMOLas,7517255
sports,22,The Final,3342,US,Steph Curry's wife Ayesha and daughter Riley were seen cheering Steph on during the Warriors' play-in victory over the Memphis Grizzlies! #stephcurry #rileycurry #stephencurry #goldenstatewarriors #nba,eldbMfvn7-A,284604,2025-04-17T18:10:48.000Z,"[Steph curry Riley curry, Riley curry, Steph curry playoffs, Steph curry family, Steph curry Riley, Steph curry Ayesha curry, Ayesha curry, Riley curry Ayesha curry, Riley curry Steph, Steph curry daughter, Steph curry Riley curry interview, Riley curry press conference]",Riley Curry Has Grown Up!,https://www.youtube.com/watch?v=eldbMfvn7-A,5875502
sports,22,Kamilah Florez,2322,US,,j94OIrdvNUQ,1534918,2025-04-14T12:15:52.000Z,,The rookie beat the world champion with one punch!#shorts,https://www.youtube.com/watch?v=j94OIrdvNUQ,18258767
sports,17,Depornaticos,9571,US,,yhNNrvqfnRE,850418,2025-04-15T22:05:07.000Z,,Puedes anotar con esta distracción? 😂😂😂 #reels #viralvideo #usa #sports #nba #basketball #basket,https://www.youtube.com/watch?v=yhNNrvqfnRE,28418193
sports,23,BASSketball,3201,US,,njOiFOIfqGI,225569,2025-04-15T23:45:11.000Z,,If only he was taller 😂 #basketball #trending #nba #hoops #funny,https://www.youtube.com/watch?v=njOiFOIfqGI,4371186
sports,22,Txmshorts,1394,US,"No way Speed was cancelled 💀 #ishowspeed #speed #edit 
#speedyp #speedylive #speedlive #ishowspeedshorts #ishowspeedwannabe #ishowspeedmemes #sidemen 
2025 side man charity match ishowpeed highlights
2024 match for hope Ishowspeed
speed charity match edit
speed football
speed football edit
Speed was cancelled
speed was officially cancelled",MHbzdaTVcks,241328,2025-04-18T14:00:36.000Z,"[2025 side man charity match ishowpeed highlights, 2024 match for hope Ishowspeed, speed charity match edit, ishowpseed edit, speed edit, speed football, speed football edit, speed was cancelled, speed was officially cancelled]",No way Speed was cancelled 💀 #ishowspeed #speed #edit,https://www.youtube.com/watch?v=MHbzdaTVcks,8189664
sports,22,Bunja Determination,5575,US,Who Can Hold The Longest?😲 #gym  #gymmotivation  #strongman  #strength  #eddiehall #motivation,OolQwtR_VPk,1836604,2025-04-16T18:51:04.000Z,,Who Can Hold The Longest?😲 #gym #gymmotivation #strongman #strength #eddiehall,https://www.youtube.com/watch?v=OolQwtR_VPk,30285280
sports,24,4kael,951,US,,w_NjR00ij2I,306017,2025-04-17T22:57:30.000Z,,strategy 🧠 #hoop #hooper #basketball #viral,https://www.youtube.com/watch?v=w_NjR00ij2I,5654272
sports,10,Snow Moments,509,US,,AnLJHWX4eQY,240887,2025-04-19T23:49:36.000Z,,Accidentally became a CHAMPION🤯,https://www.youtube.com/watch?v=AnLJHWX4eQY,5248455
sports,17,Sounds MMA,1746,US,"#shorts #mma #knockout #ufc #boxing

Copyright Notice: In accordance with Section 107 of the Copyright Act of 1976, this material is used under the 'fair use' provision for activities such as criticism, commentary, news reporting, teaching, scholarship, and research.
If we have violated copyright, please write to us via email grindsetofyt@gmail.com and we will delete your video! We do not claim ownership of the material from which they are made.",lYLxYycQt-Y,76073,2025-04-19T17:03:52.000Z,,THE BLOGGER CALLED HIM A FRAUD… HE REGRETS IT NOW 😱,https://www.youtube.com/watch?v=lYLxYycQt-Y,2422894
sports,22,Athlete Kingdom,3816,US,,rp6Eb0n2IKY,,2025-04-15T16:10:22.000Z,,How Fast is she ? 🤯🔥 | #olympics #speed #athlete,https://www.youtube.com/watch?v=rp6Eb0n2IKY,2349311
sports,17,Sword,341,US,He Made The Huge Mistake #shorts #sports,eo3vmt7R2Vw,142708,2025-04-16T14:30:33.000Z,,He Made The Huge Mistake 🥶,https://www.youtube.com/watch?v=eo3vmt7R2Vw,7076330
sports,20,SuchaLock - Daily Fantasy Sports Bets,1193,US,,ipTpevuqZAA,55767,2025-04-17T23:00:47.000Z,,Not a big baseball guy but this is ABSURD 🤯 #mlb #baseball,https://www.youtube.com/watch?v=ipTpevuqZAA,1997809
sports,22,OMEGA ORANGE,2557,US,,FKYBhZFhhys,2231813,2025-04-11T16:12:19.000Z,,FUNNIEST EXPLODING BASKETBALL MOMENTS 🏀💥,https://www.youtube.com/watch?v=FKYBhZFhhys,45053761
sports,17,NBA Explained,2263,US,,DvKKfogiBfY,,2025-04-21T18:47:04.000Z,,Anthony Edwards Trash Talks Lakers Fans While Defending Rudy Gobert,https://www.youtube.com/watch?v=DvKKfogiBfY,1301692
sports,17,ESPN,889,US,"✔️ Subscribe to ESPN+ http://espnplus.com/youtube
✔️ Get the ESPN App: http://www.espn.com/espn/apps/espn
✔️ Subscribe to ESPN on YouTube: http://es.pn/SUBSCRIBEtoYOUTUBE
✔️ Subscribe to NBA on ESPN on YouTube: http://bit.ly/SUBSCRIBEtoNBAonESPN
✔️ Watch ESPN on YouTube TV: http://es.pn/YouTubeTV",DRLk8Wryvj4,175012,2025-04-16T18:00:13.000Z,"[espn, sports]","Can’t be any more perfect than that 😮‍💨 (via playmarsports/TT, turfwarskickball/IG)",https://www.youtube.com/watch?v=DRLk8Wryvj4,4712634
sports,17,PingPongMaestros,201,US,,_26CD1P-uRQ,176566,2025-04-16T14:15:41.000Z,,How to make the guy everyone hates quit table tennis #tabletennis #pingpong,https://www.youtube.com/watch?v=_26CD1P-uRQ,3643013
sports,24,Steven Strangles People,10496,US,,10ImvWa5pMY,170530,2025-04-17T01:34:24.000Z,,Fake Tough Guy Gets HUMILIATED FAST!😳,https://www.youtube.com/watch?v=10ImvWa5pMY,4044071
sports,17,Simonbrezi ,259,US,,TJ7ZOFpXzqw,201902,2025-04-14T18:01:18.000Z,,The real assist from a fan 😎⚽️ #soccer #sports #sport #shorts,https://www.youtube.com/watch?v=TJ7ZOFpXzqw,5640062
sports,17,thekickclub,1748,US,,5Ndel62adPI,97180,2025-04-18T22:50:17.000Z,,Never bet against MJ 😂,https://www.youtube.com/watch?v=5Ndel62adPI,2111900
sports,17,Celine Dept,3400,US,Subscribe :),5K1ugZExdeg,473405,2025-04-21T15:30:03.000Z,,Mbappé With Emojis 🙈😅,https://www.youtube.com/watch?v=5K1ugZExdeg,18433430
sports,24,CrisCrossClips,1976,US,,hFVjYrGP4CA,236879,2025-04-15T03:28:14.000Z,,Speed Jumps Like Ronaldo 🤯 #ishowspeed #ronaldo #viral #cr7,https://www.youtube.com/watch?v=hFVjYrGP4CA,7040655
sports,22,Cage Stories ,2554,US,"Why fighter TAPPED OUT immediately!
#shorts #fitness #mma #volkanovski #paddypimblett #fighter",hzmRPLbUGkc,442796,2025-04-13T13:50:32.000Z,,Why fighter TAPPED OUT immediately!,https://www.youtube.com/watch?v=hzmRPLbUGkc,6449507
sports,22,Coach Blue,3419,US,,n-XnwgiqV14,150772,2025-04-12T13:08:24.000Z,,Training for the Avengers. Next level training (Link in bio) #futureavengers #avengers #superhero,https://www.youtube.com/watch?v=n-XnwgiqV14,6295487
sports,22,SMF Boxing,1491,US,"#floydmayweather #mayweather #caneloalvarez #canelo 


This is when mayweather taught a young Canelo Alvarez a boxing lesson. Canelo threw a left hook here to swipe Mayweather's guard away, leaving his face exposed so he can land a right hand. but Mayweather was already ahead of the curve, using his shoulder roll to deflect Canelo's right hand, then came back with a right hand of his own that landed cleanly.",4iTGoCbEMnY,84648,2025-04-11T23:10:43.000Z,,When Mayweather Schooled a Young Canelo,https://www.youtube.com/watch?v=4iTGoCbEMnY,2042876
sports,22,mind Bytecast ,1068,US,,m3boLZ8MiBA,131939,2025-04-19T12:31:14.000Z,,Joe Rogan reacts to Izzy revenge from Pereira's son.,https://www.youtube.com/watch?v=m3boLZ8MiBA,1866753
sports,24,deagzzzshorts,3038,US,The Ending 🥶🥶 #ishowspeed #ronaldo #messi #edit,mLJNuMN6ON0,331970,2025-04-17T14:12:34.000Z,"[ishowspeed, ishowspeed edits, edits]",The Ending 🥶🥶 #ishowspeed #ronaldo #messi #edit,https://www.youtube.com/watch?v=mLJNuMN6ON0,5847981
sports,24,Finest Trends,10011,US,"Big Mouth Karen RUINS Baseball Game

Source: https://www.tiktok.com/@griswald3/video/6760012109578259718

#shorts #karen #karens #baseball #umpire",VpwpqCDliKk,153875,2025-04-16T00:00:26.000Z,"[Big Mouth Karen RUINS Baseball Game, baseball karens, baseball karen, karen vs umpire, baseball, karen, karens, finest trends, umpire, Karen RUINS Baseball Game]",Big Mouth Karen RUINS Baseball Game,https://www.youtube.com/watch?v=VpwpqCDliKk,2533914
sports,17,ESPN MLB,1075,US,"✔️ Subscribe to ESPN+ http://espnplus.com/youtube
✔️ Get the ESPN App: http://www.espn.com/espn/apps/espn
✔️ Subscribe to ESPN on YouTube: http://es.pn/SUBSCRIBEtoYOUTUBE
✔️ Subscribe to MLB on ESPN on YouTube: http://bit.ly/SUBSCRIBEtoESPNMLB
✔️ Watch ESPN on YouTube TV: http://es.pn/YouTubeTV",zkIo8IVMU-s,32574,2025-04-20T17:21:08.000Z,"[mlb, mlb espn, espn, baseball, major league baseball, mlb highlights]",When Javier Baez was invisible 😂,https://www.youtube.com/watch?v=zkIo8IVMU-s,1015254
sports,26,Stacy Brooks,4732,US,,P0dNWaL6q3s,143257,2025-04-15T22:04:40.000Z,,There's always that one cousin!! #dancing #dance #victory,https://www.youtube.com/watch?v=P0dNWaL6q3s,2332936
sports,17,Dude Perfect,3491,US,,UvAnYnJDpJc,2671460,2025-04-10T18:43:22.000Z,,NO WAY he actually made it 🤯 @gmgolf,https://www.youtube.com/watch?v=UvAnYnJDpJc,69096290
sports,22,Bat Flipped,811,US,Source: Bleacher Report,e4PMTuAMgi4,78956,2025-04-18T21:29:10.000Z,,Why Jazz Signed To Jordan,https://www.youtube.com/watch?v=e4PMTuAMgi4,1370083
sports,22,PrimeDose,,US,#shorts #shortsfeed,4na7RHQpnkQ,35296,2025-04-21T14:59:55.000Z,,He beats without even touching😨,https://www.youtube.com/watch?v=4na7RHQpnkQ,1450528
sports,22,BuzzerBeaters,1681,US,,CQZLEJaZv8Q,244240,2025-04-15T22:04:04.000Z,,Trash talker gets KARMA 🤯,https://www.youtube.com/watch?v=CQZLEJaZv8Q,5146097
sports,17,backwardks,74,US,,NH1vqmM-E2c,14771,2025-04-20T22:05:42.000Z,,Kid has PERFECT two-strike approach 😂,https://www.youtube.com/watch?v=NH1vqmM-E2c,778641
sports,23,Jeenie.Weenie,4052,US,,8_LdDIaNjQY,523622,2025-04-16T13:00:14.000Z,,A girl’s favorite sport is ✨RUGBY✨,https://www.youtube.com/watch?v=8_LdDIaNjQY,6720619
sports,22,LarryGainz,96,US,"This is Zhang Ziyu and she's the tallest basketball player in the world

Credits: @lesilewu19 via TikTok

#shorts #gym #fitness",EZVtos5rZIU,27613,2025-04-21T14:39:49.000Z,,She Gotta Share Me Some Of Her Height💀(@lesilewu19),https://www.youtube.com/watch?v=EZVtos5rZIU,1463716
sports,22,Kick_Clippers,7166,US,,LUDm3fFYmoo,262139,2025-04-15T10:32:35.000Z,,No way Colby Covington was Speechless after N3on couldn’t Lift this Bar 😳😯,https://www.youtube.com/watch?v=LUDm3fFYmoo,5517121
sports,22,Stat Padding,310,US,,mEl56fb27lk,83948,2025-04-18T12:01:24.000Z,,The Clippers could've had Kobe... #kobebryant,https://www.youtube.com/watch?v=mEl56fb27lk,1689707
sports,17,United Football League (UFL),128,US,"#UFLonFox #UFL #Renegades

Tickets:  ► https://www.theufl.com/tickets
Merch: ►https://shop.theufl.com/

Stay connected :  
Facebook: ► https://www.facebook.com/ufl 
Instagram: ► https://www.instagram.com/ufl/
TikTok: ► https://www.tiktok.com/@ufl
X: ► https://x.com/TheUFL
Threads: ► https://www.threads.net/@ufl

Bob Stoops WANTED the touchdown 😭💀 #arlingtonrenegades #UFL #UFLonFOX #bobstoops
https://youtube.com/shorts/H0XuPhvvi9s",H0XuPhvvi9s,31863,2025-04-19T19:40:29.000Z,"[ufl, xfl, xfl usfl merger, dwayne johnson, usfl xfl merger, united football league, ufl football, usfl, xfl and usfl merger, xfl news, xfl usfl, ufl teams, xfl conference, usfl conference, Bob Stoops, Arlington Renegades, St. Louis Battlehawks, 2025 UFL Season, sports, sports talk, sports news, fox, fox sports, fox sports 1, fs1, sports debate, UFL talk, UFL news, UFL debate, football, UFL on Fox, UFL highlights, sports highlights, highlights, football highlights, week 4]",Bob Stoops WANTED the touchdown 😭💀 #arlingtonrenegades #UFL #UFLonFOX #bobstoops,https://www.youtube.com/watch?v=H0XuPhvvi9s,674240
sports,17,NBA,6888,US,"The Timberwolves ended the game on a 16-4 run to defeat the Lakers, 117-95. The Timberwolves were led by the 25 points and 9 rebounds and 3 three pointers from Jaden McDaniels, as Naz Reid (23 points) and Anthony Edwards (22 points, 9 assists) combined to add 45 points. The Timberwolves knocked down a Playoff franchise record 21 3PM in the win. The Lakers were led by Luka Dončić, who had 37 points and 8 rebounds and 5 three pointers. The Timberwolves lead the series 1-0.

Never miss a moment with the latest news, trending stories and highlights to bring you closer to your favorite players and teams.
Download now ➡ https://nba.smart.link/NBAApp-YTDes

Subscribe to the NBA: https://on.nba.com/2JX5gSN",9mEhaQQ0C8Y,28176,2025-04-20T03:22:07.000Z,"[Basketball, G League, NBA, game-0042400161]","#6 TIMBERWOLVES at #3 LAKERS | FULL GAME 1 HIGHLIGHTS | April 19, 2025",https://www.youtube.com/watch?v=9mEhaQQ0C8Y,2867413
sports,22,youngestclub,4652,US,"#shorts  #viralvideo 

This is the moment when this duo won the gold medal for one of the best duo cheer performances there. To ensure everything goes smoothly a third person is watching them at every step, making sure everything will be fine, and because it's not just about strength and flexibility there should be a lot of trust involved.

Via. (@ashlynpinner) on Insta and (@brandongray_usf) on Insta",VXg71E3HBxk,347566,2025-04-03T21:20:39.000Z,,They Shocked Everyone..,https://www.youtube.com/watch?v=VXg71E3HBxk,9140113
sports,17,SuperGymnastics,411,US,"Katelyn Ohashi used to compete in elite gymnastics. She eventually started competing only in NCAA College Gymnastics and she became much happier!

Gymnast: Katelyn Ohashi
UCLA Gymnastics

#gymnastics #katelynohashi #gymnast #ncaagymnastics #sports",DsNi-KtaN_M,144365,2025-04-18T16:20:39.000Z,"[Gymnastics, Katelyn Ohashi, Gymnast, NCAA Gymnastics, Sports, Katelyn Ohashi Gymnastics]",Wow She Looks So Much Happier☺️ #gymnastics #katelynohashi #gymnast,https://www.youtube.com/watch?v=DsNi-KtaN_M,1909239
sports,17,FlashPass,577,US,#shorts #football #viralvideo #trending #fyp #foryou #ronaldo #cristiano #funny #soccer #edit #kids,bIRj8qt92NE,230918,2025-04-21T12:42:48.000Z,,Ronaldo still thinks Junior is a little boy😂,https://www.youtube.com/watch?v=bIRj8qt92NE,8455171
sports,22,ElevateXQ,1637,US,"Boy With Cerebral Palsy Wins His Last Wrestling Match❤️‍🩹
#wholesome #shorts #disability #wrestling #cerebralpalsy #emotional

Fair Use Disclaimer

This video is for educational and transformative purposes, falling under the Fair Use Doctrine (17 U.S.C. §107). It provides original commentary, critique, and a thoughtful revision, contributing added value beyond the original sources.",c6g4DgPbKu8,,2025-04-16T16:31:35.000Z,,Boy With Cerebral Palsy Wins His Last Wrestling Match❤️‍🩹,https://www.youtube.com/watch?v=c6g4DgPbKu8,3014550
sports,22,Npc lives,5460,US,,vs8Qd0eiaLs,87386,2025-04-20T01:12:27.000Z,,Rampage Jackson presses drunk guy,https://www.youtube.com/watch?v=vs8Qd0eiaLs,1458604
