comment_author,comment_likes,comment_text,video_id
@muhammadhuzaifa7051,59057,"To be exact, it took him 4.54 secs",ntirH6UQ-wU
@ashekhar1976,13,Bro really did the kunigami power shot💀,ntirH6UQ-wU
@yousuf_Palestine,1,Omg that was so funny,ntirH6UQ-wU
@luqmanhafidh8914,1,How can it be? What's the distance did the ball travel? How powerful were his legs in kicking? I am completely speechless too.....,ntirH6UQ-wU
@jimmymoreton7537,1,"""Fine, I'll do it myself""",ntirH6UQ-wU
@David_Huffman,1,Isn't that like not allowed or something in soccer?,ntirH6UQ-wU
@cortexlite6082,1,Is this legal? I thought there was like offsides for this stuff,ntirH6UQ-wU
@rizz-k8b,0,"Kaiser impact 

NOT BLUE LOCK RIVALS
THE LITERAL ANIME BLUE LOCK",ntirH6UQ-wU
@ireanelim2745,0,Bro is bulit diff like Kaiser in blue lock,ntirH6UQ-wU
@princechiemerie8996,0,"The ball wasn't going to get to the post, the ball was redirected in the air😂 nice edit",ntirH6UQ-wU
@Valənor,0,"KAISER IMPACT irl duh, lol",ntirH6UQ-wU
@mimagreenfield1423,0,Props to the camera guy and goalie nice goal 👍👍,ntirH6UQ-wU
@tukakgaming4994,0,bro got rockets on his boots,ntirH6UQ-wU
@ob9312,0,"""same points"". So fucking American 😂",ntirH6UQ-wU
@alwilson8859,0,Blackman we are great,ntirH6UQ-wU
@nooralsabah7886,0,I did it once at my school❤😂😢😅😅😅😊,ntirH6UQ-wU
@basyarriyadi8369,0,KAISER IN IN REAL LIFE,ntirH6UQ-wU
@orancrandall8753,0,While not the same distance a guy in my gym class when I was in school did the same thing. gym coach called it a foul and didn’t count it as a point.,ntirH6UQ-wU
@abductedcow4458,0,Why are you lying,ntirH6UQ-wU
@yungoz68,0,That was right before half time I was there at the game,ntirH6UQ-wU
@Kountrykush420,1,"""Hustle up"" Fuck you dog lmao what a dawg",LDKYsg68Fho
@Žripper918,1,got hit in the forhead with a softball when i was in 3rd grade at the skatepark.  black eye and a lump on my head the size of the soft ball. ps soft balls are not soft and i kept riding my bmx bike that day. shoulda have been wearing a helmet and it wouldnt have happened,LDKYsg68Fho
@deenad3562,1,"🧔🏾: *You ok, kid?*
👦: *Yethh!*",LDKYsg68Fho
@kuloloia3163,0,Savage.i like it,LDKYsg68Fho
@Jmpmaster83,0,Got your tooth knocked out your good walk it off lmao,LDKYsg68Fho
@leonidasx3007,0,lol man went home and was shocked with what tooth fairy left under his pillow,LDKYsg68Fho
@HewhofightsWmonsters,0,I know he wanna cry too kid got some serious mental toughness at that age most likely insecure and rather stomach the pain then look weak crying over it I was like this but my ass would have screamed the highest loudest little girl scream if I was that age 😂😂😂,LDKYsg68Fho
@Eli-z6j,0,Sure he doesn’t believe in the tooth fairy any more sure hope he put that under his pillow that tooth should be high prices for that boy. Story will be told the rest of his life. Bad ass kid already.,LDKYsg68Fho
@ChosenByNaturalSelection,0,Damn isn’t there some mouth guard with the helmet tho?,LDKYsg68Fho
@Serrrgg,0,With the bat flip too,LDKYsg68Fho
@robertlawrence1041,0,"That looked like a teaching moment, why did no one rush the mound? I did not, did you see an apology from the mound",LDKYsg68Fho
@williamedwards8493,0,Crazy that kids has 11 on his jersey. I was about his age and lost 13 teeth from a baseball as a Catcher at a play at the plate.  Love this ❤,LDKYsg68Fho
@drew_peabawls13,0,He's probably a hockey player during the winter 😊,LDKYsg68Fho
@JamesEnlow-x7d,0,That pitch looked intentional,LDKYsg68Fho
@GoLDRU5H1,0,"If the kid was coached right, he wouldn't have been hit in the face.",LDKYsg68Fho
@onimeno121,0,Get that kid into boxing this summer😂😂😂,LDKYsg68Fho
@starcrafter13terran,0,"This happened to me once, was on purpose I rushed the mound.  Got in 3 punches before I was pulled off.  Always leave that option open",LDKYsg68Fho
@MrMortyBaby,0,That sounds like a dumb coach saying it’s all good walk it off,LDKYsg68Fho
@OneSlwEvoX,0,What a fuckin beast,LDKYsg68Fho
@Carol-r2x5n,0,"Boy spits out tooth thinking ""I've got plenty more"" !!",LDKYsg68Fho
@josemiguelrobledo756,105,¡Gracias!,y-eCcH7uaoM
@beverlycraven1739,1,He slid him wearing 'Slides dammmm 😮🤦🏽,y-eCcH7uaoM
@omegarussell4017,1,I think this young man has been watching money Mayweather 😂😂😂😂😂,y-eCcH7uaoM
@СергейЧеканов-д5о,0,😮😮😮🎉,y-eCcH7uaoM
@barliantabarlianta7883,0,"The ball is the only weapon he has.
No more, no less.",y-eCcH7uaoM
@pauleatwell5720,0,Usual day in the hood,y-eCcH7uaoM
@kingmu503,0,Mans juat throwing fist of fury 😮,y-eCcH7uaoM
@ReynaldoBeltre,0,"Es baloncesto oh boxeo, que alguien me explique.",y-eCcH7uaoM
@carlosvelazquez3359,0,Muy bien por ese golpe,y-eCcH7uaoM
@GOODGUY-o7w,0,Wow! 1st Round Knockout- Orthodox Stance,y-eCcH7uaoM
@Michellearista-o6r,0,buruan di coba ini sudah pasti mantap hanya di *SIDO88*,y-eCcH7uaoM
@steven10271,0,And that’s how we respond to those who don’t respect us in ARIZONA,y-eCcH7uaoM
@MardhiyahRisyad,0,buruan di coba ini sudah pasti mantap hanya di *SIDO88*,y-eCcH7uaoM
@mileshamblen9982,0,He missed that one punch and hit the wall lol.,y-eCcH7uaoM
@Martin-dd2ti,0,Pura violencia de la buena!!,y-eCcH7uaoM
@rosemaryjohnson2322,0,FAFO season is here😂❤❤❤❤❤,y-eCcH7uaoM
@joelalvarez1415,0,POR LUCIO SALIO🔥🔥🔥👍🏾💪🏽🇵🇷😎,y-eCcH7uaoM
@davidsebastian5486,0,Jesus loves you more than anything else or anyone else come to repentance before it's too late tomorrow is not promised I'm the way the truth and the life no man cometh too the except through me thus saith the sovereign lord repent turn from your Wicked ways!!!!! Judgement day is coming soon today is the day of salvation ✝️ 😊,y-eCcH7uaoM
@mikenadler3239,0,The guy that threw the ball is a real punk,y-eCcH7uaoM
@mikenadler3239,0,The guy that threw the ball is a real punk,y-eCcH7uaoM
@ThatOneBookNerd101,196,"My brother does track, and second to most recent home meet was insane. He missed the “set go” and still won. He was like 1.5 seconds behind everyone else in the beginning, yet won by .37 seconds. It was insane. He keeps winning the 400m and gets top 3 in the baton racing. I’m proud of him.",tPO6JNMOLas
@Kristy_Murasaki,1,"Am i missing something or do not people usually run 1200 m ... Cause we had to run that twice a year and get it in such an unbelievably short time (got a C, the worst grade they gave for it lol, my anemia almost killed me too)",tPO6JNMOLas
@CookiePirate69,1,"Technically, according to the Pythagorean theorem, if you’re running on the outside of the circle compared to the inside lining of the circle, the outside takes longer to traverse compared to the inside. That’s why a smaller circle has a smaller perimeter compared to a larger circle.",tPO6JNMOLas
@LuLulu-jw3zw,1,"400 mt with hurdles is diabolical, as an hurdler. Like, the lactic starts to hit at 200 mt for me...anyone like me?",tPO6JNMOLas
@GoldenMorningStables97331,1,"In the last 400m dash I did, there was headwind for the last 100 meters, which was terrible lol. My time was pretty good, but without the headwind, I would've gotten faster. I hope I get a pr in the next one I do, and I hope there is no wind lol.",tPO6JNMOLas
@NathanielMello-vw2nr,1,"I could internally feel the stress at the start of the race, I think that I have middle school PTSD.",tPO6JNMOLas
@DeaganR-c3d,0,im in middle school and i have to run an 800 metre run,tPO6JNMOLas
@bro0klynbaby_,0,In 8th grade I got 2nd place in 400meter race ;),tPO6JNMOLas
@JaxonJohnson-ex3bc,0,"I was there for that meet and I go to that school, it was all really good. It was my first time going to a track meet",tPO6JNMOLas
@Wan-q3l,0,There’s a kid in middle school that runs a 54 second 400 meter,tPO6JNMOLas
@Vawds09,0,"I have to run a 400m relay in 2 days, do you have a strategy i could use to absolutely cook?",tPO6JNMOLas
@Bobby-tj1hq,0,Lactic acid causing muscle soreness is a myth actually,tPO6JNMOLas
@muichiroTokito-zi3fj,0,"Brooo I just joined track a month ago, im in 7th grade, and I get like 1:15 😭",tPO6JNMOLas
@lunawolf4407,0,The fact that I ha a track meet today and ran the 200... And now I'm seeing this.,tPO6JNMOLas
@braxtongotgreatmuzic6338,0,i hate solo sports so much.,tPO6JNMOLas
@TheKCGamerEA,0,Lane 1!!!!!,tPO6JNMOLas
@ozprahl,0,I just ran a 400 in practice and got a 1m ~38 seconds and you destroyed me although im still in middle school,tPO6JNMOLas
@Cheetah_Spots,0,shii thats practically my 300h time gj man,tPO6JNMOLas
@PB00Y,0,Damn I run 1:11 😅,tPO6JNMOLas
@Inosukelover1618,0,"Today I just got my metal for winning the 4x4 with my team (it’s not really hard if you have the stamina I’m in middle school, but we still run on the high school tracks)",tPO6JNMOLas
@RecursiveENTP,1,That makes me feel old AF 😂,eldbMfvn7-A
@alicejoyce579,0,Be quiet 🙊😂😂,eldbMfvn7-A
@AlmazLarsen,0,The babyface assassin,eldbMfvn7-A
@thomas_the_cat,0,"she's literally wardell stephen curry III, can't deny she's his kid 😂",eldbMfvn7-A
@divanyc-RN,0,10 years!?,eldbMfvn7-A
@704B,0,2015 doesn't seem that long ago,eldbMfvn7-A
@ookpkoo,0,Why his wife look more man than him?,eldbMfvn7-A
@SeatileMorakile,0,How old is she,eldbMfvn7-A
@PersonalBusiness-j8t,0,2025 mom on drugs clearly,eldbMfvn7-A
@lissetterivas1192,0,"That was ""copy paste"", she looks just like him.",eldbMfvn7-A
@richardasiimwe3726,0,The yawn! 😂😂❤,eldbMfvn7-A
@neisamelton3119,0,Time is flying by faster then ever,eldbMfvn7-A
@LaDimplez91,0,"Wow... yes, it's been 10 years. I was 23 and a brand new mom ❤ now my baby is 10 years old 😭😭 time flies!!!",eldbMfvn7-A
@RabbiTosmiser,0,Baby girl was ao adorable,eldbMfvn7-A
@YoJemaine,0,How old is she,eldbMfvn7-A
@DeniseChavis-f5g,0,Her fake sneeze is hilarious,eldbMfvn7-A
@jemalynpascua6816,0,Cute,eldbMfvn7-A
@datgurlizpoyzun,0,She looks like Steph’s mom,eldbMfvn7-A
@maryterhase5712,0,❤❤❤❤❤,eldbMfvn7-A
@cherylstange1335,0,She's a beautiful young girl,eldbMfvn7-A
@boomerczech,2,"Michael deserve more attention. Yes, his movies are old school B but guys... He is a star of martial arty.",j94OIrdvNUQ
@Fugvdfbh67,1,Always a story of a heroic BBC vs a douche white dude isn’t it,j94OIrdvNUQ
@Iabsolves,1,Flying knee in sparring wow,j94OIrdvNUQ
@thezetes,1,"Ooh noooo!

This doesn’t work in real life😂😂😂😂",j94OIrdvNUQ
@marcobrenes406,1,This is porn quility level writing!! Seriously😅,j94OIrdvNUQ
@HugoEspinoza-k5e,1,I've seen too many kung fu  vs mma videos to know they all get beat up easily by mma fighters,j94OIrdvNUQ
@curtisjackson4090,1,Reteu:  * _nods in approval_ *,j94OIrdvNUQ
@jkm1460,1,"Well he sure showed him. 
Didnt his momma teach him to be humble and not a cockity concieted show off. LOL😂",j94OIrdvNUQ
@minerfox5208,1,this is how karate femboys dream a fight in mma would look like,j94OIrdvNUQ
@mikeycraig8970,0,Worst acting I've ever seen. Modern generations settle for so much less!,j94OIrdvNUQ
@Skibidi-h2r,0,blackie-chan going insane,j94OIrdvNUQ
@winchesterlovesme88,0,"the issue is that if you memorize a set pattern you will fail, if you memorize 1000 patterns you will fail harder. life is not a pattern, you need to experience to feel the pain of defeat.",j94OIrdvNUQ
@mrmike4270,0,Wack ass movie,j94OIrdvNUQ
@peterhince129,0,Blokes still a beast. There’s acting but then there’s also knowing your shit when it’s real. This man does and knows both!!,j94OIrdvNUQ
@vanessapearson5490,0,Name of this movie,j94OIrdvNUQ
@slyllamademon2652,0,Fear the man who has practiced a technique 1000 times.,j94OIrdvNUQ
@ghostlemons7789,0,Dex build vs Strength build,j94OIrdvNUQ
@davidgriego986,0,The arrogant young punk needs to be taught,j94OIrdvNUQ
@PeninaTaala,0,Bruh.,j94OIrdvNUQ
@energymd,0,What movie is this?,j94OIrdvNUQ
@lourivalredpill,3,Futura esposa de alguém desse chat 😂😂😂,yhNNrvqfnRE
@85WD,0,Her father must be very proud of her,yhNNrvqfnRE
@jonasdanimix4490,0,Y luego piden respeto,yhNNrvqfnRE
@hadisantoso2562,0,"dadi kecil sampai usiaku 32 baru tahu aku ternyata itu ya fungsi cheerleader, 

gw kira pas waktu kecil apaan tuh cheerleader gajelas sorak"" ama goyang"" doang, ternyata oh ternyata fungsinya sangat berguna",yhNNrvqfnRE
@andrewaguilera126,0,And I want all you focus on center stage it classy lassy....,yhNNrvqfnRE
@Nick-Laren,0,"Difficile de se concentrer, dans un tel cas 😅",yhNNrvqfnRE
@theerone6650,0,แบบนี้ต้องจัดนอกรอบให้ผมนะ,yhNNrvqfnRE
@user-xwd07555,0,😂😂😂😂magic,yhNNrvqfnRE
@Dosez_Daily,0,I’m missing that shot all day,yhNNrvqfnRE
@empatbelasnoldua1402,0,he was distracted by a skinny chicken bone body?,yhNNrvqfnRE
@華慶陳,0,平常就習慣射在外面嚕😅,yhNNrvqfnRE
@felipecosta189,0,"Jogo sujo, literalmente 😂",yhNNrvqfnRE
@jamshidsattorov3871,0,Illegal,yhNNrvqfnRE
@TheFailedmessiah,0,Not fair. Lol,yhNNrvqfnRE
@KanatbekBaktybekuulu,0,Бээла чо я увидел,yhNNrvqfnRE
@joejimenez4351,0,When dad doesn't find out the true intention of a cheerleading career,yhNNrvqfnRE
@KimmyJimmel69,0,Bricked up shooting bricks,yhNNrvqfnRE
@BakcramBakhitjanuli,0,Как вы отвратительные,yhNNrvqfnRE
@japanmonkey,0,역시 중국..,yhNNrvqfnRE
@ravelcamposferreira752,0,Como que acerta a jogada? O a cena 😅,yhNNrvqfnRE
@bassketball2773,907,Subscribe!!,njOiFOIfqGI
@vania-g3t,29,"This man is the dunker everyone always wanted.. Right up there with Spud, Mugsy & Nate!!",njOiFOIfqGI
@DrewSavage-im3wh,1,Damn shit was beautiful,njOiFOIfqGI
@lorenzopina1,1,"Actual footage of Satan trying to stop the blessings that the christ almighty, personally provided for me.",njOiFOIfqGI
@NicholasShade-eq1ts,1,🏀,njOiFOIfqGI
@TheTeenSportZone,1,I was at this game,njOiFOIfqGI
@ZackX-b7c,1,"PosterZilla, im like hey wazz up hello seen your tall azz at the rim I just had to let go",njOiFOIfqGI
@eugenejregan4775,1,BAD AZZ! 🔥,njOiFOIfqGI
@JorkaydenHarris,1,I already know somone said this but he really hit that jordan pose but it did not count its still viral tho,njOiFOIfqGI
@Ggee-roy039,0,Fact that they both  knew the ref blew the whistle says alot about them,njOiFOIfqGI
@Tokhan64,0,For some reason short people know how to dunk really well,njOiFOIfqGI
@antoinegooden5449,0,I’m 6 2 thought I was tall I read this 😂😂😂,njOiFOIfqGI
@emmastevens5203,0,"i dont know much abt basketball, but can someone explain if that was travelling and if not, then why not?",njOiFOIfqGI
@DigiGuru8251,0,Imagine if he was tall like LJ 😵😵😵,njOiFOIfqGI
@eseguerito2629,0,He just kept rising😮,njOiFOIfqGI
@KnockOffBeingFat,0,"The Hoop should be raised at least 6"" in the NBA! Its getting rediculous!",njOiFOIfqGI
@michealschoeninger9420,0,I just hope ja get his mental together an stay in the game of basketball not the streets,njOiFOIfqGI
@The007enzo1,0,Wenby is tall but Americans Are Great ... period,njOiFOIfqGI
@kingD.C.,0,"offensive foul by a mile, thats not a poster.",njOiFOIfqGI
@justlucky01,0,Majestic ✨,njOiFOIfqGI
@Txmshorts,2021,*Who was cancelled Mam* 😂😭,MHbzdaTVcks
@josaia13vakacegu,23,"Happiness turned into a ""😑"" it actuallay got me😂😂🤣😭💀",MHbzdaTVcks
@uifirPawl,2,"""Mam, you ain't da boss"" ahh face😂",MHbzdaTVcks
@alexiushayes4574,1,Does it look like I care miss deformed ninja turtle 🐢 your the off brand Michelangelo like shut up and do it look like I care mam speeds reaction 🤣🤣🤣🤣🤣🤣🤣🤣🤣🤣🤣🤣🤣🤣🤣🤣🤣🤣🤣🤣🤣🤣🤣😂😂😂😂😂😂😂😂😂😂😂😂😂😂😂😂😂😂 who asked you first of all man speed does not care,MHbzdaTVcks
@alexiushayes4574,1,Does it look like I care miss deformed ninja turtle 🐢 your the off brand Michelangelo like shut up and do it look like I care mam speeds reaction 🤣🤣🤣🤣🤣🤣🤣🤣🤣🤣🤣🤣🤣🤣🤣🤣🤣🤣🤣🤣🤣🤣🤣😂😂😂😂😂😂😂😂😂😂😂😂😂😂😂😂😂😂,MHbzdaTVcks
@josaia13vakacegu,1,"Bro's look got me after her saying ""you know what.. you officially....... CANCELED""💀😂🤣😭",MHbzdaTVcks
@fazlunnisaa7059,0,That reaction 😂,MHbzdaTVcks
@Kateryna_pio,0,Oh stop the cap,MHbzdaTVcks
@petaalesana2283,0,Who was cancelled mam who asked and speed be like mam I don’t care,MHbzdaTVcks
@uniquely_chyy6551,0,Speed lowkey tweeking🫦🇻🇳,MHbzdaTVcks
@jimnikolovski314,0,speeds reaction at the end 😮😮😮😮😮,MHbzdaTVcks
@pabloorellana3526,0,Did he asked tho,MHbzdaTVcks
@anthonyyearby2049,0,What's the video called?,MHbzdaTVcks
@marcoantoniocasas5980,0,Hahahaha his face,MHbzdaTVcks
@VanessaPhilogene-g3l,0,Bro 😂 are you seriously,MHbzdaTVcks
@Xcfsg,0,Bro will never play soccer again,MHbzdaTVcks
@siuszeszeCC,0,How?,MHbzdaTVcks
@PaulinaRodriguez-nn6ut,0,hh😂,MHbzdaTVcks
@lagartobl6923,0,😂😂😂,MHbzdaTVcks
@Lillianabrishamy,0,When shen said your cancelled i fell off my chair,MHbzdaTVcks
@charlemagne2927,1,Is that made up of Tungsten?,OolQwtR_VPk
@luaanvalle,1,Desafio pro bitelo,OolQwtR_VPk
@gustavomelofa,1,"Ele nem pescoço tem, de tão forte que é. 😂",OolQwtR_VPk
@gustavomelofa,1,"He doesn't even have a neck, so strong he is. 😂",OolQwtR_VPk
@michaelinzo,1,How heavy is this?,OolQwtR_VPk
@ranga9996,0,Weight??,OolQwtR_VPk
@elvis1422,0,Imagine Struggling to Carry Thor’s Hammer from Temu 😭💀💀🙏,OolQwtR_VPk
@PracticallyHuman,0,He was nicknamed the Beast for a reason,OolQwtR_VPk
@user-Shivam80,0,Vispy khradi🙌,OolQwtR_VPk
@kaylaskingdom3693,0,Toxic trait is thinking I could do this easily,OolQwtR_VPk
@Danny-mt1uo,0,34 segundos es arto 😢,OolQwtR_VPk
@josearanda7967,0,Sonne diabolic,OolQwtR_VPk
@alexbor9685,0,Все очень боялись получить рукояткой в очко -когда руки не выдержат и отпускали раньше,OolQwtR_VPk
@carlosgomez2275,0,"El gran Eddie Hall, el hombre más fuerte del mundo, la bestia 💪😎",OolQwtR_VPk
@lerpog4509,0,people have no idea how hard i am,OolQwtR_VPk
@gtrzmbe9390,0,4 worthy wielders in a row? Mjolnir givin' out perms like hot cakes! Song?,OolQwtR_VPk
@ivhanbeluang8560,0,He even put the hammer as gentle as he could ❤❤❤,OolQwtR_VPk
@darkroom-dl1ir,0,Eddie hall Height is 191 cm?,OolQwtR_VPk
@cadmus204,0,"Woah, 35 seconds is such a long time",OolQwtR_VPk
@BiphDb,0,Where is Mr. Balloon man A.K.A Khan baba🤣🤣,OolQwtR_VPk
@brookeSH1,2,"here’s the history of Asian people 😊(i’m bored) 






Migrations of distinct ethnolinguistic groups have probably occurred as early as 10,000 years ago. However, around 2,000 BCE early Iranian speaking people and Indo-Aryans arrived in Iran and northern Indian subcontinent. Pressed by the Mongols, Turkic peoples often migrated to the western and northern regions of the Central Asian plains. Prehistoric migrants from South China and Southeast Asia seem to have populated East Asia, Korea and Japan in several waves, where they gradually replaced indigenous people, such as the Ainu, who are of uncertain origin.[47][48] Austroasiatic and Austronesian people establish in Southeast Asia between 5.000 and 2.000 BCE, partly merging with, but eventually displacing the indigenous Australo-Melanesians.[49][50][51][52]
In terms of Asian people, there is an abundance of ethnic groups in Asia, with adaptations to the climate zones of the continent, which include arctic, subarctic, temperate, subtropical or tropical, as well as extensive desert regions in Central and Western Asia. The ethnic groups have adapted to mountains, deserts, grasslands, and forests, while on the coasts of Asia, resident ethnic groups have adopted various methods of harvest and transport. The types of diversity in Asia are cultural, religious, economic and historical.

Ethnological map of the Pamirs
Some groups are primarily hunter-gatherers- whereas others practice transhumance (nomadic lifestyle), have been agrarian for millennia, or adopted an industrial or urban lifestyle. Some groups or countries in Asia are completely urban (e.g., Qatar and Singapore); the largest countries in Asia with regard to population are the China, India, Indonesia, Pakistan, Bangladesh, Japan, Philippines, Vietnam, Iran, Turkey, Thailand, Burma, South Korea, Uzbekistan, and Malaysia. Colonisation of Asian ethnic groups and states by European peoples began in the late 1st millennium BCE, reaching its peak in the late 19th and early 20th centuries.",w_NjR00ij2I
@salashfajri779,2,"Not all Asian is China, Japan, And Korea bruhh",w_NjR00ij2I
@mayanktiwari2238,1,"STOP BEING RACIST TO YOUR OWN RACE, Brown people Asian people why ??",w_NjR00ij2I
@TitanTruckCorporation,1,OH HELL NAH I'M ASIAN AND I'M GETTING NORTH KOREA ON YOUR AS#,w_NjR00ij2I
@BoogerBoogers-n5g,1,I am Filipino and I approve the chinese tactic...,w_NjR00ij2I
@mrmarch2.05,1,Who is white of them?,w_NjR00ij2I
@HotShotBawa,1,Not him wearing colour coordinating tshirts,w_NjR00ij2I
@lightahead1278,1,"As an asian, this is funny af 😂",w_NjR00ij2I
@anemchongloi2141,1,𝓡𝓪𝓬𝓲𝓼𝓽 𝓼𝓱𝓲-,w_NjR00ij2I
@Aaron-jc4sd,0,So when you blocked an indian ( which is also an asian ) you gonna do that? Lol,w_NjR00ij2I
@ultimatejudger,0,"inaccurate, Asian score even with eyes closed 😂",w_NjR00ij2I
@perma01,0,Blocking their view is actually smart lol,w_NjR00ij2I
@CesarMcClendon-ym3mr,0,Ts is just racism straight up. Black people rule basketball larry bird is the only white guy I know that plays decent. And the Asians already defended themselves. Stop stealing our culture and mocking us. I see no black man in this fking video. Ts is mad offensive. Not funny at all,w_NjR00ij2I
@Snixie12,0,that was not what i was expecting 😭,w_NjR00ij2I
@epicphatom9715,0,You did not just say that about black people of all people my brother,w_NjR00ij2I
@Huegexick,0,ts pmo sm idk y tho,w_NjR00ij2I
@blessed_VTSS,0,LOL,w_NjR00ij2I
@PICTUREYUGA,0,Rasis,w_NjR00ij2I
@seishi_,0,This short so goated in showed up twice and it was below it,w_NjR00ij2I
@johny-d8i,0,Racist,w_NjR00ij2I
@Bennzing,2,Laal Singh Chadda is the Indian form of this movie .,AnLJHWX4eQY
@JitenderRana-v6o,2,Like lal singh chada,AnLJHWX4eQY
@thomass3710,1,"""Stop , Forrest"" !😎",AnLJHWX4eQY
@richardellis6414,1,Love that unforgettable movie ❤,AnLJHWX4eQY
@davidro9883,1,Got the liberals on the run! 😂,AnLJHWX4eQY
@BatavAbhishek,1,Aamir khan copied this 😂,AnLJHWX4eQY
@CorruptedGamingXD,1,"""run Forest run* reminds me of the Flash Series ;-;",AnLJHWX4eQY
@נדבגלעדי,1,"Forest Gump❌️
False gum✔️",AnLJHWX4eQY
@AbCd-z6o,1,Copy of Lal Singh chaddha,AnLJHWX4eQY
@Yuzar-v5f,1,And then Indians stole the story of this movie 😂so sad,AnLJHWX4eQY
@JoshuaCiccione,0,show or movie?,AnLJHWX4eQY
@thmovess,0,Which movie?,AnLJHWX4eQY
@Yash-q1x,0,Is India's version the rip off or this one the rip off.,AnLJHWX4eQY
@PeeWeeHermitGames,0,False Gum,AnLJHWX4eQY
@Reaper12131,0,I thought Forest Gump was a real person when I first saw this movie,AnLJHWX4eQY
@Delulusayo,0,Is this the guy in titok with the song the man can move on ?,AnLJHWX4eQY
@HoshangPanchal-xh9wu,0,Laal singh chaada,AnLJHWX4eQY
@daevydjae,0,"Last year Tom and Robin worked together again in ""Here."" Good movie and it was like they worked together their entire careers.",AnLJHWX4eQY
@dark_eklips,0,Aint no way bro is packing while running,AnLJHWX4eQY
@jessies16,0,Yes,AnLJHWX4eQY
@flipthrough6806,1,"Yes, I agree. It was a draw. Someone drew a picture of that kung fu master getting his ass kicked is what happened.",lYLxYycQt-Y
@dafawkes7868,0,The problem they have is that they wanna preserve traditional martial arts AND say they're effective in a fight. Fuck. Off. If you wanna preserve tradition then be humble and honest about it.,lYLxYycQt-Y
@BigFred87,0,* Thunderous left hook,lYLxYycQt-Y
@WadeCroy-hx6ry,0,Steven seagal,lYLxYycQt-Y
@Michael-re4qh,0,This man embodies the spirit of the peoples of the world. Were sick of the narrative.,lYLxYycQt-Y
@Michael-re4qh,0,This man embodies the spirit of the peoples of the world. Were sick of the narrative.,lYLxYycQt-Y
@DanielBlades-w7w,0,And he was bare nuckle,lYLxYycQt-Y
@Gitgudbrendan,0,That was definitely a left not a right,lYLxYycQt-Y
@andrewaguilera126,0,It reminds me the old Chinese flicks...or even kung-fu theater...,lYLxYycQt-Y
@tarzlegacy9446,0,Steven Seagal was first……….. in the buffet line,lYLxYycQt-Y
@MichaelTruscello,0,It’s all about money. Sad but true.  USA boxing is the same.,lYLxYycQt-Y
@matthiasszafron1951,0,"U can't disrespect a fakish culture cause it's not culture it is a illusion that weak mindsets build....... China at its best 😅

The MMA fighter got disciplinary consequences in China's social point System to silence other (rational and logic) minds😂",lYLxYycQt-Y
@cold4454,0,He must be a democrat,lYLxYycQt-Y
@vikrantmewada9421,0,That master is absolutely fake and joker 😂,lYLxYycQt-Y
@dominadorreyes8089,0,😅😅 i will fight you master sardines😊😊,lYLxYycQt-Y
@thestudychurch6928,0,Watched too much IP man,lYLxYycQt-Y
@disequalone,0,Bullshito,lYLxYycQt-Y
@RealnePodejscie,0,Wing Chun is a bullshit. I said it 20 years before he tested it. Thank you.,lYLxYycQt-Y
@jonbigcawk,0,he even has the name Dong!,lYLxYycQt-Y
@ReneoVillarreal,0,So your telling me I watched this for no reason 😮,lYLxYycQt-Y
@redfigs42,1,why do whites even bother competing in sprinting? they ain't built for it 🤷🏽‍♀️,rp6Eb0n2IKY
@rinomedingin6390,1,She not tall so.....,rp6Eb0n2IKY
@MrArminVANburen,1,"She should make baby with H. BOLT. So we could have real life ""flash"", not only in marvel movies and books.",rp6Eb0n2IKY
@aakashdeep_7,1,"""I'm not in the frame but in a hall of fame"" ~ ByMe",rp6Eb0n2IKY
@Etienne-,1,This edit was sick af,rp6Eb0n2IKY
@richardmuniz9447,1,"She is just too fast.
I like the way she turned to look at them like And then she hit that last Gear",rp6Eb0n2IKY
@BKMusic633,1,Mek-Mek.....😅😂😂😂😂😂,rp6Eb0n2IKY
@Salvation_Setshedi,0,You're running for dear life and someone takes a nonchalant glance at you while passing by.,rp6Eb0n2IKY
@porscheoscar,0,What Posterizing is in track,rp6Eb0n2IKY
@quorriebeautiful6937,0,"Don't get it fkd up, number 8 is beasting it too, she just fell short to the GOAT",rp6Eb0n2IKY
@quorriebeautiful6937,0,She is 100% unmatched,rp6Eb0n2IKY
@print4apet,0,Smoke$hoW !!!,rp6Eb0n2IKY
@AnthonyWildschut,0,Bosss,rp6Eb0n2IKY
@IDONTCARE-fg8qu,0,What is it with black women and fake white women hair,rp6Eb0n2IKY
@romandowebb8927,0,🔥🔥🔥🔥🔥,rp6Eb0n2IKY
@shumadoomashingbling,0,❤️❤️❤️🤜🤛,rp6Eb0n2IKY
@driikbanna5835,0,Bro her flow state is incredible there’s like no lost of energy just smooth movement . It’s incredible,rp6Eb0n2IKY
@ReddDaBoss,0,American strong,rp6Eb0n2IKY
@sensaiuriah5440,0,Omar u should've pulled up the clip of agent and mark arguing about him dodging in marvel rivals 😂. Agent was being a bitch then too,rp6Eb0n2IKY
@kierialove,0,"Her body is amazing, love her ambition 😩",rp6Eb0n2IKY
@parampreetsinghsudan8056,77,"If it were me, I would have played up with the kid only a little bit to boost his confidence for the future of new ones before trying to seem like I lost that and doing it in such a way so as to not make him think I lost on purpose as that would negatively affect that. I always sacrifice for the young and deserved ones at my expense without thinking what all the people around would think of me and boost the morale of them as I personally view it as a right thing to do. The elder dude should fight someone of his own size.",eo3vmt7R2Vw
@andyslegocreations,67,bro sat on a freshman crazy,eo3vmt7R2Vw
@nahidabegum19,53,That senior is a menace,eo3vmt7R2Vw
@The_GreatPhilosopher,44,"A bit of Respect is very much important than a win,I hope he may understand in future,AMEN!",eo3vmt7R2Vw
@Ozxy01,6,Props to the younger guy he put up a great fight.,eo3vmt7R2Vw
@Give_Tyler.Vitelli_A_Series,2,"The girl in the back screamed ""DON'T TOUCH THE CHAIR! ....GET OFF!"" (if you can read her lips)",eo3vmt7R2Vw
@Isla-y7s,1,oh lol!!!!,eo3vmt7R2Vw
@WizardGtvr,1,Dont sit at home?,eo3vmt7R2Vw
@MahmoudKhereba,1,"Boxing ❌
Chairing☑️",eo3vmt7R2Vw
@iqrainamdar5016,1,That looks like nidal,eo3vmt7R2Vw
@JSTEPHL,1,lil boy was busy fighting a grizzy bear lol,eo3vmt7R2Vw
@Emmi1318,1,That’s my friends older brother……like no joke ik him😂 (the tall senior),eo3vmt7R2Vw
@larrylopez2827,0,🪑+🥋= ChairJitSu,eo3vmt7R2Vw
@Paula-e1e,0,Wrong. 😂,eo3vmt7R2Vw
@SocialMed-t7g,0,😂,eo3vmt7R2Vw
@demon1c92,0,They look like brothers😂,eo3vmt7R2Vw
@adamspeiser6449,0,"They need to have the chairs glued down or something for this to work. Not very practical, but a lot better than this, though stealing the chair away is smart",eo3vmt7R2Vw
@Sansbryh,0,Freshman:❌ Middle school or elementary:✅,eo3vmt7R2Vw
@CertifiedIdiot2,0,Musical seat?!?!?!?,eo3vmt7R2Vw
@Conor-c5i,0,What a looser should have just let the kid have it,eo3vmt7R2Vw
@doggin6,1,Yeah so absurd.  A baseball player threw a baseball.  🤯,ipTpevuqZAA
@YourMom_27,1,Woooowwwww. He threw ball😱 wow,ipTpevuqZAA
@TheShnewgen,0,God is good!!,ipTpevuqZAA
@Seth-of2ey,0,The pitcher is hunter dobbins he's really good about to get called up,ipTpevuqZAA
@ZaZa83-t8h,0,Yo Thats a line drive scoop n throw from right field to the 3rd base😅😅,ipTpevuqZAA
@cranehead28,0,"Absolute goddamn laser cannon of an arm. As a Sox fan, I approve this. Sox fan or not, you have to appreciate the athleticism of these guys. Baseball players are underrated as professional athletes as well.",ipTpevuqZAA
@dougsmith9450,0,Bro threw a heat seeker,ipTpevuqZAA
@Joseph-u8m9e,0,Test me bro,ipTpevuqZAA
@dustina.6732,0,Looking like Bo Jackson out there! Great throw💯,ipTpevuqZAA
@50K3NO,0,I miss him🥲(Yasiel),ipTpevuqZAA
@Johnnynix52,0,"This is the ""frozen rope"" baseball people refer to",ipTpevuqZAA
@1SavoirFaire,0,A laser! 🎯,ipTpevuqZAA
@MikeWing603,0,😮‍💨,ipTpevuqZAA
@evanhuffman520,0,Bro RF is just rhe 3rd baseman of the outfield lol dont get it twisted,ipTpevuqZAA
@RichardHickman-o8j,0,"That's what we used to call ""A frozen rope!!""",ipTpevuqZAA
@terrydory9269,0,WOW!!!,ipTpevuqZAA
@KyleCotton1,0,That's what some would refer to as a piss missle!!!.😲😲,ipTpevuqZAA
@rickycamp186,0,👍👍👍👍👍💯💯💯💯💯💯,ipTpevuqZAA
@donaldklink794,0,Dude could pitch from center field 😳🤣,ipTpevuqZAA
@dootdoot1867,0,Thats why outfielders have the best arms on the pitch.,ipTpevuqZAA
@sintya-r1y,45,DH being in here twice is perfect ty💀💀,FKYBhZFhhys
@M7_1.,2,Arabic basketball 🏀,FKYBhZFhhys
@AceProtogen,1,Not a funny “prank” you can seriously damage people’s ears for life,FKYBhZFhhys
@doggin6,1,"You could just call this video
“Blacks are annoying”",FKYBhZFhhys
@Skibidisaac,1,bro i dropped my phone under my bed wnd i couldnt find it i was playing it full volume and i had to listen to this fucking shit for like 5 min 😭😭😭😭,FKYBhZFhhys
@MarlonMcmillan,1,❤❤❤❤❤❤❤❤❤😂😂😂😂,FKYBhZFhhys
@luisalbertoparedesmachuca6965,1,The 5☠️,FKYBhZFhhys
@lillypontius3491,1,7 is dh btw,FKYBhZFhhys
@Abc_original_name,1,The last one was the best 😃😀🙂😐🙁😕☹️😭,FKYBhZFhhys
@NEXTGERXIAO,1,Number 3💀,FKYBhZFhhys
@LoganeMarquez,0,"The guy in the gym when the ball explodes: ahhhhhhhh
The ball: …. I’m about to bust.",FKYBhZFhhys
@grozzarkazoku8757,0,Okay people there is this thing called PSI they have a meter for it. Use it. Never inflate above the PSI ratting not even 1 PSI,FKYBhZFhhys
@JustBagsley,0,is this actually dangerous? like could it like blow up your hand or something,FKYBhZFhhys
@KauaDossantospereira-rl1nf,0,Uma bola ou é uma bomba 💣 kkkkk,FKYBhZFhhys
@JamesCannon-bn2us,0,guy in green shoes is the funniest to me lol,FKYBhZFhhys
@The-best-fox,0,"Когда я учился в школе у нас были тяжелые толстые мячи, если он лопнет, боюсь школа развалится😂...",FKYBhZFhhys
@ysabellamdeguzman,0,That ball explode,FKYBhZFhhys
@YOSSARIAN313,0,Ive never seen a basketball pop before didnt think it was possible,FKYBhZFhhys
@MaggieMaben,0,Bro has spiDee senses,FKYBhZFhhys
@PROBLEMS_00.01,0,Thank you bro new phobia 👍👍,FKYBhZFhhys
@stanleyho6922,2,This is why he can't be the face of NBA. Classless.,DvKKfogiBfY
@mncalapati415,1,"I would’ve yelled back, “go take care of your kids” 😳🫥☠️",DvKKfogiBfY
@TTarver-p9s,1,"F¿CK that, .He don't suck , his   the next NBA superstar...!!!",DvKKfogiBfY
@johnnyachae,0,There is a thing called class bruh 😢,DvKKfogiBfY
@DC-zi2rb,0,still a kid,DvKKfogiBfY
@koyawampipti493,0,Emotional damage,DvKKfogiBfY
@gorillasquadelite,0,Dude said I got 200 thousand right here😂 man that ain’t nothing compared to 200 million,DvKKfogiBfY
@johnmerriam7844,0,low class,DvKKfogiBfY
@raybethel769,0,"Rudy couldn't stand up for himself,,thts why the league thinks he's wet toilet paper",DvKKfogiBfY
@JohnAllen-b3r,0,I got 200 million and my ick  bigger than yours obviously not because you’re talking to him why Anthony why my guy shhhh your dam mouth,DvKKfogiBfY
@koyawampipti493,0,Lmao he knew for a fact he’s right 🤣,DvKKfogiBfY
@goofylarry2277,0,"The fans probably were racist. And anybody got something to say, my di$& bigger than yours.",DvKKfogiBfY
@Ssnitchhh,0,Black people so insecure,DvKKfogiBfY
@kissmills,0,"Yall new gen negroes have no lunchroom creativity I swear ant sounds like a ol drink guy at the bar on Monday tryna argue with everyone just cause 😂, my shlong bigger is so old I’m not sure I heard that since the 90’s",DvKKfogiBfY
@lionelturner9819,0,😂ant man 🐜  don't say no gay shit like that ever again,DvKKfogiBfY
@imaspacecreature,0,"Does this imply that, Ant looked at the guy's meat? 😮",DvKKfogiBfY
@MrStevebo76,0,He’s probably right 🤣,DvKKfogiBfY
@unccuu16,0,You can take ant out of the hood but you can't the hood out of ant,DvKKfogiBfY
@mattricci2981,0,He is 🗑️,DvKKfogiBfY
@understandunderstand1271,0,He is a funny guy,DvKKfogiBfY
@amymo5187,8056,They really HATE that guy considering the hole in the drywall,_26CD1P-uRQ
@hasanakhtar-l2p,3789,“Crush him when he shows off” Why didn’t I think of winning? Of course!,_26CD1P-uRQ
@-humans-,1496,"They have 3 holes on the walls
What are they doin beside table tenise",_26CD1P-uRQ
@pingpongmaestros,717,Do you want to learn how to do trickshots? Then check out the linked video😎,_26CD1P-uRQ
@lotus6407,497,"Step 4 is complicated since most amauters don't know the rules in the first place, so they don't even know is cheating. If you're professional enough to make steps 1 to 3, you don't need step 4",_26CD1P-uRQ
@Muito_Genio_cara,254,"The slap on the ball on step 4 was RUTHLESS.
also, why is there a hole in the wall?",_26CD1P-uRQ
@aidanwickham1468,108,Did anyone notice the hole in the wall,_26CD1P-uRQ
@giannabisbee7061,44,"The skills:🗿
The wall:💀",_26CD1P-uRQ
@mickeymouseio,21,Okay I guess one punch man decided to play ping pong and decided to fling the ping pong into the wall with the paddle,_26CD1P-uRQ
@JaiPandiri,20,That literally me,_26CD1P-uRQ
@primelover3433,9,Where was the chating,_26CD1P-uRQ
@yklachuk,8,"10+9=21 cuz if you take 10 and make it 2*5 and 9 to 3*3 and  then shufel them like this :                        3*5    3*2
and then make it a math question like this: (3*5)+(3*2)=21",_26CD1P-uRQ
@steveyasuica3494,6,Why is there random holes in the wall😅😅😅,_26CD1P-uRQ
@Nobodythere_-sp7bv,6,What happened to the wall behind?,_26CD1P-uRQ
@estherpraveen8596,6,First,_26CD1P-uRQ
@Lukyfer401,4,Why is the last chesting???,_26CD1P-uRQ
@StarboundRose,4,Which one is the guy everyone hates?,_26CD1P-uRQ
@VincentCastillo-l3i,3,Do you see the hole in the background in the wall?,_26CD1P-uRQ
@Guhhhhhhhhhhhhhhhhhhhhh-h,2,Nothing is funnier than pingpong rage like ok diet tennis calm down,_26CD1P-uRQ
@MrNizam1,2,Step 1: Be really good at table tennis,_26CD1P-uRQ
@ObaBaller,1,Americans and ther weird games,DRLk8Wryvj4
@WeekdayzOfficial,1,Everyone who plays soccer can do this😊,DRLk8Wryvj4
@matthew8792,1,"Omg! Kickball! I loved playing this in Middle school, and it’s still played! And now I’m soon 16. On the 23. Damm Im old.  😅😅😅 glad to see that it’s still played.",DRLk8Wryvj4
@z.kramer6027,0,why don’t they kick it ovee them?,DRLk8Wryvj4
@dominicperez7954,0,And the crowd went mild,DRLk8Wryvj4
@teddyrobo1,0,"ESPN is officially dead, what a waste of time",DRLk8Wryvj4
@kingkap18,0,"my elementary school had some pretty good athletes, we would all compete like it was the SB. i always got team captain lmao",DRLk8Wryvj4
@dummyslapspeakerdreams,0,I don’t get it. Why is that the perfect kick? 🤔💬,DRLk8Wryvj4
@Jdog141,0,Bro there’s adult kick ball leagues? How have I never seen this. I need to get the elementary squad back and go run it. Lol,DRLk8Wryvj4
@krammerzw9110,0,I'd be perfect for that,DRLk8Wryvj4
@UiRickard-oq2ds,0,It don’t gotta be sport js a family thing as we have fun Fr !,DRLk8Wryvj4
@LIVEREGAL,0,in my league u have to kick it past that line and the defense can stop it,DRLk8Wryvj4
@JeffBlazos69,0,I hope her husband gives her a good talking to for that. 🤜👧,DRLk8Wryvj4
@blueskin7377,0,"I miss Kick ball so bad😢, even though I haven't played it in over 40yrs.",DRLk8Wryvj4
@leonelhernandez220,0,Out of all the fields they always choose the one with the soccer goals. Like are you all dumb?!?! The baseball field is perfect for this,DRLk8Wryvj4
@daniella921,0,Explain to me someone 😕,DRLk8Wryvj4
@brianlund3125,0,I have seen some plays like that at our local kickball league.,DRLk8Wryvj4
@unstoppableplayz8678,0,"Personally, home run every kick",DRLk8Wryvj4
@jacobseraphin685,0,"Say what y’all want about kickball, playing it is a lot more fun than watching it.",DRLk8Wryvj4
@chriskibodeaux9818,0,Yeah no she didn’t it went out of bounds!,DRLk8Wryvj4
@jokermwx--4140,1,Man...all these great stories lately from these 80's/90's players are priceless!!!,5Ndel62adPI
@DemetriusPoindexter-ij7ws,0,"What, tf you mean you ain't  got the money yet? You better come up with my cash or else 😂",5Ndel62adPI
@ramonmontano9810,0,The G.O.A.T!,5Ndel62adPI
@lb4life629,0,Get that 💰 🤣🤣🐐💯,5Ndel62adPI
@tjmasterbarber2664,0,DAMN! No wonder why Jordan hated losing! He bet on himself! 😂😂😂 TrueGoat! 🐐🐐🐐🐐🐐🐐🐐🐐,5Ndel62adPI
@eappleby9702,0,"Now tell Giannis, Amen Thompson, and Jrue Holiday you're going to get 40 on them",5Ndel62adPI
@kamargee9680,0,SAVAGE!!!,5Ndel62adPI
@BlueyedBadguy,0,🐐,5Ndel62adPI
@TheMedic2014,0,Sports Betting is WYLD!,5Ndel62adPI
@hp7639,0,That's why Jordan was so good. He played every game like he was gambling😅😅 Might explain Pete Rose too😅😂,5Ndel62adPI
@Theyoufeelme,0,We loved ali for the same reason. He would talk shit and back it up. We loved mcgregor there for a few years too but he lost his status lol,5Ndel62adPI
@anthonygriffin5040,0,"Jordan set yall up bro, he's the type to look for a challenge and he bet you to make sure that game was his🤧",5Ndel62adPI
@bigd9526,0,Why would you motivate him like that. I heard that he would be willing to fight literally over 50 or whatever the bet was 😮😮😮😮,5Ndel62adPI
@CinHalCedHerChance,0,"Growing up watching Jordan and then heading the stories today makes it all the more amazing. 
MJ had it all, the athleticism, the skill , the perfect build, the looks, the mind.
Legend of legends.",5Ndel62adPI
@pg1633,0,The GOAT,5Ndel62adPI
@seanolsen4678,0,Something that champions only and can do,5Ndel62adPI
@glebmak6258,0,"200,000",5Ndel62adPI
@Arvind8558,0,"That’s gambling instinct there, so passionately itching to fulfill the game coz of the bet",5Ndel62adPI
@pacman4ever143,0,"Dang dont you boys get it? 

Its not about statistics. Its about how Jordan played basketball that made him the GOAT! 

 NO ONE COMES CLOSE TO HIS MOVES & SKILLS. NOT LEBRON WILT OR KAREEM PERIOD.

Why do you think did Magic,Larry,Kobe,Hakeem,Shaq,Barkley,Iverson, Ewing, West,Durant etc picked him as the GOAT? 

So you judge better than these NBA greats?",5Ndel62adPI
@marvinduque4360,0,He's a real killer!,5Ndel62adPI
@dreamchasers298,2,This can’t be a real video 🤦‍♂️💀,10ImvWa5pMY
@KaalRig,1,"White Men's have turned weak, there woman's are now being taken by Sub-Saharan Black Africans. Europe is getting flooded by Sub-Saharans. There will be 2.3 billion Sub-Saharans by 2050.",10ImvWa5pMY
@alexanderjackson9302,1,That slap hurt.  Lol,10ImvWa5pMY
@patricianewell75,1,"Excuse me Mr. Black man,,, You got totally excited ❤❤❤. That's all I was looking at Ladies 😋",10ImvWa5pMY
@trashass_society6199,1,Bro caught an assault charge cause he’s “like that” lol does he mean stupid?,10ImvWa5pMY
@BubBub-yc8qm,1,How can someone run that fast after getting smacked solid in the ear? 🤷🏼,10ImvWa5pMY
@maharlika6838,0,bet the guy that run fast came back with the Pew pew on him😂😂😂😂,10ImvWa5pMY
@manher4335,0,"What's this suppose to be? All I saw was a big, black poosie sucker punch a dude. Oh wow!...foh. If he's about it, why didn't he ask the guy to square up and get down to business? Stupid, only soft clowns get entertained by this nonsense.",10ImvWa5pMY
@DavidNicholas-c9i,0,HOW DID THESE PEOPLE COLONISED US THEN,10ImvWa5pMY
@eddieandrews3335,0,Dude never had someone go to the next level,10ImvWa5pMY
@JohnnieEdwards-m6i,0,He running faster than a woman 👠 on the Olympic team he 😂😂like that 😂😂bro 😂😂😂😂,10ImvWa5pMY
@calppaccino1234,0,Has to be staged theres no way this os real 😂😂,10ImvWa5pMY
@ClevelandTaylor501,0,Bro just just brought infinite shame on his bloodline 😂,10ImvWa5pMY
@juliusreed5273,0,"Sign him to a NFL contract, that white boy got slave speed 😂😂",10ImvWa5pMY
@DiceRolls,0,… people really believe this video?,10ImvWa5pMY
@Babaupthescore,0,This dude had every intent to fight until that second contact real punch hit😂,10ImvWa5pMY
@tyrellclark9665,0,Black power bihh 😂,10ImvWa5pMY
@CandelariaMoreno-t6n,0,por eso despues el blanco saca su arma y pasa una desgracia   :v,10ImvWa5pMY
@OKUTHI,0,There is a virtue called … RESPECT YOURSELF AND YOU WILL DEFINITELY RESPECT OTHERS!,10ImvWa5pMY
@ss_whole,0,"This ""Less filling, Taste great"" thing has really gotten out of hand.",10ImvWa5pMY
@YusefFox,957,See look at how loyal us Liverpool fans are ❤ Edit: THANKS SO MUCH FOR 900 LIKES,TJ7ZOFpXzqw
@Moosky1028,846,W assist 🗣️🔥🔥🔥🔥🔥,TJ7ZOFpXzqw
@Elmo_dud,151,It's not an assist by the fan he just passed the ball to them.💀,TJ7ZOFpXzqw
@SaturoGojo587,87,Best assist of the year,TJ7ZOFpXzqw
@JuiceWrldforlif3,60,BRO HELPED LIVERPOOL SCORE LET'S GO,TJ7ZOFpXzqw
@HaruunMohamed-i1y,29,Liverpool fans are just amazing. ❤🎉😊😮,TJ7ZOFpXzqw
@Jayden_playzzzz,9,"for anyone who needs this <3 


I love your hair
I love your eyes
I love your strength 
I love your voice
I love your style 
I love your eye lashes
I love your nose
I love your confidence 
I love your forehead 
I love your hands 
I love your shoulders 
I love your ears 
I love your cheeks 
I love your mouth
I love your personality 
I love that you are brave
I love that you are kind 
I love that you are strong 
I love that you are you
I love that you are smart
I love that you are creative 
You are beautiful
You are nice
You are confident 
You are smart
You are unstoppable 
You are perfect
You are unique 
You are amazing
You are pretty
I love you when you’re mad
I love you when you’re sad
I love you when you’re happy
I love you when you’re anxious 
I love you when you’re embarrassed 
I love you when you’re cheerful 
I love you when you’re disappointed 
I love you when you’re at your lowest
I love you when you’re at your highest 
I’m proud of you for eating
I’m proud of you for setting goals
I’m proud of you for getting up
I’m proud of you for learning 
I’m proud of you for trying 
I’m proud of you for smiling
I’m proud of you for going outside
I’m proud of you for spreading kindness 
I’m proud of you for being you
I’m proud of you no matter what
I know you’re insecure but everyone is
I know you’re not happy but your not alone
I know you’re getting bullied but don’t listen to them
I know you’re sad but try to be happy
I know you’re miserable but your still standing 
I know you feel hated but you are loved
I know you feel sad but deep down you’re happy
I know you feel disappointed but you are proud
I know you are depressed but smile!!

insecurities are only real because of society, so ask yourself.. “would you be who you are right now if it weren’t for them?” and what would you say? don’t hate yourself, because you are worth the world! everyone is different and that’s a good thing. don’t be insecure, just set goals! be yourself and learn to love who you are <3
Maybe check out my channel?",TJ7ZOFpXzqw
@10pstakes18,6,Sometimes I wish I was in a wheelchair so I could get front row seats. Maybe not me actually but I reckon my sister could take one for the team.,TJ7ZOFpXzqw
@ALPHA_GWR,5,Corner taken quickly...  VAN DIJKKK,TJ7ZOFpXzqw
@Fora0045,3,Bro was more useful than xqc,TJ7ZOFpXzqw
@LETU4LIFE,3,If i would get that ball i would be invisible from there in seconds,TJ7ZOFpXzqw
@florisvanherterijck2404,2,"Glaze insane 😂😂😂 
Bro just threw the ball , 
if he helped with the goal every Ballboy
Would be Man of the match 😂😂😂",TJ7ZOFpXzqw
@Rubens-s1y,1,"""A corner taken quickly""",TJ7ZOFpXzqw
@Totallyryanrenolds,1,Bo gave the team a speed boost,TJ7ZOFpXzqw
@NetherikicVoid,1,+2m$,TJ7ZOFpXzqw
@DanielVelkovski-q4h,1,Slavie Prahaaaaaaaaaaaa😂❤❤❤❤,TJ7ZOFpXzqw
@TomKeenan-d2e,1,Bro it's not called the team it called liverpool,TJ7ZOFpXzqw
@Goatofbloxfruits,1,Wow🔥🔥,TJ7ZOFpXzqw
@Northumbrian_fisherman1,1,I’m shure it was Ali Hamidi 😅,TJ7ZOFpXzqw
@Silatoludee679,1,A real meaning if u didn’t video it u wouldn’t believe it 😂,TJ7ZOFpXzqw
@bulueta4772,64,"Two hearts in love created a third.
Now every giggle, every messy moment,
feels like magic in motion.
This is love.
This is family.
💖👣✨",5K1ugZExdeg
@shantilatamaharana449,1,Imagine mbappé seeing this video😂😂😂😅😅,5K1ugZExdeg
@FaaumaPaulo,1,They are funny😂😂😂,5K1ugZExdeg
@BenesFaithful,1,"Daily life struggles, but you made it fun to watch! 😄🎬",5K1ugZExdeg
@filpman3276,1,Mini celine would be a grae t actor when she grow up❤who agrees👇,5K1ugZExdeg
@alhafza8138,1,Cute child ❤❤❤,5K1ugZExdeg
@dilnozaalieva6115,1,Mini Celine and is so cute and funny,5K1ugZExdeg
@imamulhossain-i3i,1,Hi I'm imamul hossain my new youtube channel   Bangladesh  boy,5K1ugZExdeg
@ArifaKhanom-j4h,1,Mini celine is so funny 😂,5K1ugZExdeg
@ZaraJamalyan,1,🤦‍♀️🤦‍♀️🤦‍♀️🤦‍♀️🤦‍♀️🤦‍♀️🤦‍♀️🤦‍♀️🤦‍♀️🤦‍♀️🤦‍♀️,5K1ugZExdeg
@SenemEren-f6p,0,Messi,5K1ugZExdeg
@SenemEren-f6p,0,Pls plse😂😴🤬😭😍🤪🥺🐶🥳👵🏻🎅🏻,5K1ugZExdeg
@nyxien1637,0,🤮🤮🤮🤮🤮🤮🤮🤮🤮🤮🤮🤮🤮🤮🤮🤮🤢🤮🤮🤮🤮🤮🤮,5K1ugZExdeg
@JacklineMarilineGomes,0,😂😂😂😂😮😮😮😊😊🎉,5K1ugZExdeg
@RamonBarberan-ds4rl,0,Jajajaja,5K1ugZExdeg
@DilekDolu,0,Abla çocuğun çok tatlı,5K1ugZExdeg
@ViktóriaKoleszar-e6k,0,Mini Celine cute ❤ cute ❤ cute ❤😊,5K1ugZExdeg
@prabhuthangavel4232,0,Celine lover is mbappe,5K1ugZExdeg
@MDJowel-kp7qd,0,😂😂😂😂😅😅,5K1ugZExdeg
@enricofalcon9479,0,Mini celine is cute and funny🥰💋,5K1ugZExdeg
@SMF_Boxing,284,Will Crawford do the same and BEAT Canelo??,4iTGoCbEMnY
@mrcommunity992,1,Mayweather schooled him big time!,4iTGoCbEMnY
@WilliamThompson-xv1qh,0,The best at it 🔥,4iTGoCbEMnY
@Mrprezzidential,0,The matrix when neo started believing he’s the one 😂😂,4iTGoCbEMnY
@Tiobolo713,0,Everybody told canelo to wait until he got more experience but he wouldn’t listen,4iTGoCbEMnY
@RoLE777,0,After canelo hit fm with a big shot in rd 2 floyd ran from canelo in defense mode couldnt take his hits,4iTGoCbEMnY
@joshua_x8284,0,Best fighter ever,4iTGoCbEMnY
@GQJEDIglobal,0,"This Mayweather fight was such a master class for Canelo, his skill level elevated exponentially after.💯",4iTGoCbEMnY
@Chieflbsithard.69,0,Mayweather pussy tho. Holding and running and only fights old ppl or beginners. He's like Paul brothers before they were who they were. Tyson said it best. Coward,4iTGoCbEMnY
@nocurve2329,0,Shoulder roll is all he does.,4iTGoCbEMnY
@poohwilliams4544,0,Tbe,4iTGoCbEMnY
@ssr072ed6,0,Mayweather signature move 👌,4iTGoCbEMnY
@michaelstovicek7873,0,How was that a clean hit?,4iTGoCbEMnY
@lilguate719,0,It would be good to watch a rematch,4iTGoCbEMnY
@Rhythm_2,0,That majority decision was criminal no way anyone who saw that fight thought canelo came out on top,4iTGoCbEMnY
@brandenmitchell6827,0,Yea no just another example as to why Floyd just is a lot better than everybody else who boxes,4iTGoCbEMnY
@EscimoJones,0,That shoulder roll right jab was fresh asl,4iTGoCbEMnY
@Jesusisnotwhite777,0,Cooked him,4iTGoCbEMnY
@Blizzyyadigg2112,0,I can see bud doing this 😂,4iTGoCbEMnY
@deandavis9051,0,Slickest guy in boxing ever! Glad I was alive to witness it…,4iTGoCbEMnY
@derrickwilson3597,1,DEAD SERIOUS JUST GIVE HIM THE JOB!!!!!!!,n-XnwgiqV14
@dlgarner,0,This is why they got to break you down.,n-XnwgiqV14
@leekilleen9862,0,Bro won for sure😂😂😂😂😂😂😂😂😂,n-XnwgiqV14
@sylviamccrary8179,0,"WOW!! I'm energized you got it, you got it😮",n-XnwgiqV14
@macieklubicz8571,0,"Hes doin spiederman stuff, and she’s doing jumping jacks 😂",n-XnwgiqV14
@TheeKrix,0,Bro was training for the apocalypse,n-XnwgiqV14
@pacmanjones5525,0,“They got something for that “,n-XnwgiqV14
@adamaddz3878,0,Dumb,n-XnwgiqV14
@des1510,0,Bam bam bam bam,n-XnwgiqV14
@des1510,0,😂😂😂👍👍👍👍👍👍,n-XnwgiqV14
@Julz1206,0,Damn that black guy is just built different 💀,n-XnwgiqV14
@antoniovega7643,0,Todo esta vien pero la chica no se mueve se mira muy pesada mejor amigo as los videos solo te miraría  vien,n-XnwgiqV14
@michaeljones4562,0,Girl photo bombing dude with her running in place,n-XnwgiqV14
@테토-25,0,물리엔진 고장났네,n-XnwgiqV14
@EmpireRiSing,0,Why is she even beside you 😂😂,n-XnwgiqV14
@SuzanGripekoven-hb5ek,0,❤😂,n-XnwgiqV14
@donm6578,0,Damn,n-XnwgiqV14
@556online,0,Cool to see the girl with the big booty also pushing herself to the limits and she has an impressive physical display as well. It might be slightly overshadowed cuz the dude next to her but 99% of people can’t do what she is doing with good form in that short of a time.,n-XnwgiqV14
@albertlucero2633,0,That girl didn't do $hit😂,n-XnwgiqV14
@maxjooher,0,"Women are equal to men, they said...",n-XnwgiqV14
@CageStories,1987,Subscribe for daily awesome fight videos! 🥊🔥,hzmRPLbUGkc
@leandrusi4533,1,Greatest troll Ive seen lol 😂,hzmRPLbUGkc
@andin6596,1,Ok this video is lie look up clash of the star its from chechia where popular infulencers fight agains so this is not tournament and the blue guy has problems with dr*gs and dindt trained thats why he taped out,hzmRPLbUGkc
@suyxo,1,"LIE AFTER LIE AFTER LIE!!!! guy in yellow had green guys girlfriend in corner, he was jealous and 2 lines of metamphetamine in so he did it... guy in yellow was winner of the match. There was no tournament",hzmRPLbUGkc
@grimghost4283,0,Literally a anime move,hzmRPLbUGkc
@Cx234gh,0,"Everyone who commenting it was not that deep, hes not smart but czech young crackhead and he does this like 4 times, he is coward and everyone from czech hate him. (He also stab his opponent before match event even started).",hzmRPLbUGkc
@xavierragin9883,0,I get the strategy and can’t hate but honestly outta respect for the sport you should give the guy a chance but again I understand not wanting to fight if u don’t have to,hzmRPLbUGkc
@iggyguy88897,0,Hate the game not the player,hzmRPLbUGkc
@ethanbeefn2826,0,I remember the story of this is he only tapped out so early cos the other dude wanted revenge about something that's got to do with a woman,hzmRPLbUGkc
@Dudecekk,0,can you tell real story wtf? he just wanted the money for a fight but was not ready for fight so he tapped out for the money. The organisation ended up kinking him out. WHY IS A FAKE VIDEO SO VIRAL,hzmRPLbUGkc
@lilwiggs4812,0,It’s a wise business decision lol why take the risk?,hzmRPLbUGkc
@BreadedSnake,0,How would you pair these two people when one had that sort of advantage?? Did a vegetable do the paring up,hzmRPLbUGkc
@chuckiesfest21,0,technically is a tko,hzmRPLbUGkc
@amonfernandes7386,0,Can't see anyone wearing blue,hzmRPLbUGkc
@bighoopsguy237,0,Terrible tourney design not his fault why risk an injury before finals,hzmRPLbUGkc
@kj123official,0,Why would he get hurt to give chance to the other guy?,hzmRPLbUGkc
@johnnyblaze1411,0,Coward.,hzmRPLbUGkc
@MatijaNonkovic,0,That should be illegal,hzmRPLbUGkc
@LukeBandy-p8d,0,Lol,hzmRPLbUGkc
@MegaSleeze,0,Lock That YN Up Asap😂😂😂😂😂😂😂😂,hzmRPLbUGkc
@CrisCrossClips,645,*_SUBSCRIBE FOR MORE SHORTS_* ✅ Do You Think You Could Jump That High? 🤔,hFVjYrGP4CA
@Timmehhh-c3j,2,speed owns the world.,hFVjYrGP4CA
@MyraLong-i7j,1,"""He was a fAiRyYyy! @❤😂",hFVjYrGP4CA
@Asher-x2x,1,😮😬😱,hFVjYrGP4CA
@DeclanWilson-x2x,1,☠️☠️☠️☠️☠️☠️☠️☠️☠️☠️💀💀💀💀💀💀💀💀😱😱😱😱😱😱😱😱😱😱😱😮😮😮😮😮😮😯😯😯😯😲😲😲😲😲😲,hFVjYrGP4CA
@NdueMarku-n7t,1,Bro  speed is not uman😮😮😮😮😮,hFVjYrGP4CA
@MoiseSylvain-t9h,1,I like Ronaldo is the best,hFVjYrGP4CA
@London.P-x7h,1,"Speed is an actual athlete first almost beat Noah Lyles in a race, now jumping Ronaldo’s record if not could’ve got higher 💀🗿   Speed 🔛🔝😁😁",hFVjYrGP4CA
@lee-linnafrica3377,1,Dame,hFVjYrGP4CA
@DanDima-x5o,0,😮😮😮😮😮😮😮😮😮,hFVjYrGP4CA
@Wolfdogdingo,0,King speed,hFVjYrGP4CA
@MordehaiSaban,0,FAKE,hFVjYrGP4CA
@MordehaiSaban,0,FAKE,hFVjYrGP4CA
@MordehaiSaban,0,FAKE,hFVjYrGP4CA
@EuniceLum-n2s,0,😮😮😮😮😮😮😮😮,hFVjYrGP4CA
@caitlinfagan6583,0,Omg!!!!😱,hFVjYrGP4CA
@AlaaAltef-k4v,0,😮😮😮😮😮😮😮😮😮😮😮😮😮😮😮😮😮😮😮😮😮😮😮😮,hFVjYrGP4CA
@MastoraAzizi-f4g,0,that isn’t the  jump ronalfo did,hFVjYrGP4CA
@ashleyrodgers3912,0,Cr7 ❤❤❤❤❤❤❤❤❤❤❤❤❤❤❤❤❤❤❤❤❤❤❤❤❤😊😊❤😊❤😊❤😊❤😊❤😊❤,hFVjYrGP4CA
@llorladiscerrud9744,0,Lo bajaron al 8,hFVjYrGP4CA
@youtuber101,1,That 1st baseman needs to be sent down to their farm team’s farm team.,zkIo8IVMU-s
@stevenwalker1051,0,The other team must've had a wild strip club night out before the game. That looks like some hangover laziness 😅,zkIo8IVMU-s
@SasaUSilly,0,Me yelling “TAG THE PLATE & THROW HOME!!!”,zkIo8IVMU-s
@ralphhyland8661,0,These guys just had a flashback to their first years in Little League.,zkIo8IVMU-s
@BJ-ir7ch,0,the same argument can be made for diddy victims,zkIo8IVMU-s
@socomchamp00,0,Why didn't he just step on the bag at first?,zkIo8IVMU-s
@TicoIzm,0,Bro called safe before running to first 😂😂,zkIo8IVMU-s
@blazeking5652,0,Sandlot 😂,zkIo8IVMU-s
@kenutopia,0,I love this game,zkIo8IVMU-s
@mr.jazzbodkelsey58,0,Idk. He had his foot on home plate before the runner touched it. (I had to do a series of screenshots to see),zkIo8IVMU-s
@rogertorres3119,0,Thats beautiful baseball jumped for the run scoring then ran should have been out but booted ball gets to second doing the right thing always works out no matter what and like in this instance got a little extra for that extra effort,zkIo8IVMU-s
@craigpeterson6837,0,Whoever that first baseman was is an ABSOLUTE IDIOT!!! JUST TAG THE F**KING BASE!!!!,zkIo8IVMU-s
@Ruben-x6i9k,0,Sometimes Little League ball is exciting😅,zkIo8IVMU-s
@MALAHKOHR,0,I think I see instruments of cruelty 🤌🏾😂😂,zkIo8IVMU-s
@brandonbrisson4455,0,"I dont give a shit about baseball but from my understanding, why didnt the first dude with the ball chase his ass down?",zkIo8IVMU-s
@Bruce-t2g,0,"Someone was definitely under the influence , I'm not going to say who 😅",zkIo8IVMU-s
@AM_Saved_By_Grace,0,How did they end up in a run down between first and home lol you can’t go back home 😂😂😂😂,zkIo8IVMU-s
@ScottD-mp8lv,0,Back when he was worth his contract,zkIo8IVMU-s
@HiImRawr,0,Bottom 2 sports,zkIo8IVMU-s
@GraavyTraain,0,That was awesome,zkIo8IVMU-s
@Mrdabalos,1,You should be able to double thumbs up this!!! 😂,m3boLZ8MiBA
@emmanuelijomah8163,1,The kid got disciplined,m3boLZ8MiBA
@bantheundead4162,1,Petty AF and I love it 😂😂😂,m3boLZ8MiBA
@ShorteeDoWop7,1,I be remembering MFs too.,m3boLZ8MiBA
@northernbunny9894,1,Because his father didn't teach you someone else did.,m3boLZ8MiBA
@YoJaYmaNz,1,"Its like the intro to a video game where the villian of the game shows up, kills your family, calls you weak and lets you live as he burns your village to the ground. Now with nothing all you have is the lust for revenge and the memory of the vilians face to keep you going. Izzy just started that kids training Arc 😂",m3boLZ8MiBA
@Ayo13andrew,0,And he refuses to get in the cage with that man again JS 🤷🏻‍♂️,m3boLZ8MiBA
@Ralph-o6w,0,When you finally get to t bag your opponent who’s been trolling you lol it does fell this good,m3boLZ8MiBA
@Igmus,0,"Lol rogan's face, man he looks crazy sometimes.",m3boLZ8MiBA
@charmainestampley5321,0,50cent PETTY...DETROIT PLAYAS 🩵💓,m3boLZ8MiBA
@STOKEY444,0,So petty 😂,m3boLZ8MiBA
@the1aboveall367,0,I’m that petty 😂😂 👍🏽,m3boLZ8MiBA
@jonoherbst3370,0,Kid learned not to TAUNT opponents they will never forgive or forget,m3boLZ8MiBA
@JaneDough-f1o,0,You get what you fuckin deserve,m3boLZ8MiBA
@jonomuller1965,0,This guy Izzy lives in everyone's head but his own... making fun of a kid hoe watched his hero loose.,m3boLZ8MiBA
@BeatKarbuReal,0,and this video add MAX LEVEL ROASTING for the kid ... and will carved on his mind forever humiliating,m3boLZ8MiBA
@kurayamihyroshi999,0,Bro ate the whole ecosystem,m3boLZ8MiBA
@mariomeans9296,0,PRICELESS 💯💯👍🏾🤣👍🏾🤣👍🏾🤣,m3boLZ8MiBA
@shanedevos527,0,Yep Izzy has a brain the size of the 7yr old 💯🤣🤣,m3boLZ8MiBA
@JosewitThat,0,3-1,m3boLZ8MiBA
@Aan-kun,1,Isagi and bachira ahh duo,mLJNuMN6ON0
@SammyBombotclot,1,The ai 😂😂,mLJNuMN6ON0
@DonPerignon-SSS,1,This duo would be as great as Tsubasa and Hyuga,mLJNuMN6ON0
@DannyBubble,1,Bro didn't have the same kit😭💀,mLJNuMN6ON0
@Shadow-fr9yo,1,"Uk seeing that shot made me thing about another duo. Shidou and Sae from blue lock. Shidou the striker, Sae the center mid. Just like Speed said. 

Sae's passes are like magic and Shidou's shoots are unbelievable.

Just like that clip....",mLJNuMN6ON0
@justapugontheinternet,0,"I actually think they'd work. Messi in attacking center, and Ronaldo as a striker.",mLJNuMN6ON0
@Noitas,0,100% real no fake,mLJNuMN6ON0
@KavipriyanSelva,0,The no- look bicycle,mLJNuMN6ON0
@JerryBaldo-j2n,0,The nose,mLJNuMN6ON0
@sahilJthaiboxer,0,it wont work out becuz they both were highly competitive athletes.. history says there’s never been two kings running one kingdom at the same time.. and especially if you been watching cr7 from the beginning then uk he’s always thirsty to score as many solo goals possible.. he literally rage sometimes if his teammate doesn’t pass him lol,mLJNuMN6ON0
@nix18on,0,"Hahaha, barca vs barca😂😂 then a juve came out😂",mLJNuMN6ON0
@LilMota23,0,They already are football legends but they would’ve been remembered for generations if they were on the same team,mLJNuMN6ON0
@JmAvila-cd3he,0,Whe he said CM or LW  I quit,mLJNuMN6ON0
@chrisbryan7375,0,It's still insane that people like them actually go against eachother,mLJNuMN6ON0
@AlexTheMediocre6,0,BIG BANG DRIVE,mLJNuMN6ON0
@lilymura7558,0,they did a chemical reaction,mLJNuMN6ON0
@NathanCua-e7h,0,Nice editing😂,mLJNuMN6ON0
@Mr_NGM12,0,"Short fk - Messi
Long fk - ronaldo
Pens - either of the 2
St - Ronaldo
Lw/Cam/rw - Messi
The best dribbler the goat of playmaking together with The best shot taker the goat of shooting 
A nightmare for any team",mLJNuMN6ON0
@danialgurung,0,"It’s like Michael Jordan and Lebron James together definitely the greatest duo ever.

MJ is a great scorer 10 time scoring leader, played shooting guard position.
Lebron is a great scorer + great playmaker, plays forward position.

So I think MJ is like Ronaldo and Lebron is like Messi in terms of skill.

That’s why I think this will work greatly, messi will have like atleast 2 assists 2 goals per match and Ronaldo will have atleast 1 assist 3 goals per match if these 2 played together.",mLJNuMN6ON0
@paulomagaldi9481,0,"Could define workout being a duo, the problem is the rest of the team, if the team is good, they would be unstoppable",mLJNuMN6ON0
@FinestTrends,558,🎥 @griswald3 on TT,VpwpqCDliKk
@BobBerardi,2,"I umpired as a teenager and i was doing a game with 12yr olds. A man standing behind the backstop argued about three quarters of my ball and strike calls. After taking it for a few innings, i finally called time and loudly told everyone there that the game was not going one more inning until this guy left the field. He resisted for a minute but was shouted down by the few parents there who actually cared. He left, the game went on to conclusion. This was back in the 70s.",VpwpqCDliKk
@bigpoppa3020,1,Manlet seething,VpwpqCDliKk
@janetmorehouse4665,1,The good thing is... because it was done in front of all those kids and adults... It made for an awesome teaching moment and some great family conversations.,VpwpqCDliKk
@Mrkoolaid333,1,Hey it ain’t his fault he’s 4’10”🤣🤣🤣,VpwpqCDliKk
@primasantiago3651,0,Dude can stand up for himself and keep his composure. Gotta respect that.,VpwpqCDliKk
@kaseyhenderson574,0,"Im sure all the kids gave that broads kid a bunch of shit cuz his moms meat mouth got the game cancelled, must feel good to humiliate your child in the worse way possible… and teaching your kid to be a bully and a meat mouth…. I would never want her at any of my games or anything",VpwpqCDliKk
@websurferguy,0,Who is she to speak? I bet the kids are taller than her.,VpwpqCDliKk
@gronmaster,0,Ump! The game is NOT FOR YOU!!!!!!!! It is NOT YOUR GAME!!!!! YOU ARE NOT THE STAR,VpwpqCDliKk
@stephenedlin3246,0,Nice one Karen,VpwpqCDliKk
@dakotak8437,0,Your a sad umpire you shut a game down bc you cant handle a person,VpwpqCDliKk
@dougt5357,0,Totally unsatisfactory response by the umpire.  The players are the ones who suffered at not being able to play the game.,VpwpqCDliKk
@ericmorrell3908,0,Umps just mad he’s still short😂😂,VpwpqCDliKk
@sheldonmatthews4807,0,"As a former umpire my favourite line was “I hope you like the view from the parking lot, cuz that’s where you’re watching the rest of the game” and I wouldn’t start the game until they left the area. I would go to both coaches and tell them that, and I could get away with it, I would end up saying to the coaches “I want more pay for the time being wasted by that spectator or your team will be losing the game or they leave, pick one” 
Once threaten a game loss, or that I’d go to the league demanding more money, that parent was usually escorted of the diamond. I never actually intended on going to the league, was just an empty threat. It was a matter that most teams knew that I really wanted to I would.",VpwpqCDliKk
@up.northbro,0,This is why refs and umpires are quitting all over the world,VpwpqCDliKk
@SteveBurton-xk3ym,0,Parents are more immature than the kids on the field!!!,VpwpqCDliKk
@Burton_aka,0,"Thank you
1st observation is he was
talkin to someone else. My 
guess is his balls & strikes 
was already affecting one team.
What the lady said was funny, 
though. Not right or wrong, just
funny. Gotta hand it to adults who
love hittin that social joy buzzer.",VpwpqCDliKk
@ScottZrocky,0,"I coached for years and parents are terrible, all the kids have to see this and think it’s okay later in life, sad",VpwpqCDliKk
@buddyvincent9205,0,She should mind her own business.,VpwpqCDliKk
@sydneysantillana2193,0,What a terrible thing to say!  So mean!,VpwpqCDliKk
@valeriehouston50,2,How come I watched this too many times? 🎉😊,P0dNWaL6q3s
@vnesssblk1,2,This Here!!😊😊😊😊😊❤❤❤❤❤,P0dNWaL6q3s
@columbusmitchell6545,2,I watched this about 10× already.,P0dNWaL6q3s
@rubenpena1410,2,El negro siempre tiene sabor y belleza de más,P0dNWaL6q3s
@queensheenz8400,2,✊🏾🤎🖤🤎🖤,P0dNWaL6q3s
@queensheenz8400,2,MID INTERVIEW,P0dNWaL6q3s
@bozacdagreatb4882,2,Watching this just makes me feel good!!!!!! 💯 you can see the Love,P0dNWaL6q3s
@chocolateintell,2,What's stronger than strong words Soul power Ha.,P0dNWaL6q3s
@raydellmason6350,1,That's real!!!❤❤❤,P0dNWaL6q3s
@skyzooncraig5588,1,I can watch this video over and over,P0dNWaL6q3s
@isabelagondim8566,1,"Guys, I'm sorry, but they are Brazilians, and that interview happened after a Brazilian soccer match. His team is Corinthians! Proud to be black. Period!❤",P0dNWaL6q3s
@hillaryeloisecoombs-connel7762,1,Nice vibe,P0dNWaL6q3s
@ceeuuu01,1,The interview just ended. The funk is calling! Gotta give it full attention😂,P0dNWaL6q3s
@thomashatch7322,1,❤❤❤,P0dNWaL6q3s
@iam7musicrapper511,1,😂😂😂😂,P0dNWaL6q3s
@msprice8934,1,"Family that love, care & respect each other always show love no matter where they at.",P0dNWaL6q3s
@shontelljackson3719,1,I love us … one 🕺🏿 dance 🕺🏿 move “shoulder shake” we out‼️🩵🩵,P0dNWaL6q3s
@talviastill651,1,Yes 🙌🏾 😂😂😂❤❤❤❤,P0dNWaL6q3s
@kellyendl5173,1,Fanfreakingtastic! 👊😁,P0dNWaL6q3s
@tamieholmes1725,1,"IM EXCITED 2 B ..BLACK 

WE LOVE LIFE AND get 2 c the truth",P0dNWaL6q3s
@LucyRae-l7r,67,Ty never fails to demonstrate his superior skills 🤣😂😂,UvAnYnJDpJc
@LewisSoul,24,This is SO satisfying to watch! 😍👏Who else is watching this on repeat? 😂🙌😂😂😂,UvAnYnJDpJc
@LeeBunbury,2,This is SO satisfying to watch! 😍👏Who else is watching this on repeat? 😂🙌,UvAnYnJDpJc
@VijaySharma-uw7bl,2,Song name pls??,UvAnYnJDpJc
@BenesFaithful,1,This is SO satisfying to watch! 😍👏How did you even do that?! 😱🤯,UvAnYnJDpJc
@LewisSoul,1,This is SO satisfying to watch! 😍👏How did you even do that?! 😱🤯,UvAnYnJDpJc
@angito-oc5kl,1,😮🤯🤯,UvAnYnJDpJc
@BenesFaithful,1,"Come on, how far have these comments come?🎉🎉🎉❤❤❤❤❤",UvAnYnJDpJc
@OliviaCarolinee,1,"Come on, how far have these comments come?🎉🎉🎉❤❤❤❤❤",UvAnYnJDpJc
@eddiexd3389,1,When he said Garrett i thought he ment his garrett lol,UvAnYnJDpJc
@محمدعليمحمدراشد-غ9ذ,1,"كروما خضراء = كذب 
Green chroma = lie",UvAnYnJDpJc
@CODKraken7000,1,WE NEED A DP GOLF CHANNEL! ⛳🏌️🏌️‍♂️🏌️‍♀️,UvAnYnJDpJc
@CODKraken7000,1,100 MILLION VIEWS 🥳🥳🙌🙌,UvAnYnJDpJc
@Arlecchino_Plushie,1,Whats the name of the song?,UvAnYnJDpJc
@landerous-thekingofcringe3477,0,"Ai is getting to realistic, dude perfect never misses trick shots",UvAnYnJDpJc
@Arkeinr0y,0,I miss dudeperfect,UvAnYnJDpJc
@peteyoung3124,0,No precision or accuracy with those clubs. 😂,UvAnYnJDpJc
@lyingeyes5579,0,Get a job - the hardest,UvAnYnJDpJc
@matthewtellis8640,0,lucky number 30,UvAnYnJDpJc
@camronwright7259,0,Love to see that dp is still going.,UvAnYnJDpJc
@Kendro300,52,That advice was worth way more than his autograph🔥,e4PMTuAMgi4
@jquizzlestick,13,"In 1989, I worked at La Costa Hotel and spa as a room service waiter. MJ was staying there. He ordered a beverage cart that was $2800. It took 4 hours to put it together. He tipped me $2 dollars. I will never forget it. Never looked at him the same.",e4PMTuAMgi4
@913NUPE,12,Jordan is signing checks now!!!! Good stuff young man!!!!,e4PMTuAMgi4
@MrMarshall505,7,This is the shit that could ‘BREAK’ or ‘MAKE’ you!,e4PMTuAMgi4
@michaelgreen490,1,"This is one in many of Jordan doing kids like this, so it's motivating to some but hearts others..... His way of weeding out the strongest I guess",e4PMTuAMgi4
@diditagain7660,1,"I can confirm I met him when I was like 14-15 at his HOF dinner at the Mohegan Sun in CT. Got autographs from David Robinson, Vivian Stringer, Stockton, even Tyrese and Jordan’s manager or assistant was like “No autographs” and he stood on that. The only mf autograph I wanted was the one I couldn’t get.",e4PMTuAMgi4
@EdRowesOpinion,1,"Jordan stay playing everybody and y'all stay sucking' em . Dummies, I don't idolize no one but God.",e4PMTuAMgi4
@Kendro300,1,Jordan inspired him to go hard🔥,e4PMTuAMgi4
@lilbkrazy9541,0,But Jordan never been for the ppl,e4PMTuAMgi4
@nyz6912,0,"That’s the difference in ambition. Some people would take that as, “he said I’m not good enough for his autograph” rather this guys seen it for what is was and worked toward it",e4PMTuAMgi4
@Batman3488,0,Everyone know mj dont fool with his people,e4PMTuAMgi4
@shelianichols6936,0,Jordan was a prick,e4PMTuAMgi4
@Withtruthandlove,0,Mj is a punkkkkk,e4PMTuAMgi4
@joehsaintina9151,0,That's why i wouldn't sign a deal with his company.,e4PMTuAMgi4
@destineeallen88,0,Once my brother and a bunch of young boys waited for Jordan at the airport. And he walked right by them. 😭 my mom was so crush for my brother.,e4PMTuAMgi4
@LAAM619,0,"MJ is the goat, but he is an asshole. 😂",e4PMTuAMgi4
@davidburnside4482,0,💣,e4PMTuAMgi4
@Keath-b5c,0,Even though I love his basketball skills but Jordan was and still is a dick! He wouldn't sign autographs or take pics with fans but had no problem cashing in on his jersey sales and them ugly ass over priced shoes that many youngen died over! And yup back in the day I was guilty of keeping a pair of fresh Jordans on my feet because the life style I was living and yup I was following what every body else was doing! Arrogant ASF!,e4PMTuAMgi4
@emfarah3758,0,So the answer was no 😂,e4PMTuAMgi4
@TheBigPhoondaMental,0,See bronsexuals thats how you take tuff love,e4PMTuAMgi4
@Iheartshelby,3886,"Everyone in the comments being such a square, he obviously wasn’t a pro, and this obviously isn’t allowed.",CQZLEJaZv8Q
@radg7405,2,Bro said we can go band4band,CQZLEJaZv8Q
@ikilledsometoysInPlaytimeCo,1,Bro played basket foot ball,CQZLEJaZv8Q
@rigoeguzman8758,1,That trick is pretty hard to do but with basketball 😭,CQZLEJaZv8Q
@jijinaveen3533,1,WTF is soccer 😒... I only know Football ---------------------->,CQZLEJaZv8Q
@GOAT_07_DANISH630,1,Not soccer it's football😂😂,CQZLEJaZv8Q
@ShayanBagheri-h5u,1,He is cristiano James 😂😂😂😂,CQZLEJaZv8Q
@WaldemarAndrzejewski-o6s,1,This is basketball😂😂😂,CQZLEJaZv8Q
@SebC15,1,Bro it’s not that hard to rainbow 💀 I’ve known how to rainbow since 2nd grade,CQZLEJaZv8Q
@Spideykid-rizzler,1,Bro he is Steve💀💀,CQZLEJaZv8Q
@JureSPORA,1,profeschonol football in anerika is mecdonals,CQZLEJaZv8Q
@faizakhanam429,1,It's not soccer It's  football,CQZLEJaZv8Q
@TBZ.313,1,Football*,CQZLEJaZv8Q
@RankNRollHoops,0,That rainbow flick is was clean😮,CQZLEJaZv8Q
@TacoMan-j1u,0,It’s the I’m 40 guy,CQZLEJaZv8Q
@Goat1-23,0,Bro saw Jesus 😊,CQZLEJaZv8Q
@UnderInsert,0,never listen to the text in the video btw,CQZLEJaZv8Q
@MalikParisi,0,Soccer… wow,CQZLEJaZv8Q
@AddiJah-m8g,0,Bro got cooked ☠️,CQZLEJaZv8Q
@stanleydaopuye7334,0,It doesn't mean he's a professional in soccer,CQZLEJaZv8Q
@fliksr3727,992,Crazy to see the legendary Bob Stoops coaching in the UFL. But he does love football so it’s cool to see him while still out there doing it!,H0XuPhvvi9s
@squatonthecomet1306,389,They gotta be adding crowd noise to these games,H0XuPhvvi9s
@RedblackSaws,285,"As a Brahmas fan, I can sleep well tonight knowing Arlington is taking care of Texas well, thanks boys",H0XuPhvvi9s
@joshpierce7449,233,The way his boys immediately switched to offense and have him covered was awesome,H0XuPhvvi9s
@James-d2i8f,100,The three people in the stands loved it,H0XuPhvvi9s
@mike.livvvv,48,did I hear a grown man scream or was that a seagull,H0XuPhvvi9s
@kuso3079,23,Him squeaking when 15 caught him was funny,H0XuPhvvi9s
@rowdykindhart7115,19,Not my hawks that hurts mane,H0XuPhvvi9s
@bluntroastin,17,Two teams wearing basically the same colors is crazy,H0XuPhvvi9s
@lindah.2815,17,His teammates had him covered great play by all.,H0XuPhvvi9s
@jordanwest43,13,My kind of coach!!!,H0XuPhvvi9s
@raidgaming3942,12,"As a OU fan, love seeing him out there still coaching, made me a renegades fan lol",H0XuPhvvi9s
@xHiiTMalRk3rzx,12,"He is the coach of the football team, of course he wanted his team to score a touchdown 😂",H0XuPhvvi9s
@Undreamt412,8,Great play yo,H0XuPhvvi9s
@daedae4463,7,Coach act like can’t nobody walk past him😂,H0XuPhvvi9s
@marcusjones3429,3,They altered the script,H0XuPhvvi9s
@sheppaveli255,3,Bob got that old coach walk now 😂😂😂,H0XuPhvvi9s
@HeartlessWon506,3,I’m so happy he’s not at OU during NIL times 😁,H0XuPhvvi9s
@snubxo,3,Teammate almost took em out 😭,H0XuPhvvi9s
@konnerpoyner2060,2,That dude threw it in triple coverage let alone tried throwing a lower ball. For his man… no look for check down no look for anything else already had his mind made. Maybe I should sign up lol,H0XuPhvvi9s
@sussysayquan,451,chopped ahh field😭🙏,NH1vqmM-E2c
@MrBanana-12345,210,What is that batting stance 😭👀💀,NH1vqmM-E2c
@howzit9397,113,lol like he pulled a muscle someplace 😂😂😂😂,NH1vqmM-E2c
@bentlichristianer2994,93,When coach gives me the green light on a 3-0 count. Good sportsmanship by the catcher,NH1vqmM-E2c
@Qui-Dad-Jinn,25,Kid swung like his life depended on it.,NH1vqmM-E2c
@Jesus-is-king-10,21,Looks like Eric sim,NH1vqmM-E2c
@SquidyInk-vr8vk,20,"Judging from the jersey, how is this kid on a TRAVEL ball team. His parents must be really rich.",NH1vqmM-E2c
@phillipayoung10,11,Sportsmanship.... priceless,NH1vqmM-E2c
@donpM.A.D.4412,11,Sportsmanship!! For real....🎉,NH1vqmM-E2c
@jacejohnsen2308,9,King of little leuge Eric sim,NH1vqmM-E2c
@P4vlie,7,Some effort went into that. He managed to throw the bat at himself.,NH1vqmM-E2c
@seanford8817,4,"Goofy ah batting stance 😂😂😂😂
👇",NH1vqmM-E2c
@Zlagy,4,Bro didn’t even look at the ball lol he was aiming for tha fence,NH1vqmM-E2c
@scottr9064,4,What the hell. His stance and mechanics is bad.,NH1vqmM-E2c
@EliThompson-k3l,3,Broskee swung so hard that his helmet fell off 😂,NH1vqmM-E2c
@Dukkkylol,3,Baseball 9 ahh stance,NH1vqmM-E2c
@buckrogers2362,3,He does ?,NH1vqmM-E2c
@lizooo2740,2,😮,NH1vqmM-E2c
@Cooluck22,2,W,NH1vqmM-E2c
@jrod2510,1,"That's completely opposite of the ""perfect two strike approach"" ...",NH1vqmM-E2c
@michellereece5201,24,If those who called her a cheater skill issue,EZVtos5rZIU
@trentin_dino,22,I need to drink more milk😂😂😂😅,EZVtos5rZIU
@sniperex22,11,She ran like that one titan form aot,EZVtos5rZIU
@AkashKangal-q8m,10,That s the point ot basketball 🏀,EZVtos5rZIU
@thecrimsondragonden-n-thed8721,4,She can't help the way she is they need to stop,EZVtos5rZIU
@samiyaabdulle154,3,Whoever calls her a cheater or are you supposed to be tall in basketball?😅,EZVtos5rZIU
@donbrewer8781,2,No body  complaining about wilt Chamberlin or Lewis alcindor,EZVtos5rZIU
@meleciabrown5164,2,it is ture she is cheating she is to tall,EZVtos5rZIU
@ShelleySmith-m8q,2,👎  that's cap,EZVtos5rZIU
@ChelseaHolligan,2,😂😂😂😂❤❤❤❤❤,EZVtos5rZIU
@dristonowen7681,1,I cant beleave people these videos the tallest basketball player is Olivier Rioux at 7 foot 9 inches.,EZVtos5rZIU
@philnelson-cy8df,1,I swear there is a boy basketball player that is teller right,EZVtos5rZIU
@adamgao2162,1,whoever called her a cheater is 4’9,EZVtos5rZIU
@ErdemErdem-Undrakh,1,Bro someone is 7.7,EZVtos5rZIU
@Alexa-f5f4p,1,7 ft is the tallest someone can go that's highest,EZVtos5rZIU
@samdiego8195,1,She shouldn't be allowed IN the basketball? Well I think people might be right...,EZVtos5rZIU
@ArkielJimenez,0,Yeah skill issue don't worry i'm gonna give tissue to them,EZVtos5rZIU
@Janoahhh,0,Wemby vs this girl,EZVtos5rZIU
@Takia-c2o,0,She a gaint where them legs came from,EZVtos5rZIU
@Takia-c2o,0,Damn,EZVtos5rZIU
@kalliamy,43,I love watching rugby for this reason 😂 all that cake and yams really feeds the appetite😭😭😭,8_LdDIaNjQY
@Sky.Berryyy,1,Yes Jeenie! Rugby is so underrated and i agree lmao😂,8_LdDIaNjQY
@Rory.McLarty,1,BBL I tell youuuu!!!!!!!😂✨✨✨✨😔✋,8_LdDIaNjQY
@AnelleWorst,1,"Really your first time 🙄 you should watch more iets fun 
AS JY AFRIKAANS IS LIKE YOU N COMMENT❤❤❤",8_LdDIaNjQY
@danielgetamesay26,1,This sport gay asf😂😂😂😂,8_LdDIaNjQY
@arezbabire3048,1,You already know they don't want any kids 😂,8_LdDIaNjQY
@naveen7268,0,Just watch kabbadi the game of real mens you will mesmarise,8_LdDIaNjQY
@rayraycandance,0,Welcome to Aus,8_LdDIaNjQY
@geoffreyling4955,0,Number four in the hk men’s team is my rugby coach,8_LdDIaNjQY
@Rachl-jp1re,0,Whole bakery,8_LdDIaNjQY
@ShoodyBell-s4o,0,Thats one reason i love nz,8_LdDIaNjQY
@courtneyepps3313,0,Man.. wtf,8_LdDIaNjQY
@kellykeefe6367,0,I don’t get it,8_LdDIaNjQY
@MilesEdger,0,Yaoi???… okaybro,8_LdDIaNjQY
@QueenOfAllGold,0,Do girls play rugby too? Just for research,8_LdDIaNjQY
@ray-raydhi8325,0,There’s a reason Heartstopper featured rugby😂😂😂,8_LdDIaNjQY
@Amelia-bn2vc,0,Why nick and Charlie liked rugby,8_LdDIaNjQY
@クウェジエル,0,"Me and my bestie be like: ""OMG! they're gay!-"" 😂",8_LdDIaNjQY
@Michiboiii,0,Thats rugby union,8_LdDIaNjQY
@bilsygukisuva6402,0,My dad plays rugby he was in the rugby final,8_LdDIaNjQY
@DiogenesTheOptimist,1,"Hes in character guys, chill 😂",LUDm3fFYmoo
@sakiman1994,0,Checks his phone,LUDm3fFYmoo
@assassin3003,0,One devent slap and he is on life support,LUDm3fFYmoo
@robertzavala2272,0,Bar like 45 pounds wtf!!,LUDm3fFYmoo
@jessesmith1657,0,Isnt the bar only like 40lbs?,LUDm3fFYmoo
@Kingceaze318,0,Hate Covington but props for not clowning on him,LUDm3fFYmoo
@joshthomas3509,0,You have no hope 🤡,LUDm3fFYmoo
@nonsensicalwebby1663,0,"How is this even mechanically possible?
Based on his height and gender, he should just be naturally strong enough…",LUDm3fFYmoo
@Choir000,0,"Bruh should start at level one
😂😂😂😂😂😂😂😂
All right 5 pound dumbbells
For biceps 
Ummm Holden some 5 pounds
Squats  ok😂😂😂😂",LUDm3fFYmoo
@RFlD,0,He didn't even try will never gain muscle at all,LUDm3fFYmoo
@myerah7178,0,He could easily lift that bar. He didn’t even try. Just apart of his character,LUDm3fFYmoo
@Cocostinkypaws,0,He can lift the damn bar lmao,LUDm3fFYmoo
@Louis-pv3on,0,Lil boy didn’t even really try …,LUDm3fFYmoo
@sofian493,0,Thank god and thanks to my dad for growing me up like a man,LUDm3fFYmoo
@anttru122,0,All mental,LUDm3fFYmoo
@AshtonKutcker,0,Jus lazy dude,LUDm3fFYmoo
@inefzi,0,He's got to be trolling right?...RIGHT!?,LUDm3fFYmoo
@xITEAMBIx,0,That isnt a strength issue thats an issue with effort and motivation. He thinks he can half ass weightlifting.,LUDm3fFYmoo
@shepboy96,0,Neon is a beta male,LUDm3fFYmoo
@DS-wl5pk,0,".....alright look you dont have to start with weights. This man would girst benefit from a good routine of calesthetics. 

Then he will have the confidence and strength for normal weight traininh",LUDm3fFYmoo
@Giman_iets,593,"This is the best workout ive ever seen, and for that reason, im out. -the clippers",mEl56fb27lk
@dnad85,228,These are the little nuanced moments that Kobe and Jordan thrived on. I can imagine this is just one of the early moment of rejection in Kobe’s career that pushed his motivation and workouts to the max! He had so much to prove when he came in!,mEl56fb27lk
@Comptoncom222,81,As a laker fan. THANK YOU CLIPPERS .,mEl56fb27lk
@drelasoul17,41,Every team that passed up Kobe definitely regretted it,mEl56fb27lk
@RainNights-s3q,9,That 17 year old kid became one of the greatest to ever do it.,mEl56fb27lk
@EddieGriffin-w6t,7,"After Jordan, is Kobe. Everyone else can take a back seat.",mEl56fb27lk
@yennek007,7,Kobe you are LA bound  from jump Jerry West already knew it!!,mEl56fb27lk
@timmynits9329,4,Clippers organization crying to this day,mEl56fb27lk
@Drxwze,3,Imagine a prime Blake griffin and Kobe.,mEl56fb27lk
@TheBlankNoName,2,"Fumbled Kobe, Fumbled SGA, Clippers do what the clippers do best 😂",mEl56fb27lk
@JasonL-c2o,1,“And I took that personally” ahh clip😎,mEl56fb27lk
@Fjweifoss47474,1,They said no because they traveled using helicopters frequently,mEl56fb27lk
@ajaycarter8514,1,"And from that point on, the Clippers were never again taken seriously.",mEl56fb27lk
@cloutsteezo2269,1,Most clippers move ever,mEl56fb27lk
@777Samiboy,1,"There’s def a parallel universe where 17yo Kobe went off with the clippers for who knows while being in house ovals with Shaq in lakers.

High chance Tim Duncan gets even more rings without having to worry about Kobe/Shaq duo in early 2000s",mEl56fb27lk
@ernestrimbeck7630,0,Clippers dodged a bullet,mEl56fb27lk
@Wevic42,0,People forget the clippers was a racist organization lead by a racist owner,mEl56fb27lk
@mikeadams9260,0,Well they were correct because remember when Kobe first got into the league he wasn't ready like LeBron,mEl56fb27lk
@laviebanale,0,"When Jerry West is interested, that means sth.",mEl56fb27lk
@SurfNturfz,0,The clippers been clippin for generations 😂😂😂,mEl56fb27lk
@Sweetleaf444,1,“Isso fuggi gamera”,vs8Qd0eiaLs
@Recon-h9n,1,I DONT GO TO SPORTS BARS WITH CROWDS AND PEOPLE DRINKING***,vs8Qd0eiaLs
@TerrancePeterson-p1h,1,Yt dude was like “Alllriighttt” im outta here! I know who you are 😂😂,vs8Qd0eiaLs
@drmavushe,1,There has to be a way to make some of these women realise that actions carry consequences. This is insane 😂,vs8Qd0eiaLs
@notjustapastor8033,0,She is a complete bozo,vs8Qd0eiaLs
@uncleyetti9553,0,"Thank god that chick did not have a boyfriend. She be like ""babe! This guy got in my face for no reason! I told him to stop and hit me!! Kick his ass babe!"" Boyfriend is like ""ha nahhh thats Rampage, you just got smacked, sorry""",vs8Qd0eiaLs
@charlycervantes8215,0,"Brooo, yall yapping about a girl defending a guy being pressed by a huge ass guy that probably they were doing to mucho for the guy to push him off his way😂😂 bro was just tryna get to the girls and this foos on the middle",vs8Qd0eiaLs
@notjustapastor8033,0,I would leave him alone at this moment,vs8Qd0eiaLs
@markbroholm71,0,You think they got it on camera?,vs8Qd0eiaLs
@jacobadams4502,0,One of the times you should swallow that pride and run home.,vs8Qd0eiaLs
@kuzin05,0,That whole bars about to get it ass whooped.,vs8Qd0eiaLs
@iFullgogo,0,"It’s called female entitlement and privilege, do what you want say what you want with no consequences.",vs8Qd0eiaLs
@drizyhendrix7621,0,Rampage is being a real douche here.,vs8Qd0eiaLs
@dennisalvarado1342,0,Seeing this girl act tough towards rampage Jackson was like watching a Chihuahua bark at a grizzly bear,vs8Qd0eiaLs
@TheDrizzydrakeYMCMB,0,"I respect all these UFC fighters but a lot of them here in SoCal are a bunch of drunks at bars, I’ve seen 2 other fighters  around. They are always drunk and a mess themselves",vs8Qd0eiaLs
@SAVAGEGANGFILMZ,0,I dare a mf to try him 🤣,vs8Qd0eiaLs
@albertcharles198,0,Of course she has jumps in goofy broad,vs8Qd0eiaLs
@Lenny3500,0,Thats an insecure man right there.,vs8Qd0eiaLs
@IlicMarco-g6h6s,0,That Guy was so lucky hé dont know with who was talking to rampage thé Legendary UFC kiler😮,vs8Qd0eiaLs
@cocodk9,0,"If men decided they don't wanna protect women anymore, it'll be a bad day for women",vs8Qd0eiaLs
@SuperGymnastics,1567,Do YOU think College Gymnastics was the right choice for her?🤔,DsNi-KtaN_M
@alisafehr4708,61,Katelyn ohashi is in a class by herself... she represents perfection in her craft with grace and elegance beautifully 😍,DsNi-KtaN_M
@ToLovelyJesus,5,She seems to have more freedom with college gymnastics.,DsNi-KtaN_M
@HollyShanks-bn3ov,3,"I'm not trying to take away from the INCREDIBLE talent, but... she has also become one of the most BEAUTIFUL women!",DsNi-KtaN_M
@youtubepunisher8695,1,Absolutely CRAZY that she got fat shamed when she is literally hot (with all due respect). And i know damn well millions of men and probably many women would agree,DsNi-KtaN_M
@lonniecrutchfield2930,1,She definitely came in to slay the competition.,DsNi-KtaN_M
@jasminejones193,1,Because In College She Was Getting High Scores For Booty Shakin and Tryna Be Cute! That BS Doesn't Get You Anywhere With Those ELITE Judges!,DsNi-KtaN_M
@jayl983,0,"As a 30-year-old man, I give women my hat. Ladies, you are amazing at these moves!!",DsNi-KtaN_M
@lourdesordazjuarez256,0,"Y demostró que justo sus piernas ""gordas"", que mas bien es músculo, le dan mas potencia para saltar y caer firme a comparación de las piernitas de otras.",DsNi-KtaN_M
@SPHYNX99752,0,That was some cool azz jedi Skywalker flip! ❤,DsNi-KtaN_M
@snap-off5383,0,That layout is legendary.,DsNi-KtaN_M
@Bos396,0,I had a dad growing up from love get a fucking job and stop acting dumb and embarrassing as fuck. No one gives a fuck. You’re just another person. So far you have no character or discipline. I’m trying to help you stop embarrassing yourself.,DsNi-KtaN_M
@bugg256,0,the way she just fucking floats 🥹,DsNi-KtaN_M
@Boophillips12,0,The college routine/edit goes perfect with this song. So graceful and badass,DsNi-KtaN_M
@DemonicAngelicGurl,0,She was pure grace in motion in the second clip,DsNi-KtaN_M
@paulstallings93,0,"College Gymnastics is definitely more relaxed than elite level, I've noticed.",DsNi-KtaN_M
@sandradurr7580,0,That last flip was INSANE and soooo...beautifully  executed.😮❤,DsNi-KtaN_M
@macdaddynick1751,0,0 men body shamed her. Keep than between you ladies. This is not considered fat in a toxic masculinity universe.,DsNi-KtaN_M
@Momo44482,0,What was that move at the end.?,DsNi-KtaN_M
@PrincessPixie_Fam,0,There are those who do gymnastics for money and those who just love it,DsNi-KtaN_M
@adrianfusi7761,2,Ajaajajajajajjj cristiano ronaldo give. Your papa a kiss jajaa😂😂😂,bIRj8qt92NE
@DorianaNunes-x9q,2,CRÍTIANO JONO CRÍTIANO,bIRj8qt92NE
@villagepotsyk,1,business,bIRj8qt92NE
@murugesan.m2905,1,That's absolutely a perfect glow up😂,bIRj8qt92NE
@RiskaAyuFatmala,1,😡😡😡😡😡,bIRj8qt92NE
@Chorrillos-p4r,1,Me encanta el hijo de Ronaldo,bIRj8qt92NE
@juvilynmiranda6549,1,It's because the hair,bIRj8qt92NE
@FeliciaSkinner-d7i,1,😂😂😂😂😂😂😂😂😂😂😂😂😂😂😂😂❤❤❤ Ronaldo cr7😂😂😂,bIRj8qt92NE
@Selin-p3m,0,😂😂😂😂😊,bIRj8qt92NE
@CamiCami-u7h,0,Bună eu sunt o lucrătoare dela prime ai interzicție pe viață,bIRj8qt92NE
@RachaneeKorn-r4o,0,GoNoodle 7❤🎉❤🎉,bIRj8qt92NE
@RoaaAhmed-g7z,0,❤❤❤❤😂😂😂😂😂😂,bIRj8qt92NE
@giebejonassetimo2386,0,Apparently Ronaldo's son doesn't like cameras very much. 😂,bIRj8qt92NE
@AiminathDhiyaana-yy1xb,0,😂😂😂,bIRj8qt92NE
@Risadislam-e8n,0,রোনাল্ডো আমার ফ্যান,bIRj8qt92NE
@Dcoba666,0,Why Jr can't handshake other players?,bIRj8qt92NE
@rushaidraza6470,0,❤❤❤,bIRj8qt92NE
@VuqarSalahov-qh8op,0,😂😂😂😂😂😂😂😂😂,bIRj8qt92NE
@GabrielGonzalez-h4p,0,Y,bIRj8qt92NE
@AYUSHHYPUNTERNINJA,0,Song name plz,bIRj8qt92NE
@yogalovemana,2,"Yo.  Lakers look like they need an early vacation from the playoffs. LBJ looking slow, Luka looking slow, Reaves looking like he is struggling along with the rest of the team. Minnesota should sweep LAL.",9mEhaQQ0C8Y
@lisam.willson1679,2,"Ant Man, Spider Man, Iron Man... Lakers to Cancun in 5.",9mEhaQQ0C8Y
@dariuscarroll9863,1,"""Everybody acting tough when they up""",9mEhaQQ0C8Y
@jccereso,1,lets sex,9mEhaQQ0C8Y
@brandblue8980,1,LeBron still here 5:27 still got it,9mEhaQQ0C8Y
@laurenhunt9646,1,Come on Lakers that was pathetic. Y'all had off too long and y'all better do something about it in the next game,9mEhaQQ0C8Y
@RusticParley53,1,Reid was showing off 😂😂😂,9mEhaQQ0C8Y
@RusticParley53,1,Bta😂,9mEhaQQ0C8Y
@robt4730,1,Let’s go Anthony Edwards all of Atlanta rooting for you since the Hawks are out,9mEhaQQ0C8Y
@neogamerfort9632,1,“Anthony Edwards’s hotter then fish Greece” wtf is that supposed to mean☠️☠️,9mEhaQQ0C8Y
@jerrygergich9250,1,8:30 Naz and McDaniels start walking away knowing Ant's gonna make that 3,9mEhaQQ0C8Y
@Bobbocamp,1,Why show lebrons block on NAW but skip over both naz and Rudy’s block on Lebron? They didn’t even win and the bias is still crazy.,9mEhaQQ0C8Y
@B00mG0esTheDyn0mite,1,"😂 LeStat James got his numbers so no worries, he'll get better stats next game 😅 he also made the Wolves better playing defense.",9mEhaQQ0C8Y
@DraiperJackson,1,Jamaica in 5😂😂😂,9mEhaQQ0C8Y
@lenen4337,1,"Time to retire old man, if you have any decency left. The past five years have just been stat padding for LeBum",9mEhaQQ0C8Y
@SockDaddy,1,Lakers in 5,9mEhaQQ0C8Y
@realtalkphph,1,my lakers is in trouble,9mEhaQQ0C8Y
@djsbooksandgames,0,"Naz ""Quick Release"" Reid 🔥🔥🔥",9mEhaQQ0C8Y
@roygraham8424,0,Bron needs to cut that shit off,9mEhaQQ0C8Y
@Swinn10,0,So Naz and Jaden didnt play like Tracey McGrady tonight,9mEhaQQ0C8Y
@youngestclub,411,Via. (@ashlynpinner) and (@brandongray_usf) on Insta,VXg71E3HBxk
@Mordikay211,2,You may not like it but this is what peak male performance look like.,VXg71E3HBxk
@TICTACBOYONE,1,AWESOME 🔥🔥🔥,VXg71E3HBxk
@KasperFrederikChristiansen,1,This is so darn impressive! O.O,VXg71E3HBxk
@mrhuge4750,1,"This guy is a true True piece of machinery marvel needs to make a comic about him call him the 
“ sheer leader “ Maybe he could be hoax cousin  but he definitely ain’t green!
And she could be the black panthers unknown sister “ Tumble Bee “ just saying.",VXg71E3HBxk
@bleachedout805,1,Dude still needs to lose weight.,VXg71E3HBxk
@javanarowe1119,1,Excellent,VXg71E3HBxk
@silly_goofs,1,the trick to building a tall tower is to have a strong base,VXg71E3HBxk
@kosfriendly_3577,0,"Football coach like ""damn I wish he would play ball""😂",VXg71E3HBxk
@otureisio4348,0,That takes a lot of strength to lift a body like that btt fuck that bro I'm training with weights and my own body weight haha,VXg71E3HBxk
@tankermedic,0,That base/ spotter had such a happy smile at the end.,VXg71E3HBxk
@NoxMortem,0,Bro and her look so happy ^^,VXg71E3HBxk
@indigopentagram3330,0,WITH ONE HAND !!,VXg71E3HBxk
@elizabethbushby6054,0,Pure Gold ❤,VXg71E3HBxk
@sarroska7116,0,"My friend Josh was a cheerleader in highschool and he was always very proud of it. As he should be 😁✌️
Because of that he knew how to get the knots out of my back 😂😂😂",VXg71E3HBxk
@scribble3478,0,Strong dude.,VXg71E3HBxk
@VincentMafnas-od5jp,0,They would make a nice couple,VXg71E3HBxk
@xiarose9913,0,His core is strong as hell and he is doing it alone😮,VXg71E3HBxk
@EmmtheOriginallyLegal1andOnly,0,"This guy just handles the people who called him him fat by inviting them to the cheer competition. They all leave like ""'Fatboy' can hold a cheerleader over his head in one hand.""",VXg71E3HBxk
@oprizalovic,0,"Damn, man got the physique",VXg71E3HBxk
@ActiveBlast,775,Should this count? 💀,cYWBaP6YDN0
@madmad557,20,I think it's not Fair and they shouldn't be playing in that kind of weather. He should have got it in the goal but because of the puddle. He couldn't get it in the goal,cYWBaP6YDN0
@jaswinderkaur-lt3sl,18,"""The black team"" me thinking something else 💀💀💀",cYWBaP6YDN0
@Tyler-k9g,6,Definition of homefield advantage,cYWBaP6YDN0
@christinawhite-w8b,2,He will remember this all his life ❤😂😂😂❤❤❤😂,cYWBaP6YDN0
@Kwak-t6p,1,Aiku has been reincarnated into a mud pile,cYWBaP6YDN0
@mamunrashid9645,1,Mother nature was like NoT tOdAy,cYWBaP6YDN0
@spamproductionslool,1,"99% yap
1% ball",cYWBaP6YDN0
@Dal-Bafle,1,If you ever feel useless just remember *the explanation he gave* 🙃,cYWBaP6YDN0
@n2208989,1,The black team,cYWBaP6YDN0
@matthew7937,1,Pitch looking lovely today lads,cYWBaP6YDN0
@Mate-d8s,1,Bro got mother nature as GK,cYWBaP6YDN0
@sam-yy8er,1,"Water❌️
God✅️",cYWBaP6YDN0
@ramiromagana492,0,Ayo nah the poddle of water be like😎😎😎👻☠️☠️💯,cYWBaP6YDN0
@YINZ911,0,Bro the puddle is the best goalkeeper,cYWBaP6YDN0
@Mr_rizz123,0,Mud unlocked metavision,cYWBaP6YDN0
@gamersimbol,0,nope is dosen t count,cYWBaP6YDN0
@Pooping_panther123,0,It went pass the line,cYWBaP6YDN0
@gamer_4530,0,"Epic goal ❎
Disallowed goal ✅",cYWBaP6YDN0
@Ohhellnah10,0,Average sunday league pitch in june:,cYWBaP6YDN0
